dataset,seed,config_id,direction,selector,selector_title,allocation,allocation_title,selector_hypothesis,allocation_hypothesis,budget_total,budget_mean,label_positive_rate_train,alpha,val_ndcg10,val_mrr10,val_recall100,test_ndcg10,test_mrr10,test_recall100,delta_base_ndcg10,delta_base_mrr10,delta_base_recall100,feedback_positive_rate,queries_with_positive_rate,mean_rank_percentile,semantic_diversity,unique_doc_fraction
cranfield,0,uniform__random,Uniform per-query budget + Random exploration,random,Random exploration,uniform,Uniform per-query budget,A random but reproducible sample is a strong unbiased control.,Give every query the same number of feedback calls.,1212,12.0,0.10434120335110435,0.2,0.4519332352215115,0.5422385620915032,0.7523796056884292,0.40655640346060345,0.5473456790123457,0.7351801901801901,0.006627234824064465,0.00925925925925919,-0.006004489337822716,0.0297029702970297,0.3069306930693069,0.06725808240399503,0.7516964727109021,0.6377887788778878
cranfield,0,uniform__top_base,Uniform per-query budget + Top current-retriever candidates,top_base,Top current-retriever candidates,uniform,Uniform per-query budget,Exploit the current retriever's highest-scoring documents.,Give every query the same number of feedback calls.,1212,12.0,0.22467631378522468,0.2,0.4567189576733422,0.5480742296918768,0.7752978434963728,0.41914932115687825,0.5239153439153439,0.7268805268805268,0.019220152520339262,-0.014171075837742575,-0.014304152637485967,0.16006600660066006,0.7128712871287128,0.00482487408044708,0.530569031023153,0.6072607260726073
cranfield,0,uniform__uniform_rank,Uniform per-query budget + Uniform rank coverage,uniform_rank,Uniform rank coverage,uniform,Uniform per-query budget,Spread labels across the whole candidate ranking instead of only its head.,Give every query the same number of feedback calls.,1212,12.0,0.11576542269611577,0.2,0.4575414949370482,0.537861811391223,0.7468025642657996,0.4087948101653227,0.5306084656084656,0.7245621045621046,0.008865641528783719,-0.007477954144620824,-0.016622574955908243,0.04207920792079208,0.37623762376237624,0.03039181606210891,0.7004725555382153,0.6254125412541254
cranfield,0,uniform__head_tail,Uniform per-query budget + Head–tail mixture,head_tail,Head–tail mixture,uniform,Uniform per-query budget,Label both likely positives/hard negatives and clear negatives.,Give every query the same number of feedback calls.,1212,12.0,0.16984006092916984,0.2,0.45400877449512594,0.5378618113912231,0.7728627989657402,0.40835972933878634,0.5197442680776014,0.7450567333900666,0.008430560702247347,-0.01834215167548503,0.0038720538720538045,0.10066006600660066,0.5643564356435643,0.13475266167826386,0.7300480108449955,0.6320132013201321
cranfield,0,uniform__top_bm25,Uniform per-query budget + Lexical-first selection,top_bm25,Lexical-first selection,uniform,Uniform per-query budget,Spend feedback on BM25's strongest candidates.,Give every query the same number of feedback calls.,1212,12.0,0.21553693830921553,0.0,0.45183134558463045,0.5438725490196079,0.7390804048892283,0.399929168636539,0.5380864197530865,0.7411846795180128,0.0,0.0,0.0,0.15016501650165018,0.693069306930693,0.007648082800430826,0.5944010832227102,0.6064356435643564
cranfield,0,uniform__top_lsa,Uniform per-query budget + Semantic-first selection,top_lsa,Semantic-first selection,uniform,Uniform per-query budget,Spend feedback on latent-semantic candidates.,Give every query the same number of feedback calls.,1212,12.0,0.2261995430312262,0.0,0.45183134558463045,0.5438725490196079,0.7390804048892283,0.399929168636539,0.5380864197530865,0.7411846795180128,0.0,0.0,0.0,0.1617161716171617,0.7029702970297029,0.013702619882306644,0.41722429565864033,0.6105610561056105
cranfield,0,uniform__top_char,Uniform per-query budget + Character-robust selection,top_char,Character-robust selection,uniform,Uniform per-query budget,Favor candidates supported by character-level similarity.,Give every query the same number of feedback calls.,1212,12.0,0.21096725057121096,0.2,0.45208546325736826,0.530672268907563,0.7209929163973281,0.40194729604419016,0.5150264550264549,0.6728155178155178,0.0020181274076511713,-0.02305996472663152,-0.06836916170249496,0.14521452145214522,0.6633663366336634,0.013996323195621125,0.5968989206127601,0.5915841584158416
cranfield,0,uniform__top_title,Uniform per-query budget + Title-focused selection,top_title,Title-focused selection,uniform,Uniform per-query budget,Favor concise title evidence before full-document evidence.,Give every query the same number of feedback calls.,1212,12.0,0.16450875856816452,0.0,0.45183134558463045,0.5438725490196079,0.7390804048892283,0.399929168636539,0.5380864197530865,0.7411846795180128,0.0,0.0,0.0,0.09488448844884488,0.5148514851485149,0.014794276492430432,0.632111254600015,0.5907590759075908
cranfield,0,uniform__rrf_consensus,Uniform per-query budget + Multi-retriever consensus,rrf_consensus,Multi-retriever consensus,uniform,Uniform per-query budget,Reward candidates jointly supported by several retrievers.,Give every query the same number of feedback calls.,1212,12.0,0.22239146991622238,0.2,0.46110019236923677,0.5535014005602241,0.7855919611434317,0.416169879711837,0.523395061728395,0.729534847868181,0.01624071107529801,-0.014691358024691459,-0.011649831649831799,0.15759075907590758,0.6831683168316832,0.005312609446324138,0.5286590227543717,0.6014851485148515
cranfield,0,uniform__retriever_disagreement,Uniform per-query budget + Retriever disagreement,retriever_disagreement,Retriever disagreement,uniform,Uniform per-query budget,"Label pairs on which lexical, character and semantic retrievers disagree.",Give every query the same number of feedback calls.,1212,12.0,0.17364813404417365,0.2,0.45377434946758927,0.5524509803921568,0.7343317426038014,0.4001026561853384,0.5434215167548501,0.7171913271913272,0.00017348754879942252,0.0053350970017636,-0.023993352326685646,0.10478547854785479,0.6237623762376238,0.045778807682959555,0.5723746618126878,0.5973597359735974
cranfield,0,uniform__uncertainty,Uniform per-query budget + Current-model uncertainty,uncertainty,Current-model uncertainty,uniform,Uniform per-query budget,Label candidates nearest the current model's decision boundary.,Give every query the same number of feedback calls.,1212,12.0,0.12185833968012186,0.2,0.4557585511207169,0.5366363211951447,0.7496426775838541,0.4147889276199362,0.5479629629629629,0.7447480914147581,0.014859758983397198,0.00987654320987641,0.00356341189674525,0.04867986798679868,0.33663366336633666,0.062019782294534614,0.6585552606842305,0.6122112211221122
cranfield,0,uniform__committee,Uniform per-query budget + Bootstrap committee disagreement,committee,Bootstrap committee disagreement,uniform,Uniform per-query budget,Use epistemic disagreement across cheap student replicas.,Give every query the same number of feedback calls.,1212,12.0,0.11348057882711349,0.2,0.45398462868230316,0.5422385620915032,0.7630588773971126,0.40916068006927897,0.536111111111111,0.7462913012913013,0.00923151143273998,-0.0019753086419754817,0.005106621773288467,0.039603960396039604,0.31683168316831684,0.08053666181100083,0.7314289409925442,0.5412541254125413
cranfield,0,uniform__false_positive,Uniform per-query budget + Likely false-positive hunting,false_positive,Likely false-positive hunting,uniform,Uniform per-query budget,Inspect high-ranked candidates the current model distrusts.,Give every query the same number of feedback calls.,1212,12.0,0.08301599390708302,0.8,0.45558427615006675,0.564950980392157,0.5923667427343898,0.40206054367986443,0.5000617283950617,0.5677183310516644,0.0021313750433254453,-0.038024691358024776,-0.17346634846634845,0.006600660066006601,0.0594059405940594,0.04695775022994567,0.8454252640799721,0.5726072607260726
cranfield,0,uniform__false_negative,Uniform per-query budget + Likely false-negative hunting,false_negative,Likely false-negative hunting,uniform,Uniform per-query budget,Inspect low-ranked candidates the current model considers promising.,Give every query the same number of feedback calls.,1212,12.0,0.13252094440213252,0.0,0.45183134558463045,0.5438725490196079,0.7390804048892283,0.399929168636539,0.5380864197530865,0.7411846795180128,0.0,0.0,0.0,0.06023102310231023,0.37623762376237624,0.17082451456057357,0.6688482368936634,0.58003300330033
cranfield,0,uniform__coverage,Uniform per-query budget + Query-term coverage,coverage,Query-term coverage,uniform,Uniform per-query budget,Prefer documents covering more of the query's content.,Give every query the same number of feedback calls.,1212,12.0,0.19954303122619954,0.0,0.45183134558463045,0.5438725490196079,0.7390804048892283,0.399929168636539,0.5380864197530865,0.7411846795180128,0.0,0.0,0.0,0.13283828382838284,0.6534653465346535,0.012053044666551521,0.597818245096962,0.5693069306930693
cranfield,0,uniform__rank_strata,Uniform per-query budget + Rank-stratified sampling,rank_strata,Rank-stratified sampling,uniform,Uniform per-query budget,Guarantee supervision from each rank band.,Give every query the same number of feedback calls.,1212,12.0,0.12947448591012947,0.2,0.45401375809042394,0.5373366013071896,0.7389984198807729,0.41247361923345616,0.528641975308642,0.7231613448280114,0.012544450596917167,-0.009444444444444478,-0.01802333469000139,0.05693069306930693,0.44554455445544555,0.03135431334130442,0.6548824499149134,0.613036303630363
cranfield,0,uniform__mmr_relevance,Uniform per-query budget + Relevance–diversity MMR,mmr_relevance,Relevance–diversity MMR,uniform,Uniform per-query budget,Balance likely relevance with non-redundant documents.,Give every query the same number of feedback calls.,1212,12.0,0.1485148514851485,0.0,0.45183134558463045,0.5438725490196079,0.7390804048892283,0.399929168636539,0.5380864197530865,0.7411846795180128,0.0,0.0,0.0,0.07755775577557755,0.5148514851485149,0.017169264332689466,0.7666289641125368,0.6097359735973598
cranfield,0,uniform__mmr_uncertainty,Uniform per-query budget + Uncertainty–diversity MMR,mmr_uncertainty,Uncertainty–diversity MMR,uniform,Uniform per-query budget,Cover multiple uncertain semantic regions.,Give every query the same number of feedback calls.,1212,12.0,0.10891089108910891,0.2,0.45706718789961825,0.5373366013071896,0.7593211322990735,0.4171776606105796,0.5391358024691357,0.7549332765999431,0.017248491974040603,0.001049382716049263,0.013748597081930325,0.034653465346534656,0.297029702970297,0.09086641167650128,0.7944160629026961,0.6278877887788779
cranfield,0,uniform__farthest_first,Uniform per-query budget + Semantic k-center coverage,farthest_first,Semantic k-center coverage,uniform,Uniform per-query budget,Cover the candidate manifold with farthest-first traversal.,Give every query the same number of feedback calls.,1212,12.0,0.08149276466108149,0.2,0.45432972672685146,0.5420751633986929,0.7765596943905768,0.41802827536218223,0.5412345679012346,0.756642678309345,0.018099106725643244,0.003148148148148122,0.01545799879133214,0.0049504950495049506,0.0594059405940594,0.09276486864381105,0.9099589078733237,0.6089108910891089
cranfield,0,uniform__cluster_representatives,Uniform per-query budget + Candidate-cluster representatives,cluster_representatives,Candidate-cluster representatives,uniform,Uniform per-query budget,Take representative documents from multiple semantic clusters.,Give every query the same number of feedback calls.,1212,12.0,0.12795125666412796,0.0,0.45183134558463045,0.5438725490196079,0.7390804048892283,0.399929168636539,0.5380864197530865,0.7411846795180128,0.0,0.0,0.0,0.05528052805280528,0.4158415841584158,0.04986411633074481,0.7619138790829347,0.5437293729372937
cranfield,0,uniform__center_outlier_mix,Uniform per-query budget + Typical–outlier mixture,center_outlier_mix,Typical–outlier mixture,uniform,Uniform per-query budget,Label both dense-region representatives and unusual candidates.,Give every query the same number of feedback calls.,1212,12.0,0.12185833968012186,0.0,0.45183134558463045,0.5438725490196079,0.7390804048892283,0.399929168636539,0.5380864197530865,0.7411846795180128,0.0,0.0,0.0,0.04867986798679868,0.38613861386138615,0.0725919258083054,0.7646338821637748,0.5173267326732673
cranfield,0,uniform__hard_negative,Uniform per-query budget + Hard-negative proxy,hard_negative,Hard-negative proxy,uniform,Uniform per-query budget,Prioritize high retrieval score but low relevance probability.,Give every query the same number of feedback calls.,1212,12.0,0.09520182787509521,0.0,0.45183134558463045,0.5438725490196079,0.7390804048892283,0.399929168636539,0.5380864197530865,0.7411846795180128,0.0,0.0,0.0,0.019801980198019802,0.1782178217821782,0.02652295169853928,0.8047208738799142,0.5825082508250825
cranfield,0,uniform__leverage,Uniform per-query budget + Feature-space leverage,leverage,Feature-space leverage,uniform,Uniform per-query budget,Select statistically influential examples in the student feature space.,Give every query the same number of feedback calls.,1212,12.0,0.14242193450114243,0.2,0.45408110187646367,0.5383169934640523,0.7787451519069167,0.40808966175914435,0.5263227513227513,0.7450567333900666,0.008160493122605361,-0.011763668430335161,0.0038720538720538045,0.07095709570957096,0.49504950495049505,0.11463692695787638,0.7793784784798575,0.5866336633663366
cranfield,0,uniform__d_optimal,Uniform per-query budget + D-optimal experimental design,d_optimal,D-optimal experimental design,uniform,Uniform per-query budget,Choose a set that maximizes feature-space information volume.,Give every query the same number of feedback calls.,1212,12.0,0.13861386138613863,0.2,0.4543335393571126,0.5373366013071896,0.7787451519069167,0.40779015675092706,0.5265079365079365,0.7462913012913013,0.007860988114388068,-0.011578483245149984,0.005106621773288467,0.06683168316831684,0.5148514851485149,0.09168736690735266,0.7675509759695223,0.5717821782178217
cranfield,0,uniform__portfolio,Uniform per-query budget + Diversified policy portfolio,portfolio,Diversified policy portfolio,uniform,Uniform per-query budget,"Hedge across exploitation, uncertainty, disagreement, coverage and diversity.",Give every query the same number of feedback calls.,1212,12.0,0.1744097486671744,0.2,0.4572422921391451,0.5422385620915032,0.7630588773971126,0.41608526585748096,0.5350617283950617,0.7462913012913013,0.016156097220941967,-0.0030246913580247448,0.005106621773288467,0.10561056105610561,0.6039603960396039,0.04770203475708222,0.691872114297187,0.6320132013201321
cranfield,0,difficulty__random,Difficulty-adaptive budget + Random exploration,random,Random exploration,difficulty,Difficulty-adaptive budget,A random but reproducible sample is a strong unbiased control.,Allocate more labels to low-confidence/high-entropy queries.,1212,12.0,0.10586443259710586,0.4,0.4526292869601389,0.5381069094304387,0.6986718347012465,0.4158246265059257,0.5368518518518518,0.6934969968303301,0.01589545786938673,-0.0012345679012346622,-0.04768768268768275,0.03135313531353135,0.32673267326732675,0.06800177742545754,0.751996633439961,0.6361386138613861
cranfield,0,difficulty__top_base,Difficulty-adaptive budget + Top current-retriever candidates,top_base,Top current-retriever candidates,difficulty,Difficulty-adaptive budget,Exploit the current retriever's highest-scoring documents.,Allocate more labels to low-confidence/high-entropy queries.,1212,12.0,0.2162985529322163,0.2,0.4614184926652368,0.5529761904761905,0.7719264599779305,0.4129094626086031,0.519347442680776,0.7203739470406137,0.012980293972064127,-0.018738977072310425,-0.020810732477399063,0.15099009900990099,0.6732673267326733,0.0047399468056046135,0.5170738930159277,0.6146864686468647
cranfield,0,difficulty__uniform_rank,Difficulty-adaptive budget + Uniform rank coverage,uniform_rank,Uniform rank coverage,difficulty,Difficulty-adaptive budget,Spread labels across the whole candidate ranking instead of only its head.,Allocate more labels to low-confidence/high-entropy queries.,1212,12.0,0.11576542269611577,0.2,0.46045483113146723,0.5329598506069094,0.7497437407363878,0.41046559731758103,0.5283597883597884,0.7263094929761595,0.010536428681042043,-0.009726631393298102,-0.01487518654185327,0.04207920792079208,0.36633663366336633,0.02988638682137228,0.6974203642642144,0.6188118811881188
cranfield,0,difficulty__head_tail,Difficulty-adaptive budget + Head–tail mixture,head_tail,Head–tail mixture,difficulty,Difficulty-adaptive budget,Label both likely positives/hard negatives and clear negatives.,Allocate more labels to low-confidence/high-entropy queries.,1212,12.0,0.16755521706016754,0.2,0.45340501751386475,0.5378618113912231,0.7760713551154728,0.41113243407429395,0.5286067019400353,0.7450567333900666,0.011203265437754961,-0.009479717813051125,0.0038720538720538045,0.09818481848184818,0.5742574257425742,0.13235526411446802,0.7269801668601461,0.6303630363036303
cranfield,0,difficulty__top_bm25,Difficulty-adaptive budget + Lexical-first selection,top_bm25,Lexical-first selection,difficulty,Difficulty-adaptive budget,Spend feedback on BM25's strongest candidates.,Allocate more labels to low-confidence/high-entropy queries.,1212,12.0,0.21096725057121096,0.0,0.45183134558463045,0.5438725490196079,0.7390804048892283,0.399929168636539,0.5380864197530865,0.7411846795180128,0.0,0.0,0.0,0.14521452145214522,0.7029702970297029,0.007816166423334934,0.5847407259268336,0.613036303630363
cranfield,0,difficulty__top_lsa,Difficulty-adaptive budget + Semantic-first selection,top_lsa,Semantic-first selection,difficulty,Difficulty-adaptive budget,Spend feedback on latent-semantic candidates.,Allocate more labels to low-confidence/high-entropy queries.,1212,12.0,0.22391469916222392,0.0,0.45183134558463045,0.5438725490196079,0.7390804048892283,0.399929168636539,0.5380864197530865,0.7411846795180128,0.0,0.0,0.0,0.15924092409240925,0.7128712871287128,0.014146713878061904,0.4101857748067025,0.6138613861386139
cranfield,0,difficulty__top_char,Difficulty-adaptive budget + Character-robust selection,top_char,Character-robust selection,difficulty,Difficulty-adaptive budget,Favor candidates supported by character-level similarity.,Allocate more labels to low-confidence/high-entropy queries.,1212,12.0,0.20715917745620716,0.2,0.45429570094073785,0.5365196078431372,0.7236405138978669,0.40792260567503275,0.5194444444444445,0.6814134014134015,0.007993437038493756,-0.018641975308641978,-0.05977127810461136,0.14108910891089108,0.6732673267326733,0.014365516775118636,0.5925113092554678,0.5874587458745875
cranfield,0,difficulty__top_title,Difficulty-adaptive budget + Title-focused selection,top_title,Title-focused selection,difficulty,Difficulty-adaptive budget,Favor concise title evidence before full-document evidence.,Allocate more labels to low-confidence/high-entropy queries.,1212,12.0,0.1607006854531607,0.0,0.45183134558463045,0.5438725490196079,0.7390804048892283,0.399929168636539,0.5380864197530865,0.7411846795180128,0.0,0.0,0.0,0.09075907590759076,0.504950495049505,0.014683400591214498,0.63203230588743,0.5792079207920792
cranfield,0,difficulty__rrf_consensus,Difficulty-adaptive budget + Multi-retriever consensus,rrf_consensus,Multi-retriever consensus,difficulty,Difficulty-adaptive budget,Reward candidates jointly supported by several retrievers.,Allocate more labels to low-confidence/high-entropy queries.,1212,12.0,0.21325209444021326,0.2,0.46148595251628993,0.5554271708683474,0.7645546651061357,0.41574501223661364,0.521410934744268,0.7216085149418482,0.015815843600074653,-0.016675485008818436,-0.019576164576164623,0.1476897689768977,0.6831683168316832,0.0052636590826235985,0.5192070279528599,0.6047854785478548
cranfield,0,difficulty__retriever_disagreement,Difficulty-adaptive budget + Retriever disagreement,retriever_disagreement,Retriever disagreement,difficulty,Difficulty-adaptive budget,"Label pairs on which lexical, character and semantic retrievers disagree.",Allocate more labels to low-confidence/high-entropy queries.,1212,12.0,0.16755521706016754,0.4,0.4533408319509558,0.5512254901960785,0.6830112697759757,0.39269129058326274,0.532063492063492,0.6665575165575165,-0.007237878053276248,-0.006022927689594448,-0.07462716296049632,0.09818481848184818,0.6336633663366337,0.04845162675325627,0.5680685496271247,0.599009900990099
cranfield,0,difficulty__uncertainty,Difficulty-adaptive budget + Current-model uncertainty,uncertainty,Current-model uncertainty,difficulty,Difficulty-adaptive budget,Label candidates nearest the current model's decision boundary.,Allocate more labels to low-confidence/high-entropy queries.,1212,12.0,0.11652703731911652,0.2,0.4529819856533035,0.5366363211951447,0.745782383466207,0.41545378671671435,0.5501234567901234,0.7438649005315671,0.015524618080175356,0.012037037037036957,0.0026802210135542515,0.0429042904290429,0.33663366336633666,0.06161756188956031,0.6568400001171792,0.6196369636963697
cranfield,0,difficulty__committee,Difficulty-adaptive budget + Bootstrap committee disagreement,committee,Bootstrap committee disagreement,difficulty,Difficulty-adaptive budget,Use epistemic disagreement across cheap student replicas.,Allocate more labels to low-confidence/high-entropy queries.,1212,12.0,0.11043412033511044,0.0,0.45183134558463045,0.5438725490196079,0.7390804048892283,0.399929168636539,0.5380864197530865,0.7411846795180128,0.0,0.0,0.0,0.036303630363036306,0.31683168316831684,0.08354859649151465,0.7297709911766619,0.5354785478547854
cranfield,0,difficulty__false_positive,Difficulty-adaptive budget + Likely false-positive hunting,false_positive,Likely false-positive hunting,difficulty,Difficulty-adaptive budget,Inspect high-ranked candidates the current model distrusts.,Allocate more labels to low-confidence/high-entropy queries.,1212,12.0,0.08149276466108149,0.2,0.4535025842410268,0.5410130718954249,0.7786618814192344,0.4151247045886672,0.5480864197530864,0.7602397602397601,0.015195535952128192,0.009999999999999898,0.01905508072174733,0.0049504950495049506,0.0594059405940594,0.04770557356156138,0.8443877927147516,0.5742574257425742
cranfield,0,difficulty__false_negative,Difficulty-adaptive budget + Likely false-negative hunting,false_negative,Likely false-negative hunting,difficulty,Difficulty-adaptive budget,Inspect low-ranked candidates the current model considers promising.,Allocate more labels to low-confidence/high-entropy queries.,1212,12.0,0.12947448591012947,0.0,0.45183134558463045,0.5438725490196079,0.7390804048892283,0.399929168636539,0.5380864197530865,0.7411846795180128,0.0,0.0,0.0,0.05693069306930693,0.38613861386138615,0.16995048163944346,0.6671347697772602,0.5676567656765676
cranfield,0,difficulty__coverage,Difficulty-adaptive budget + Query-term coverage,coverage,Query-term coverage,difficulty,Difficulty-adaptive budget,Prefer documents covering more of the query's content.,Allocate more labels to low-confidence/high-entropy queries.,1212,12.0,0.19801980198019803,0.0,0.45183134558463045,0.5438725490196079,0.7390804048892283,0.399929168636539,0.5380864197530865,0.7411846795180128,0.0,0.0,0.0,0.1311881188118812,0.6633663366336634,0.012761943411118913,0.5934029886923214,0.5726072607260726
cranfield,0,difficulty__rank_strata,Difficulty-adaptive budget + Rank-stratified sampling,rank_strata,Rank-stratified sampling,difficulty,Difficulty-adaptive budget,Guarantee supervision from each rank band.,Allocate more labels to low-confidence/high-entropy queries.,1212,12.0,0.12718964204112718,0.2,0.45623506336307645,0.5373366013071896,0.7515819760305055,0.4105905802875314,0.5289153439153439,0.7253835670502338,0.010661411650992436,-0.00917107583774257,-0.015801112467779044,0.054455445544554455,0.43564356435643564,0.03051448635535665,0.6491599590471475,0.6155115511551155
cranfield,0,difficulty__mmr_relevance,Difficulty-adaptive budget + Relevance–diversity MMR,mmr_relevance,Relevance–diversity MMR,difficulty,Difficulty-adaptive budget,Balance likely relevance with non-redundant documents.,Allocate more labels to low-confidence/high-entropy queries.,1212,12.0,0.14927646610814926,0.2,0.46003285854876114,0.5544934640522877,0.7649788120376355,0.4142403383686109,0.5346825396825396,0.7246949346949347,0.014311169732071916,-0.0034038800705468164,-0.01648974482307808,0.07838283828382839,0.5148514851485149,0.015926037979598094,0.7631641222108708,0.6179867986798679
cranfield,0,difficulty__mmr_uncertainty,Difficulty-adaptive budget + Uncertainty–diversity MMR,mmr_uncertainty,Uncertainty–diversity MMR,difficulty,Difficulty-adaptive budget,Cover multiple uncertain semantic regions.,Allocate more labels to low-confidence/high-entropy queries.,1212,12.0,0.10586443259710586,0.2,0.4569005905088896,0.5366363211951447,0.7563799558284852,0.41935631140683194,0.5391358024691357,0.7549332765999431,0.01942714277029295,0.001049382716049263,0.013748597081930325,0.03135313531353135,0.297029702970297,0.09037985512525729,0.7933611090820615,0.6270627062706271
cranfield,0,difficulty__farthest_first,Difficulty-adaptive budget + Semantic k-center coverage,farthest_first,Semantic k-center coverage,difficulty,Difficulty-adaptive budget,Cover the candidate manifold with farthest-first traversal.,Allocate more labels to low-confidence/high-entropy queries.,1212,12.0,0.08377760853008377,1.0,0.45293724726244783,0.571078431372549,0.7219104629031099,0.40794307907562505,0.5546296296296296,0.7041746525079858,0.008013910439086058,0.01654320987654312,-0.03701002701002698,0.007425742574257425,0.0891089108910891,0.09292351565148571,0.9086442991058425,0.6056105610561056
cranfield,0,difficulty__cluster_representatives,Difficulty-adaptive budget + Candidate-cluster representatives,cluster_representatives,Candidate-cluster representatives,difficulty,Difficulty-adaptive budget,Take representative documents from multiple semantic clusters.,Allocate more labels to low-confidence/high-entropy queries.,1212,12.0,0.11805026656511805,0.0,0.45183134558463045,0.5438725490196079,0.7390804048892283,0.399929168636539,0.5380864197530865,0.7411846795180128,0.0,0.0,0.0,0.04455445544554455,0.39603960396039606,0.050368955918271154,0.7633870456478383,0.5387788778877888
cranfield,0,difficulty__center_outlier_mix,Difficulty-adaptive budget + Typical–outlier mixture,center_outlier_mix,Typical–outlier mixture,difficulty,Difficulty-adaptive budget,Label both dense-region representatives and unusual candidates.,Allocate more labels to low-confidence/high-entropy queries.,1212,12.0,0.1172886519421173,0.0,0.45183134558463045,0.5438725490196079,0.7390804048892283,0.399929168636539,0.5380864197530865,0.7411846795180128,0.0,0.0,0.0,0.04372937293729373,0.39603960396039606,0.07291334818298667,0.7682718664112658,0.5165016501650165
cranfield,0,difficulty__hard_negative,Difficulty-adaptive budget + Hard-negative proxy,hard_negative,Hard-negative proxy,difficulty,Difficulty-adaptive budget,Prioritize high retrieval score but low relevance probability.,Allocate more labels to low-confidence/high-entropy queries.,1212,12.0,0.09291698400609291,0.2,0.45431020549286,0.5361111111111111,0.7717802826258708,0.4152394289172429,0.547716049382716,0.7207870524537191,0.015310260280703925,0.009629629629629544,-0.02039762706429371,0.017326732673267328,0.1782178217821782,0.028051035189785974,0.8025975563738605,0.5783828382838284
cranfield,0,difficulty__leverage,Difficulty-adaptive budget + Feature-space leverage,leverage,Feature-space leverage,difficulty,Difficulty-adaptive budget,Select statistically influential examples in the student feature space.,Allocate more labels to low-confidence/high-entropy queries.,1212,12.0,0.13556740289413557,0.2,0.4564343095773651,0.5397875816993464,0.7787451519069167,0.40872337916548557,0.5274338624338624,0.7450567333900666,0.008794210528946578,-0.010652557319224099,0.0038720538720538045,0.06353135313531354,0.4752475247524752,0.11582530548076818,0.7796602550119457,0.5816831683168316
cranfield,0,difficulty__d_optimal,Difficulty-adaptive budget + D-optimal experimental design,d_optimal,D-optimal experimental design,difficulty,Difficulty-adaptive budget,Choose a set that maximizes feature-space information volume.,Allocate more labels to low-confidence/high-entropy queries.,1212,12.0,0.13328255902513328,0.4,0.45524708261399793,0.5424719887955182,0.7870172107304461,0.4048872269428865,0.4902733686067019,0.7538221654888321,0.00495805830634749,-0.047813051146384566,0.012637485970819262,0.06105610561056106,0.5346534653465347,0.0921332305020625,0.7680000940171798,0.5833333333333334
cranfield,0,difficulty__portfolio,Difficulty-adaptive budget + Diversified policy portfolio,portfolio,Diversified policy portfolio,difficulty,Difficulty-adaptive budget,"Hedge across exploitation, uncertainty, disagreement, coverage and diversity.",Allocate more labels to low-confidence/high-entropy queries.,1212,12.0,0.17136329017517135,0.2,0.4530312571636494,0.5383169934640523,0.7638130252100841,0.4177876882439295,0.5345061728395062,0.7462913012913013,0.01785851960739049,-0.003580246913580276,0.005106621773288467,0.10231023102310231,0.594059405940594,0.04719306700693892,0.6831928934201156,0.6328382838283828
cranfield,0,disagreement__random,Disagreement-adaptive budget + Random exploration,random,Random exploration,disagreement,Disagreement-adaptive budget,A random but reproducible sample is a strong unbiased control.,Allocate more labels where retrievers and model replicas disagree.,1212,12.0,0.10814927646610815,0.2,0.4520043631141344,0.5422385620915032,0.753500053867701,0.4075655707991241,0.547037037037037,0.7442710992710991,0.007636402162585099,0.008950617283950524,0.0030864197530863224,0.03382838283828383,0.33663366336633666,0.06936177763805138,0.7515258730048,0.6311881188118812
cranfield,0,disagreement__top_base,Disagreement-adaptive budget + Top current-retriever candidates,top_base,Top current-retriever candidates,disagreement,Disagreement-adaptive budget,Exploit the current retriever's highest-scoring documents.,Allocate more labels where retrievers and model replicas disagree.,1212,12.0,0.21858339680121858,0.2,0.46133857386807575,0.5529761904761905,0.7708860787904905,0.4145115135121046,0.5181128747795414,0.7186882870216202,0.01458234487556559,-0.019973544973545088,-0.02249639249639257,0.15346534653465346,0.7029702970297029,0.004762948001965438,0.5221932572450968,0.6105610561056105
cranfield,0,disagreement__uniform_rank,Disagreement-adaptive budget + Uniform rank coverage,uniform_rank,Uniform rank coverage,disagreement,Disagreement-adaptive budget,Spread labels across the whole candidate ranking instead of only its head.,Allocate more labels where retrievers and model replicas disagree.,1212,12.0,0.11576542269611577,0.2,0.45663970938953496,0.5329598506069094,0.7477606747827336,0.40782993421103547,0.5272486772486772,0.7396414696414696,0.007900765574496482,-0.010837742504409276,-0.0015432098765432167,0.04207920792079208,0.36633663366336633,0.03238109668882767,0.6972409120880732,0.6155115511551155
cranfield,0,disagreement__head_tail,Disagreement-adaptive budget + Head–tail mixture,head_tail,Head–tail mixture,disagreement,Disagreement-adaptive budget,Label both likely positives/hard negatives and clear negatives.,Allocate more labels where retrievers and model replicas disagree.,1212,12.0,0.1667936024371668,0.0,0.45183134558463045,0.5438725490196079,0.7390804048892283,0.399929168636539,0.5380864197530865,0.7411846795180128,0.0,0.0,0.0,0.09735973597359736,0.5841584158415841,0.13619228120487514,0.7275428689352357,0.6353135313531353
cranfield,0,disagreement__top_bm25,Disagreement-adaptive budget + Lexical-first selection,top_bm25,Lexical-first selection,disagreement,Disagreement-adaptive budget,Spend feedback on BM25's strongest candidates.,Allocate more labels where retrievers and model replicas disagree.,1212,12.0,0.2086824067022087,0.0,0.45183134558463045,0.5438725490196079,0.7390804048892283,0.399929168636539,0.5380864197530865,0.7411846795180128,0.0,0.0,0.0,0.14273927392739275,0.7029702970297029,0.007733599138338574,0.5877455691299817,0.6138613861386139
cranfield,0,disagreement__top_lsa,Disagreement-adaptive budget + Semantic-first selection,top_lsa,Semantic-first selection,disagreement,Disagreement-adaptive budget,Spend feedback on latent-semantic candidates.,Allocate more labels where retrievers and model replicas disagree.,1212,12.0,0.21858339680121858,0.0,0.45183134558463045,0.5438725490196079,0.7390804048892283,0.399929168636539,0.5380864197530865,0.7411846795180128,0.0,0.0,0.0,0.15346534653465346,0.7029702970297029,0.015256063379470271,0.4118872428737064,0.6204620462046204
cranfield,0,disagreement__top_char,Disagreement-adaptive budget + Character-robust selection,top_char,Character-robust selection,disagreement,Disagreement-adaptive budget,Favor candidates supported by character-level similarity.,Allocate more labels where retrievers and model replicas disagree.,1212,12.0,0.2079207920792079,0.2,0.45668804277139685,0.5370448179271707,0.717004013143719,0.4066823452812316,0.5153703703703704,0.6735989935989936,0.0067531766446926045,-0.022716049382716097,-0.06758568591901926,0.1419141914191419,0.7029702970297029,0.015274935823069154,0.5907286859975003,0.5981848184818482
cranfield,0,disagreement__top_title,Disagreement-adaptive budget + Title-focused selection,top_title,Title-focused selection,disagreement,Disagreement-adaptive budget,Favor concise title evidence before full-document evidence.,Allocate more labels where retrievers and model replicas disagree.,1212,12.0,0.16222391469916222,0.0,0.45183134558463045,0.5438725490196079,0.7390804048892283,0.399929168636539,0.5380864197530865,0.7411846795180128,0.0,0.0,0.0,0.0924092409240924,0.5247524752475248,0.01533155349811705,0.6279956751530713,0.5841584158415841
cranfield,0,disagreement__rrf_consensus,Disagreement-adaptive budget + Multi-retriever consensus,rrf_consensus,Multi-retriever consensus,disagreement,Disagreement-adaptive budget,Reward candidates jointly supported by several retrievers.,Allocate more labels where retrievers and model replicas disagree.,1212,12.0,0.214013709063214,0.2,0.4577582160097201,0.5554271708683474,0.7731330964786848,0.41420437726595205,0.5232627865961199,0.7156825890159223,0.014275208629413061,-0.014823633156966554,-0.025502090502090513,0.1485148514851485,0.6831683168316832,0.005295506257428588,0.520755837828216,0.6064356435643564
cranfield,0,disagreement__retriever_disagreement,Disagreement-adaptive budget + Retriever disagreement,retriever_disagreement,Retriever disagreement,disagreement,Disagreement-adaptive budget,"Label pairs on which lexical, character and semantic retrievers disagree.",Allocate more labels where retrievers and model replicas disagree.,1212,12.0,0.16984006092916984,0.4,0.45322516429911514,0.5512254901960785,0.7017779810059221,0.3928547278173691,0.530952380952381,0.6870155153488486,-0.007074440819169914,-0.007134038800705511,-0.054169164169164175,0.10066006600660066,0.6633663366336634,0.04887625820959362,0.5655461588118336,0.6014851485148515
cranfield,0,disagreement__uncertainty,Disagreement-adaptive budget + Current-model uncertainty,uncertainty,Current-model uncertainty,disagreement,Disagreement-adaptive budget,Label candidates nearest the current model's decision boundary.,Allocate more labels where retrievers and model replicas disagree.,1212,12.0,0.11424219345011424,0.2,0.4527685518573814,0.5366363211951447,0.7487235599367952,0.415198583559089,0.5498148148148148,0.7483093449760116,0.015269414922550018,0.011728395061728292,0.0071246654579988355,0.040429042904290426,0.31683168316831684,0.06223563663046745,0.6564471606570895,0.6245874587458746
cranfield,0,disagreement__committee,Disagreement-adaptive budget + Bootstrap committee disagreement,committee,Bootstrap committee disagreement,disagreement,Disagreement-adaptive budget,Use epistemic disagreement across cheap student replicas.,Allocate more labels where retrievers and model replicas disagree.,1212,12.0,0.10891089108910891,0.0,0.45183134558463045,0.5438725490196079,0.7390804048892283,0.399929168636539,0.5380864197530865,0.7411846795180128,0.0,0.0,0.0,0.034653465346534656,0.2871287128712871,0.08553315905651243,0.7314083697182117,0.5486798679867987
cranfield,0,disagreement__false_positive,Disagreement-adaptive budget + Likely false-positive hunting,false_positive,Likely false-positive hunting,disagreement,Disagreement-adaptive budget,Inspect high-ranked candidates the current model distrusts.,Allocate more labels where retrievers and model replicas disagree.,1212,12.0,0.08225437928408226,0.2,0.45535207026908686,0.5410130718954249,0.7779077336062631,0.41491629827936977,0.5480864197530864,0.7659187725854393,0.014987129642830777,0.009999999999999898,0.024734093067426466,0.005775577557755775,0.06930693069306931,0.04780406428642399,0.8460334722358401,0.5775577557755776
cranfield,0,disagreement__false_negative,Disagreement-adaptive budget + Likely false-negative hunting,false_negative,Likely false-negative hunting,disagreement,Disagreement-adaptive budget,Inspect low-ranked candidates the current model considers promising.,Allocate more labels where retrievers and model replicas disagree.,1212,12.0,0.12414318354912414,0.0,0.45183134558463045,0.5438725490196079,0.7390804048892283,0.399929168636539,0.5380864197530865,0.7411846795180128,0.0,0.0,0.0,0.05115511551155116,0.36633663366336633,0.17726770722039856,0.6667536635800163,0.5643564356435643
cranfield,0,disagreement__coverage,Disagreement-adaptive budget + Query-term coverage,coverage,Query-term coverage,disagreement,Disagreement-adaptive budget,Prefer documents covering more of the query's content.,Allocate more labels where retrievers and model replicas disagree.,1212,12.0,0.19573495811119573,0.0,0.45183134558463045,0.5438725490196079,0.7390804048892283,0.399929168636539,0.5380864197530865,0.7411846795180128,0.0,0.0,0.0,0.12871287128712872,0.6831683168316832,0.01271948001959143,0.5937569778744537,0.5734323432343235
cranfield,0,disagreement__rank_strata,Disagreement-adaptive budget + Rank-stratified sampling,rank_strata,Rank-stratified sampling,disagreement,Disagreement-adaptive budget,Guarantee supervision from each rank band.,Allocate more labels where retrievers and model replicas disagree.,1212,12.0,0.12566641279512566,0.2,0.45623506336307645,0.5373366013071896,0.7488023414494003,0.4111280523560924,0.5302733686067019,0.7257525807525808,0.01119888371955341,-0.007813051146384531,-0.015432098765432056,0.052805280528052806,0.43564356435643564,0.03272198017674311,0.6484030234341575,0.6262376237623762
cranfield,0,disagreement__mmr_relevance,Disagreement-adaptive budget + Relevance–diversity MMR,mmr_relevance,Relevance–diversity MMR,disagreement,Disagreement-adaptive budget,Balance likely relevance with non-redundant documents.,Allocate more labels where retrievers and model replicas disagree.,1212,12.0,0.14546839299314546,0.2,0.45627672873466407,0.5530228758169935,0.7742925375278317,0.41057870058724283,0.5194708994708995,0.7212381445714778,0.010649531950703839,-0.018615520282186937,-0.019946534946534977,0.07425742574257425,0.504950495049505,0.016564164765597175,0.7625723572650759,0.6237623762376238
cranfield,0,disagreement__mmr_uncertainty,Disagreement-adaptive budget + Uncertainty–diversity MMR,mmr_uncertainty,Uncertainty–diversity MMR,disagreement,Disagreement-adaptive budget,Cover multiple uncertain semantic regions.,Allocate more labels where retrievers and model replicas disagree.,1212,12.0,0.10586443259710586,0.2,0.45716697773973575,0.5373366013071896,0.763016456582633,0.4171476225436871,0.5388271604938271,0.7493777210443876,0.0172184539071481,0.0007407407407405975,0.008193041526374789,0.03135313531353135,0.3069306930693069,0.09183067909561761,0.7937222359204056,0.6320132013201321
cranfield,0,disagreement__farthest_first,Disagreement-adaptive budget + Semantic k-center coverage,farthest_first,Semantic k-center coverage,disagreement,Disagreement-adaptive budget,Cover the candidate manifold with farthest-first traversal.,Allocate more labels where retrievers and model replicas disagree.,1212,12.0,0.08225437928408226,1.0,0.46571836517402465,0.6014705882352941,0.7219104629031099,0.41608752313451147,0.5469312169312169,0.7009383209383209,0.016158354497972482,0.00884479717813047,-0.04024635857969194,0.005775577557755775,0.06930693069306931,0.09326793912417031,0.909138041557652,0.6039603960396039
cranfield,0,disagreement__cluster_representatives,Disagreement-adaptive budget + Candidate-cluster representatives,cluster_representatives,Candidate-cluster representatives,disagreement,Disagreement-adaptive budget,Take representative documents from multiple semantic clusters.,Allocate more labels where retrievers and model replicas disagree.,1212,12.0,0.11576542269611577,0.0,0.45183134558463045,0.5438725490196079,0.7390804048892283,0.399929168636539,0.5380864197530865,0.7411846795180128,0.0,0.0,0.0,0.04207920792079208,0.39603960396039606,0.050147203968303036,0.7623760234011282,0.5462046204620462
cranfield,0,disagreement__center_outlier_mix,Disagreement-adaptive budget + Typical–outlier mixture,center_outlier_mix,Typical–outlier mixture,disagreement,Disagreement-adaptive budget,Label both dense-region representatives and unusual candidates.,Allocate more labels where retrievers and model replicas disagree.,1212,12.0,0.11576542269611577,0.2,0.45343093052708455,0.5437091503267973,0.779499299719888,0.40192429474843194,0.5362345679012345,0.7462913012913013,0.001995126111892953,-0.0018518518518519933,0.005106621773288467,0.04207920792079208,0.38613861386138615,0.074529896179835,0.7687383707207028,0.5123762376237624
cranfield,0,disagreement__hard_negative,Disagreement-adaptive budget + Hard-negative proxy,hard_negative,Hard-negative proxy,disagreement,Disagreement-adaptive budget,Prioritize high retrieval score but low relevance probability.,Allocate more labels where retrievers and model replicas disagree.,1212,12.0,0.09291698400609291,0.2,0.4538052481798799,0.5361111111111111,0.7711688842203548,0.41627103174698604,0.5458641975308642,0.7299669466336132,0.016341863110447052,0.007777777777777772,-0.011217732884399645,0.017326732673267328,0.1782178217821782,0.027734330827646918,0.8044856603782956,0.5882838283828383
cranfield,0,disagreement__leverage,Disagreement-adaptive budget + Feature-space leverage,leverage,Feature-space leverage,disagreement,Disagreement-adaptive budget,Select statistically influential examples in the student feature space.,Allocate more labels where retrievers and model replicas disagree.,1212,12.0,0.1370906321401371,0.2,0.45524970250351826,0.5397875816993464,0.7787451519069167,0.4074676655490042,0.5259259259259259,0.7450567333900666,0.00753849691246522,-0.012160493827160557,0.0038720538720538045,0.06518151815181518,0.504950495049505,0.11570499296432281,0.7792976587125571,0.5816831683168316
cranfield,0,disagreement__d_optimal,Disagreement-adaptive budget + D-optimal experimental design,d_optimal,D-optimal experimental design,disagreement,Disagreement-adaptive budget,Choose a set that maximizes feature-space information volume.,Allocate more labels where retrievers and model replicas disagree.,1212,12.0,0.13480578827113482,0.2,0.4541594404665475,0.5373366013071896,0.7758228291316527,0.40238034149368074,0.5131481481481482,0.7462913012913013,0.002451172857141748,-0.024938271604938222,0.005106621773288467,0.0627062706270627,0.5544554455445545,0.09358464427316936,0.7681067615452379,0.5858085808580858
cranfield,0,disagreement__portfolio,Disagreement-adaptive budget + Diversified policy portfolio,portfolio,Diversified policy portfolio,disagreement,Disagreement-adaptive budget,"Hedge across exploitation, uncertainty, disagreement, coverage and diversity.",Allocate more labels where retrievers and model replicas disagree.,1212,12.0,0.1667936024371668,0.2,0.4550983095697399,0.5437091503267973,0.7638130252100841,0.41918410786870514,0.5369753086419754,0.7462913012913013,0.019254939232166146,-0.0011111111111110628,0.005106621773288467,0.09735973597359736,0.6039603960396039,0.04855955453595706,0.6805356643577614,0.636963696369637
cranfield,0,topic_balanced__random,Topic-balanced budget + Random exploration,random,Random exploration,topic_balanced,Topic-balanced budget,A random but reproducible sample is a strong unbiased control.,"Equalize total feedback across query clusters, not raw query counts.",1212,12.0,0.10967250571210967,0.0,0.45183134558463045,0.5438725490196079,0.7390804048892283,0.399929168636539,0.5380864197530865,0.7411846795180128,0.0,0.0,0.0,0.03547854785478548,0.3465346534653465,0.06900437928662442,0.753817329312315,0.6336633663366337
cranfield,0,topic_balanced__top_base,Topic-balanced budget + Top current-retriever candidates,top_base,Top current-retriever candidates,topic_balanced,Topic-balanced budget,Exploit the current retriever's highest-scoring documents.,"Equalize total feedback across query clusters, not raw query counts.",1212,12.0,0.22696115765422697,0.2,0.4536452086100915,0.5284663865546219,0.7793594681462329,0.4154478637112263,0.5196913580246914,0.7315101565101563,0.015518695074687283,-0.018395061728395112,-0.00967452300785654,0.16254125412541254,0.6534653465346535,0.0051822721368015405,0.5207806706133455,0.6014851485148515
cranfield,0,topic_balanced__uniform_rank,Topic-balanced budget + Uniform rank coverage,uniform_rank,Uniform rank coverage,topic_balanced,Topic-balanced budget,Spread labels across the whole candidate ranking instead of only its head.,"Equalize total feedback across query clusters, not raw query counts.",1212,12.0,0.11805026656511805,0.2,0.4576147941783636,0.5348856209150327,0.7478832238023414,0.41628896088972045,0.5364462081128748,0.7314933214933215,0.01635979225318146,-0.001640211640211664,-0.009691358024691343,0.04455445544554455,0.37623762376237624,0.03390859023179158,0.702601810198019,0.6237623762376238
cranfield,0,topic_balanced__head_tail,Topic-balanced budget + Head–tail mixture,head_tail,Head–tail mixture,topic_balanced,Topic-balanced budget,Label both likely positives/hard negatives and clear negatives.,"Equalize total feedback across query clusters, not raw query counts.",1212,12.0,0.16907844630616908,0.0,0.45183134558463045,0.5438725490196079,0.7390804048892283,0.399929168636539,0.5380864197530865,0.7411846795180128,0.0,0.0,0.0,0.09983498349834984,0.5742574257425742,0.13027221111968013,0.7289531679436712,0.6295379537953796
cranfield,0,topic_balanced__top_bm25,Topic-balanced budget + Lexical-first selection,top_bm25,Lexical-first selection,topic_balanced,Topic-balanced budget,Spend feedback on BM25's strongest candidates.,"Equalize total feedback across query clusters, not raw query counts.",1212,12.0,0.2162985529322163,0.0,0.45183134558463045,0.5438725490196079,0.7390804048892283,0.399929168636539,0.5380864197530865,0.7411846795180128,0.0,0.0,0.0,0.15099009900990099,0.6732673267326733,0.008105741672389971,0.5923172686949815,0.608085808580858
cranfield,0,topic_balanced__top_lsa,Topic-balanced budget + Semantic-first selection,top_lsa,Semantic-first selection,topic_balanced,Topic-balanced budget,Spend feedback on latent-semantic candidates.,"Equalize total feedback across query clusters, not raw query counts.",1212,12.0,0.2322924600152323,0.0,0.45183134558463045,0.5438725490196079,0.7390804048892283,0.399929168636539,0.5380864197530865,0.7411846795180128,0.0,0.0,0.0,0.16831683168316833,0.693069306930693,0.013578768807275854,0.41659434523322797,0.5973597359735974
cranfield,0,topic_balanced__top_char,Topic-balanced budget + Character-robust selection,top_char,Character-robust selection,topic_balanced,Topic-balanced budget,Favor candidates supported by character-level similarity.,"Equalize total feedback across query clusters, not raw query counts.",1212,12.0,0.22010662604722012,0.0,0.45183134558463045,0.5438725490196079,0.7390804048892283,0.399929168636539,0.5380864197530865,0.7411846795180128,0.0,0.0,0.0,0.1551155115511551,0.6831683168316832,0.014445135007203609,0.5987946343894052,0.5973597359735974
cranfield,0,topic_balanced__top_title,Topic-balanced budget + Title-focused selection,top_title,Title-focused selection,topic_balanced,Topic-balanced budget,Favor concise title evidence before full-document evidence.,"Equalize total feedback across query clusters, not raw query counts.",1212,12.0,0.17593297791317594,0.0,0.45183134558463045,0.5438725490196079,0.7390804048892283,0.399929168636539,0.5380864197530865,0.7411846795180128,0.0,0.0,0.0,0.10726072607260725,0.5445544554455446,0.014724684135355178,0.6305436300169124,0.5874587458745875
cranfield,0,topic_balanced__rrf_consensus,Topic-balanced budget + Multi-retriever consensus,rrf_consensus,Multi-retriever consensus,topic_balanced,Topic-balanced budget,Reward candidates jointly supported by several retrievers.,"Equalize total feedback across query clusters, not raw query counts.",1212,12.0,0.22543792840822544,0.2,0.45788394711250924,0.5333683473389356,0.7830359387344682,0.4142155362591534,0.526358024691358,0.7371106054439387,0.014286367622614426,-0.011728395061728514,-0.004074074074074119,0.1608910891089109,0.6732673267326733,0.00570067566613553,0.5169414424955254,0.6047854785478548
cranfield,0,topic_balanced__retriever_disagreement,Topic-balanced budget + Retriever disagreement,retriever_disagreement,Retriever disagreement,topic_balanced,Topic-balanced budget,"Label pairs on which lexical, character and semantic retrievers disagree.","Equalize total feedback across query clusters, not raw query counts.",1212,12.0,0.16831683168316833,0.4,0.45280487379878154,0.5512254901960785,0.6760668253315312,0.39054414998331966,0.530952380952381,0.655322948656282,-0.009385018653219335,-0.007134038800705511,-0.08586173086173077,0.09900990099009901,0.594059405940594,0.04367806150181459,0.5731849745653643,0.5866336633663366
cranfield,0,topic_balanced__uncertainty,Topic-balanced budget + Current-model uncertainty,uncertainty,Current-model uncertainty,topic_balanced,Topic-balanced budget,Label candidates nearest the current model's decision boundary.,"Equalize total feedback across query clusters, not raw query counts.",1212,12.0,0.1188118811881188,0.2,0.453427840179924,0.5366363211951447,0.745782383466207,0.41534191234161844,0.5501234567901234,0.7438649005315671,0.015412743705079446,0.012037037037036957,0.0026802210135542515,0.04537953795379538,0.33663366336633666,0.061933086305955065,0.660814226558893,0.6006600660066007
cranfield,0,topic_balanced__committee,Topic-balanced budget + Bootstrap committee disagreement,committee,Bootstrap committee disagreement,topic_balanced,Topic-balanced budget,Use epistemic disagreement across cheap student replicas.,"Equalize total feedback across query clusters, not raw query counts.",1212,12.0,0.11195734958111196,0.2,0.45383598690596644,0.5422385620915032,0.7638130252100841,0.4027170914199871,0.5300617283950616,0.7462913012913013,0.002787922783448138,-0.00802469135802486,0.005106621773288467,0.037953795379537955,0.297029702970297,0.08144077265223261,0.7321156933166013,0.5396039603960396
cranfield,0,topic_balanced__false_positive,Topic-balanced budget + Likely false-positive hunting,false_positive,Likely false-positive hunting,topic_balanced,Topic-balanced budget,Inspect high-ranked candidates the current model distrusts.,"Equalize total feedback across query clusters, not raw query counts.",1212,12.0,0.08301599390708302,0.8,0.4535836681706812,0.5583333333333333,0.5956347165905989,0.40657954269759994,0.5107407407407407,0.5736707120040454,0.0066503740610609485,-0.027345679012345747,-0.1675139675139674,0.006600660066006601,0.06930693069306931,0.046492424636784165,0.8450669392500774,0.5825082508250825
cranfield,0,topic_balanced__false_negative,Topic-balanced budget + Likely false-negative hunting,false_negative,Likely false-negative hunting,topic_balanced,Topic-balanced budget,Inspect low-ranked candidates the current model considers promising.,"Equalize total feedback across query clusters, not raw query counts.",1212,12.0,0.13328255902513328,0.0,0.45183134558463045,0.5438725490196079,0.7390804048892283,0.399929168636539,0.5380864197530865,0.7411846795180128,0.0,0.0,0.0,0.06105610561056106,0.33663366336633666,0.16406874575040523,0.6634768008595646,0.5602310231023102
cranfield,0,topic_balanced__coverage,Topic-balanced budget + Query-term coverage,coverage,Query-term coverage,topic_balanced,Topic-balanced budget,Prefer documents covering more of the query's content.,"Equalize total feedback across query clusters, not raw query counts.",1212,12.0,0.20563594821020564,0.0,0.45183134558463045,0.5438725490196079,0.7390804048892283,0.399929168636539,0.5380864197530865,0.7411846795180128,0.0,0.0,0.0,0.13943894389438943,0.6534653465346535,0.011709210945434697,0.5878752223630943,0.5750825082508251
cranfield,0,topic_balanced__rank_strata,Topic-balanced budget + Rank-stratified sampling,rank_strata,Rank-stratified sampling,topic_balanced,Topic-balanced budget,Guarantee supervision from each rank band.,"Equalize total feedback across query clusters, not raw query counts.",1212,12.0,0.12566641279512566,0.2,0.4583157735558587,0.5383169934640523,0.7486373716153127,0.41326186841637635,0.5308024691358025,0.7166785066785067,0.013332699779837365,-0.00728395061728393,-0.02450617283950607,0.052805280528052806,0.40594059405940597,0.03428780860436632,0.654228948130466,0.6056105610561056
cranfield,0,topic_balanced__mmr_relevance,Topic-balanced budget + Relevance–diversity MMR,mmr_relevance,Relevance–diversity MMR,topic_balanced,Topic-balanced budget,Balance likely relevance with non-redundant documents.,"Equalize total feedback across query clusters, not raw query counts.",1212,12.0,0.1507996953541508,0.2,0.45791923111943694,0.5383169934640523,0.7713702147525677,0.41169299473198195,0.5187654320987655,0.7226829960163295,0.011763826095442964,-0.019320987654320998,-0.018501683501683353,0.08003300330033003,0.5148514851485149,0.01792298483573171,0.764984524191016,0.6138613861386139
cranfield,0,topic_balanced__mmr_uncertainty,Topic-balanced budget + Uncertainty–diversity MMR,mmr_uncertainty,Uncertainty–diversity MMR,topic_balanced,Topic-balanced budget,Cover multiple uncertain semantic regions.,"Equalize total feedback across query clusters, not raw query counts.",1212,12.0,0.10814927646610815,0.2,0.45573660409851896,0.5361111111111111,0.7571341036414566,0.4155122448663091,0.5375308641975309,0.7549332765999431,0.01558307622977012,-0.0005555555555555314,0.013748597081930325,0.03382838283828383,0.3069306930693069,0.08991335007813897,0.7971615277894653,0.6122112211221122
cranfield,0,topic_balanced__farthest_first,Topic-balanced budget + Semantic k-center coverage,farthest_first,Semantic k-center coverage,topic_balanced,Topic-balanced budget,Cover the candidate manifold with farthest-first traversal.,"Equalize total feedback across query clusters, not raw query counts.",1212,12.0,0.08453922315308454,0.6,0.45646531322778644,0.5549719887955182,0.752503725849314,0.4168652948321574,0.5054585537918871,0.7278858178858179,0.016936126195618406,-0.032627865961199376,-0.013298861632194958,0.00825082508250825,0.07920792079207921,0.09179824207088735,0.9094735584636726,0.6047854785478548
cranfield,0,topic_balanced__cluster_representatives,Topic-balanced budget + Candidate-cluster representatives,cluster_representatives,Candidate-cluster representatives,topic_balanced,Topic-balanced budget,Take representative documents from multiple semantic clusters.,"Equalize total feedback across query clusters, not raw query counts.",1212,12.0,0.13861386138613863,0.0,0.45183134558463045,0.5438725490196079,0.7390804048892283,0.399929168636539,0.5380864197530865,0.7411846795180128,0.0,0.0,0.0,0.06683168316831684,0.44554455445544555,0.045984636488133925,0.7489017543226185,0.5536303630363036
cranfield,0,topic_balanced__center_outlier_mix,Topic-balanced budget + Typical–outlier mixture,center_outlier_mix,Typical–outlier mixture,topic_balanced,Topic-balanced budget,Label both dense-region representatives and unusual candidates.,"Equalize total feedback across query clusters, not raw query counts.",1212,12.0,0.1210967250571211,0.0,0.45183134558463045,0.5438725490196079,0.7390804048892283,0.399929168636539,0.5380864197530865,0.7411846795180128,0.0,0.0,0.0,0.04785478547854786,0.38613861386138615,0.0712991585530857,0.7700802854972311,0.5206270627062707
cranfield,0,topic_balanced__hard_negative,Topic-balanced budget + Hard-negative proxy,hard_negative,Hard-negative proxy,topic_balanced,Topic-balanced budget,Prioritize high retrieval score but low relevance probability.,"Equalize total feedback across query clusters, not raw query counts.",1212,12.0,0.09444021325209444,0.2,0.45191845761945054,0.5353758169934641,0.770249766573296,0.4177431105482691,0.5480864197530864,0.739702396369063,0.017813941911730136,0.009999999999999898,-0.0014822831489498256,0.018976897689768978,0.18811881188118812,0.026292352786552002,0.806412667331129,0.5957095709570958
cranfield,0,topic_balanced__leverage,Topic-balanced budget + Feature-space leverage,leverage,Feature-space leverage,topic_balanced,Topic-balanced budget,Select statistically influential examples in the student feature space.,"Equalize total feedback across query clusters, not raw query counts.",1212,12.0,0.13937547600913938,0.2,0.4530996797218303,0.5397875816993464,0.7787451519069167,0.4060272281866454,0.5163227513227513,0.7450567333900666,0.006098059550106394,-0.02176366843033517,0.0038720538720538045,0.06765676567656766,0.48514851485148514,0.11362724763528742,0.7788697097561147,0.5866336633663366
cranfield,0,topic_balanced__d_optimal,Topic-balanced budget + D-optimal experimental design,d_optimal,D-optimal experimental design,topic_balanced,Topic-balanced budget,Choose a set that maximizes feature-space information volume.,"Equalize total feedback across query clusters, not raw query counts.",1212,12.0,0.13937547600913938,0.4,0.4539113609007198,0.5415382819794585,0.7870172107304461,0.40526966511115253,0.5027072310405644,0.7519703136369802,0.005340496474613543,-0.0353791887125221,0.01078563411896738,0.06765676567656766,0.5346534653465347,0.09239980391543297,0.7660656105173697,0.5816831683168316
cranfield,0,topic_balanced__portfolio,Topic-balanced budget + Diversified policy portfolio,portfolio,Diversified policy portfolio,topic_balanced,Topic-balanced budget,"Hedge across exploitation, uncertainty, disagreement, coverage and diversity.","Equalize total feedback across query clusters, not raw query counts.",1212,12.0,0.17364813404417365,0.2,0.4582624745616952,0.5569444444444445,0.7689412303382892,0.41019225259993497,0.5307407407407407,0.7462913012913013,0.01026308396339598,-0.007345679012345729,0.005106621773288467,0.10478547854785479,0.6237623762376238,0.046647533725197164,0.6795647787575675,0.6270627062706271
cranfield,1,uniform__random,Uniform per-query budget + Random exploration,random,Random exploration,uniform,Uniform per-query budget,A random but reproducible sample is a strong unbiased control.,Give every query the same number of feedback calls.,1212,12.0,0.11119573495811119,0.4,0.41828489527399476,0.5981209150326796,0.7398505497770204,0.4084085979097634,0.5312345679012347,0.7498316498316498,0.004432944266513916,-0.002160493827160437,-0.01156886323552997,0.03712871287128713,0.32673267326732675,0.06762314737826684,0.7640605993790202,0.6386138613861386
cranfield,1,uniform__top_base,Uniform per-query budget + Top current-retriever candidates,top_base,Top current-retriever candidates,uniform,Uniform per-query budget,Exploit the current retriever's highest-scoring documents.,Give every query the same number of feedback calls.,1212,12.0,0.23000761614623,0.2,0.4168531799144504,0.5791666666666666,0.7731120595091183,0.4169602462385527,0.5302469135802469,0.7673881673881675,0.012984592595303213,-0.003148148148148233,0.00598765432098769,0.16584158415841585,0.7623762376237624,0.0048307717928398565,0.5280125927512008,0.6179867986798679
cranfield,1,uniform__uniform_rank,Uniform per-query budget + Uniform rank coverage,uniform_rank,Uniform rank coverage,uniform,Uniform per-query budget,Spread labels across the whole candidate ranking instead of only its head.,Give every query the same number of feedback calls.,1212,12.0,0.12642802741812642,0.4,0.4247207318071458,0.584593837535014,0.5581445923357689,0.40455926273997594,0.5213492063492063,0.6166698733365401,0.0005836090967264451,-0.012045855379188786,-0.1447306397306397,0.05363036303630363,0.4158415841584158,0.03054692470791316,0.7023753730377348,0.6542904290429042
cranfield,1,uniform__head_tail,Uniform per-query budget + Head–tail mixture,head_tail,Head–tail mixture,uniform,Uniform per-query budget,Label both likely positives/hard negatives and clear negatives.,Give every query the same number of feedback calls.,1212,12.0,0.17364813404417365,1.0,0.4227494307828965,0.6263422035480859,0.7840820535673476,0.4176688028593171,0.5431481481481482,0.7702725669392336,0.013693149216067624,0.009753086419753032,0.008872053872053809,0.10478547854785479,0.6831683168316832,0.1372774495641784,0.7290500762439011,0.6270627062706271
cranfield,1,uniform__top_bm25,Uniform per-query budget + Lexical-first selection,top_bm25,Lexical-first selection,uniform,Uniform per-query budget,Spend feedback on BM25's strongest candidates.,Give every query the same number of feedback calls.,1212,12.0,0.21325209444021326,0.4,0.42099594495263826,0.6159663865546219,0.6029409724262665,0.374416425657786,0.4991358024691358,0.6288039121372454,-0.02955922798546351,-0.03425925925925932,-0.13259660092993442,0.1476897689768977,0.7425742574257426,0.007582619442011263,0.5946262878651666,0.6171617161716172
cranfield,1,uniform__top_lsa,Uniform per-query budget + Semantic-first selection,top_lsa,Semantic-first selection,uniform,Uniform per-query budget,Spend feedback on latent-semantic candidates.,Give every query the same number of feedback calls.,1212,12.0,0.2322924600152323,0.2,0.40879623974130636,0.5822128851540617,0.657136082871377,0.4035040570166338,0.5324603174603174,0.6964061247394581,-0.0004715966266157223,-0.000934744268077714,-0.06499438832772175,0.16831683168316833,0.7227722772277227,0.014321284178066569,0.41550370010704096,0.5965346534653465
cranfield,1,uniform__top_char,Uniform per-query budget + Character-robust selection,top_char,Character-robust selection,uniform,Uniform per-query budget,Favor candidates supported by character-level similarity.,Give every query the same number of feedback calls.,1212,12.0,0.2079207920792079,0.2,0.4155418657898301,0.5869631185807657,0.6756728565552095,0.3736990391519435,0.5041622574955908,0.7035072951739618,-0.030276614491305975,-0.029232804232804277,-0.057893217893217996,0.1419141914191419,0.7425742574257426,0.013799931349927443,0.5958861330948254,0.594059405940594
cranfield,1,uniform__top_title,Uniform per-query budget + Title-focused selection,top_title,Title-focused selection,uniform,Uniform per-query budget,Favor concise title evidence before full-document evidence.,Give every query the same number of feedback calls.,1212,12.0,0.17517136329017516,0.0,0.4035004235933654,0.5812091503267974,0.7514569580746052,0.4039756536432495,0.5333950617283951,0.7614005130671798,0.0,0.0,0.0,0.10643564356435643,0.6039603960396039,0.014482880091116373,0.6337825962074912,0.6014851485148515
cranfield,1,uniform__rrf_consensus,Uniform per-query budget + Multi-retriever consensus,rrf_consensus,Multi-retriever consensus,uniform,Uniform per-query budget,Reward candidates jointly supported by several retrievers.,Give every query the same number of feedback calls.,1212,12.0,0.22772277227722773,0.2,0.41613823258937205,0.5762605042016807,0.7651327838827839,0.41311894218051115,0.532310405643739,0.7558970658970658,0.009143288537261651,-0.0010846560846561326,-0.005503447170113973,0.16336633663366337,0.7524752475247525,0.005389868967210499,0.5272167673943067,0.6105610561056105
cranfield,1,uniform__retriever_disagreement,Uniform per-query budget + Retriever disagreement,retriever_disagreement,Retriever disagreement,uniform,Uniform per-query budget,"Label pairs on which lexical, character and semantic retrievers disagree.",Give every query the same number of feedback calls.,1212,12.0,0.16755521706016754,0.0,0.4035004235933654,0.5812091503267974,0.7514569580746052,0.4039756536432495,0.5333950617283951,0.7614005130671798,0.0,0.0,0.0,0.09818481848184818,0.5841584158415841,0.044186440287250106,0.5731195152396023,0.6064356435643564
cranfield,1,uniform__uncertainty,Uniform per-query budget + Current-model uncertainty,uncertainty,Current-model uncertainty,uniform,Uniform per-query budget,Label candidates nearest the current model's decision boundary.,Give every query the same number of feedback calls.,1212,12.0,0.10586443259710586,0.4,0.4191982048924708,0.5951680672268909,0.607144897586074,0.4054908733396409,0.5225925925925926,0.6420402437069104,0.001515219696391401,-0.010802469135802517,-0.11936026936026944,0.03135313531353135,0.2376237623762376,0.06443015522886031,0.6640697661602851,0.6452145214521452
cranfield,1,uniform__committee,Uniform per-query budget + Bootstrap committee disagreement,committee,Bootstrap committee disagreement,uniform,Uniform per-query budget,Use epistemic disagreement across cheap student replicas.,Give every query the same number of feedback calls.,1212,12.0,0.11271896420411272,0.4,0.41399939934741736,0.5919817927170868,0.7071959494753612,0.4133456156789142,0.5243121693121693,0.7400609267275933,0.009369962035664703,-0.00908289241622584,-0.021339586339586547,0.038778877887788776,0.31683168316831684,0.07985607271540676,0.719771403487366,0.5792079207920792
cranfield,1,uniform__false_positive,Uniform per-query budget + Likely false-positive hunting,false_positive,Likely false-positive hunting,uniform,Uniform per-query budget,Inspect high-ranked candidates the current model distrusts.,Give every query the same number of feedback calls.,1212,12.0,0.08606245239908607,0.8,0.4258548875191781,0.5650326797385621,0.5743999056499057,0.3979002276980937,0.513641975308642,0.596916786916787,-0.00607542594515581,-0.019753086419753152,-0.16448372615039286,0.009900990099009901,0.10891089108910891,0.04776631974347747,0.8431993958973648,0.6047854785478548
cranfield,1,uniform__false_negative,Uniform per-query budget + Likely false-negative hunting,false_negative,Likely false-negative hunting,uniform,Uniform per-query budget,Inspect low-ranked candidates the current model considers promising.,Give every query the same number of feedback calls.,1212,12.0,0.12947448591012947,0.4,0.41415266511206766,0.5954598506069094,0.7808344433344434,0.3998788768203338,0.5265079365079365,0.7547346480679814,-0.004096776822915704,-0.006887125220458645,-0.006665864999198412,0.05693069306930693,0.45544554455445546,0.1732059894221844,0.6789451858194748,0.5973597359735974
cranfield,1,uniform__coverage,Uniform per-query budget + Query-term coverage,coverage,Query-term coverage,uniform,Uniform per-query budget,Prefer documents covering more of the query's content.,Give every query the same number of feedback calls.,1212,12.0,0.19725818735719725,0.4,0.42272868356343607,0.6058823529411764,0.5978563103563104,0.3859894336216663,0.5154320987654321,0.6289714606381274,-0.017986220021583177,-0.01796296296296307,-0.13242905242905245,0.13036303630363036,0.7227722772277227,0.01196517040430516,0.5950587349067821,0.5651815181518152
cranfield,1,uniform__rank_strata,Uniform per-query budget + Rank-stratified sampling,rank_strata,Rank-stratified sampling,uniform,Uniform per-query budget,Guarantee supervision from each rank band.,Give every query the same number of feedback calls.,1212,12.0,0.12338156892612338,0.4,0.4174451874608565,0.5910830999066292,0.5442972876796407,0.4156293742762919,0.528668430335097,0.6069167869167869,0.011653720633042375,-0.0047266313932980974,-0.15448372615039296,0.05033003300330033,0.43564356435643564,0.03154244915683671,0.6618007265105106,0.6336633663366337
cranfield,1,uniform__mmr_relevance,Uniform per-query budget + Relevance–diversity MMR,mmr_relevance,Relevance–diversity MMR,uniform,Uniform per-query budget,Balance likely relevance with non-redundant documents.,Give every query the same number of feedback calls.,1212,12.0,0.1485148514851485,0.2,0.4229785627711264,0.5961134453781514,0.7511407709937121,0.41530248522118607,0.5301499118165786,0.7758441558441559,0.01132683157793657,-0.0032451499118165694,0.014443642776976073,0.07755775577557755,0.5247524752475248,0.01723885688647972,0.7637941539287567,0.6179867986798679
cranfield,1,uniform__mmr_uncertainty,Uniform per-query budget + Uncertainty–diversity MMR,mmr_uncertainty,Uncertainty–diversity MMR,uniform,Uniform per-query budget,Cover multiple uncertain semantic regions.,Give every query the same number of feedback calls.,1212,12.0,0.1051028179741051,0.4,0.41787728081144027,0.5819794584500467,0.7628179418620595,0.41494417622637475,0.5296296296296297,0.7603607503607503,0.01096852258312525,-0.0037654320987654533,-0.00103976270642947,0.03052805280528053,0.25742574257425743,0.09210963891481015,0.8028432455393347,0.6278877887788779
cranfield,1,uniform__farthest_first,Uniform per-query budget + Semantic k-center coverage,farthest_first,Semantic k-center coverage,uniform,Uniform per-query budget,Cover the candidate manifold with farthest-first traversal.,Give every query the same number of feedback calls.,1212,12.0,0.08377760853008377,0.4,0.42314518122261147,0.5829131652661065,0.8096834538011008,0.4051115974161876,0.5151851851851852,0.7776094276094274,0.001135943772938075,-0.018209876543209935,0.0162089145422476,0.007425742574257425,0.07920792079207921,0.0960227358262531,0.9066111917542939,0.608085808580858
cranfield,1,uniform__cluster_representatives,Uniform per-query budget + Candidate-cluster representatives,cluster_representatives,Candidate-cluster representatives,uniform,Uniform per-query budget,Take representative documents from multiple semantic clusters.,Give every query the same number of feedback calls.,1212,12.0,0.12490479817212491,0.4,0.41858337688543495,0.5977357609710551,0.7094018318283025,0.40925732065094456,0.5266313932980599,0.7365055315055316,0.005281667007695057,-0.006763668430335268,-0.024894981561648266,0.05198019801980198,0.36633663366336633,0.05067091663875202,0.7557605233522925,0.5338283828382838
cranfield,1,uniform__center_outlier_mix,Uniform per-query budget + Typical–outlier mixture,center_outlier_mix,Typical–outlier mixture,uniform,Uniform per-query budget,Label both dense-region representatives and unusual candidates.,Give every query the same number of feedback calls.,1212,12.0,0.12185833968012186,0.6,0.41428331221232756,0.5725840336134453,0.7616508083419848,0.40399804469786255,0.5208289241622575,0.7646111912778579,2.23910546130468e-05,-0.01256613756613767,0.0032106782106781084,0.04867986798679868,0.40594059405940597,0.07824660134394176,0.7617318642021406,0.5354785478547854
cranfield,1,uniform__hard_negative,Uniform per-query budget + Hard-negative proxy,hard_negative,Hard-negative proxy,uniform,Uniform per-query budget,Prioritize high retrieval score but low relevance probability.,Give every query the same number of feedback calls.,1212,12.0,0.09215536938309216,0.6,0.42765950635154626,0.5864612511671335,0.6024669366581131,0.4106641642275395,0.5266931216931217,0.634006734006734,0.006688510584289986,-0.006701940035273468,-0.1273937790604458,0.0165016501650165,0.1782178217821782,0.027234208908411536,0.800115984265167,0.6146864686468647
cranfield,1,uniform__leverage,Uniform per-query budget + Feature-space leverage,leverage,Feature-space leverage,uniform,Uniform per-query budget,Select statistically influential examples in the student feature space.,Give every query the same number of feedback calls.,1212,12.0,0.13556740289413557,0.6,0.41656365118156596,0.5876984126984127,0.7892068307509484,0.4113137687794418,0.5082980599647265,0.7719656886323552,0.007338115136192314,-0.02509700176366858,0.010565175565175333,0.06353135313531354,0.5445544554455446,0.12268959167766885,0.7847055710188233,0.5866336633663366
cranfield,1,uniform__d_optimal,Uniform per-query budget + D-optimal experimental design,d_optimal,D-optimal experimental design,uniform,Uniform per-query budget,Choose a set that maximizes feature-space information volume.,Give every query the same number of feedback calls.,1212,12.0,0.13480578827113482,1.0,0.42541048383825564,0.6134803921568628,0.7818538895744778,0.42210048539838196,0.525299823633157,0.7736235369568704,0.018124831755132464,-0.008095238095238155,0.012223023889690543,0.0627062706270627,0.504950495049505,0.09348556305905774,0.7651148107972475,0.5734323432343235
cranfield,1,uniform__portfolio,Uniform per-query budget + Diversified policy portfolio,portfolio,Diversified policy portfolio,uniform,Uniform per-query budget,"Hedge across exploitation, uncertainty, disagreement, coverage and diversity.",Give every query the same number of feedback calls.,1212,12.0,0.16374714394516374,0.6,0.4206425234263404,0.6042016806722689,0.7660275590422649,0.4057288766728296,0.501358024691358,0.7694789161455828,0.0017532230295800866,-0.032037037037037086,0.008078403078403018,0.09405940594059406,0.6237623762376238,0.048965903841229556,0.6855402639006624,0.6443894389438944
cranfield,1,difficulty__random,Difficulty-adaptive budget + Random exploration,random,Random exploration,difficulty,Difficulty-adaptive budget,A random but reproducible sample is a strong unbiased control.,Allocate more labels to low-confidence/high-entropy queries.,1212,12.0,0.10814927646610815,0.4,0.41626117304497784,0.5860994397759103,0.7702427066397655,0.4076684048571583,0.5292592592592592,0.7573448773448774,0.0036927512139087737,-0.0041358024691359185,-0.0040556357223023864,0.03382838283828383,0.3069306930693069,0.06868649522463481,0.761793320721919,0.6328382838283828
cranfield,1,difficulty__top_base,Difficulty-adaptive budget + Top current-retriever candidates,top_base,Top current-retriever candidates,difficulty,Difficulty-adaptive budget,Exploit the current retriever's highest-scoring documents.,Allocate more labels to low-confidence/high-entropy queries.,1212,12.0,0.22467631378522468,0.4,0.41588556746067995,0.571358543417367,0.5521377315494962,0.39328870232649227,0.5226807760141093,0.5851619368286034,-0.010686951316757232,-0.010714285714285787,-0.17623857623857642,0.16006600660066006,0.7821782178217822,0.004778281690263906,0.5168054502199192,0.6171617161716172
cranfield,1,difficulty__uniform_rank,Difficulty-adaptive budget + Uniform rank coverage,uniform_rank,Uniform rank coverage,difficulty,Difficulty-adaptive budget,Spread labels across the whole candidate ranking instead of only its head.,Allocate more labels to low-confidence/high-entropy queries.,1212,12.0,0.12642802741812642,0.2,0.4238915674322055,0.5990546218487395,0.7762067589273471,0.40872251368069057,0.5330511463844796,0.7696007696007694,0.00474686003744107,-0.00034391534391553513,0.008200256533589578,0.05363036303630363,0.42574257425742573,0.0295018595535763,0.696939482547269,0.6427392739273927
cranfield,1,difficulty__head_tail,Difficulty-adaptive budget + Head–tail mixture,head_tail,Head–tail mixture,difficulty,Difficulty-adaptive budget,Label both likely positives/hard negatives and clear negatives.,Allocate more labels to low-confidence/high-entropy queries.,1212,12.0,0.1667936024371668,0.6,0.4180163169397448,0.5723039215686274,0.8076942257089316,0.40714053459955557,0.5096560846560846,0.7726535193201859,0.003164880956306071,-0.02373897707231054,0.01125300625300607,0.09735973597359736,0.6732673267326733,0.1336751603844142,0.7280563322624357,0.6146864686468647
cranfield,1,difficulty__top_bm25,Difficulty-adaptive budget + Lexical-first selection,top_bm25,Lexical-first selection,difficulty,Difficulty-adaptive budget,Spend feedback on BM25's strongest candidates.,Allocate more labels to low-confidence/high-entropy queries.,1212,12.0,0.20715917745620716,0.2,0.41518464279241235,0.585655929038282,0.7542785645726823,0.41082686897011206,0.522962962962963,0.7621067821067822,0.006851215326862559,-0.010432098765432163,0.0007062690396023585,0.14108910891089108,0.7524752475247525,0.00769526474546678,0.5837230764993346,0.6089108910891089
cranfield,1,difficulty__top_lsa,Difficulty-adaptive budget + Semantic-first selection,top_lsa,Semantic-first selection,difficulty,Difficulty-adaptive budget,Spend feedback on latent-semantic candidates.,Allocate more labels to low-confidence/high-entropy queries.,1212,12.0,0.23076923076923078,0.2,0.4063907580683749,0.5782913165266106,0.6609175954764189,0.40226150888745016,0.5319312169312169,0.6956124739458073,-0.0017141447557993406,-0.0014638447971782043,-0.06578803912137254,0.16666666666666666,0.7326732673267327,0.013838266185407984,0.4113852771201936,0.5973597359735974
cranfield,1,difficulty__top_char,Difficulty-adaptive budget + Character-robust selection,top_char,Character-robust selection,difficulty,Difficulty-adaptive budget,Favor candidates supported by character-level similarity.,Allocate more labels to low-confidence/high-entropy queries.,1212,12.0,0.2102056359482102,0.2,0.41460954661351473,0.5873716153127918,0.6885247922012627,0.37368484869841967,0.5078659611992945,0.6971220137886804,-0.03029080494482983,-0.025529100529100623,-0.06427849927849938,0.1443894389438944,0.7722772277227723,0.013874831520291444,0.5903239341655581,0.5882838283828383
cranfield,1,difficulty__top_title,Difficulty-adaptive budget + Title-focused selection,top_title,Title-focused selection,difficulty,Difficulty-adaptive budget,Favor concise title evidence before full-document evidence.,Allocate more labels to low-confidence/high-entropy queries.,1212,12.0,0.16907844630616908,0.0,0.4035004235933654,0.5812091503267974,0.7514569580746052,0.4039756536432495,0.5333950617283951,0.7614005130671798,0.0,0.0,0.0,0.09983498349834984,0.594059405940594,0.014584320065605364,0.6271409924962733,0.5907590759075908
cranfield,1,difficulty__rrf_consensus,Difficulty-adaptive budget + Multi-retriever consensus,rrf_consensus,Multi-retriever consensus,difficulty,Difficulty-adaptive budget,Reward candidates jointly supported by several retrievers.,Allocate more labels to low-confidence/high-entropy queries.,1212,12.0,0.2162985529322163,0.2,0.41759735192193115,0.577766106442577,0.7197682219741043,0.4102230606654202,0.5308201058201059,0.7612842712842712,0.006247407022170692,-0.002574955908289267,-0.00011624178290858822,0.15099009900990099,0.7722772277227723,0.005348585472248569,0.5159317165760711,0.6171617161716172
cranfield,1,difficulty__retriever_disagreement,Difficulty-adaptive budget + Retriever disagreement,retriever_disagreement,Retriever disagreement,difficulty,Difficulty-adaptive budget,"Label pairs on which lexical, character and semantic retrievers disagree.",Allocate more labels to low-confidence/high-entropy queries.,1212,12.0,0.15613099771515612,0.0,0.4035004235933654,0.5812091503267974,0.7514569580746052,0.4039756536432495,0.5333950617283951,0.7614005130671798,0.0,0.0,0.0,0.0858085808580858,0.5841584158415841,0.04642519177776752,0.5698067358519772,0.5973597359735974
cranfield,1,difficulty__uncertainty,Difficulty-adaptive budget + Current-model uncertainty,uncertainty,Current-model uncertainty,difficulty,Difficulty-adaptive budget,Label candidates nearest the current model's decision boundary.,Allocate more labels to low-confidence/high-entropy queries.,1212,12.0,0.10738766184310738,0.4,0.4106985677336155,0.5919817927170868,0.5931177482648071,0.4095379445887594,0.5250617283950618,0.6374723424723424,0.005562290945509918,-0.008333333333333304,-0.1239281705948374,0.033003300330033,0.25742574257425743,0.06336149942166734,0.6648009732218072,0.6460396039603961
cranfield,1,difficulty__committee,Difficulty-adaptive budget + Bootstrap committee disagreement,committee,Bootstrap committee disagreement,difficulty,Difficulty-adaptive budget,Use epistemic disagreement across cheap student replicas.,Allocate more labels to low-confidence/high-entropy queries.,1212,12.0,0.10891089108910891,0.4,0.41608009381736705,0.5921568627450982,0.701257035448212,0.4077520780812391,0.5218430335097002,0.7344332210998877,0.0037764244379895895,-0.011552028218694943,-0.026967291967292084,0.034653465346534656,0.3069306930693069,0.08147969832121342,0.7222224450347448,0.5816831683168316
cranfield,1,difficulty__false_positive,Difficulty-adaptive budget + Likely false-positive hunting,false_positive,Likely false-positive hunting,difficulty,Difficulty-adaptive budget,Inspect high-ranked candidates the current model distrusts.,Allocate more labels to low-confidence/high-entropy queries.,1212,12.0,0.08377760853008377,0.8,0.4311609524706581,0.5845588235294118,0.5784440232969644,0.40586042532008565,0.5238183421516754,0.5940596440596441,0.00188477167683615,-0.009576719576719683,-0.16734086900753575,0.007425742574257425,0.07920792079207921,0.0480588434552989,0.8400229894288695,0.6006600660066007
cranfield,1,difficulty__false_negative,Difficulty-adaptive budget + Likely false-negative hunting,false_negative,Likely false-negative hunting,difficulty,Difficulty-adaptive budget,Inspect low-ranked candidates the current model considers promising.,Allocate more labels to low-confidence/high-entropy queries.,1212,12.0,0.12490479817212491,0.4,0.4181384982100307,0.6105742296918768,0.7808344433344434,0.39978557006596815,0.5228042328042328,0.7584383517716851,-0.004190083577281345,-0.010590828924162299,-0.0029621612954947585,0.05198019801980198,0.44554455445544555,0.17253483630249603,0.6816440484311321,0.5915841584158416
cranfield,1,difficulty__coverage,Difficulty-adaptive budget + Query-term coverage,coverage,Query-term coverage,difficulty,Difficulty-adaptive budget,Prefer documents covering more of the query's content.,Allocate more labels to low-confidence/high-entropy queries.,1212,12.0,0.19192688499619193,0.4,0.4206945226958853,0.608251633986928,0.5757153385829856,0.3854335296902175,0.5148148148148147,0.621264229597563,-0.018542123953032008,-0.0185802469135804,-0.14013628346961682,0.12458745874587458,0.7227722772277227,0.012130894676686908,0.5814443100797068,0.5536303630363036
cranfield,1,difficulty__rank_strata,Difficulty-adaptive budget + Rank-stratified sampling,rank_strata,Rank-stratified sampling,difficulty,Difficulty-adaptive budget,Guarantee supervision from each rank band.,Allocate more labels to low-confidence/high-entropy queries.,1212,12.0,0.12490479817212491,0.4,0.41549561097798643,0.5860644257703082,0.5605788002846827,0.40833647580940546,0.5172134038800705,0.6196681096681096,0.004360822166155964,-0.016181657848324593,-0.14173240339907023,0.05198019801980198,0.43564356435643564,0.03010518957089276,0.6546084765750583,0.636963696369637
cranfield,1,difficulty__mmr_relevance,Difficulty-adaptive budget + Relevance–diversity MMR,mmr_relevance,Relevance–diversity MMR,difficulty,Difficulty-adaptive budget,Balance likely relevance with non-redundant documents.,Allocate more labels to low-confidence/high-entropy queries.,1212,12.0,0.14546839299314546,0.4,0.4233775238189306,0.5977941176470588,0.5626675203881086,0.4059613546963023,0.5241358024691357,0.6083100849767517,0.0019857010530527908,-0.009259259259259411,-0.15309042809042817,0.07425742574257425,0.5247524752475248,0.01644149353795319,0.7642046121677549,0.6163366336633663
cranfield,1,difficulty__mmr_uncertainty,Difficulty-adaptive budget + Uncertainty–diversity MMR,mmr_uncertainty,Uncertainty–diversity MMR,difficulty,Difficulty-adaptive budget,Cover multiple uncertain semantic regions.,Allocate more labels to low-confidence/high-entropy queries.,1212,12.0,0.10814927646610815,1.0,0.42054332334760486,0.6018323996265174,0.6413393795746737,0.4016631611786637,0.4985185185185185,0.7069993586660253,-0.0023124924645858136,-0.0348765432098766,-0.05440115440115456,0.03382838283828383,0.27722772277227725,0.09167851979779724,0.8037126890503534,0.6204620462046204
cranfield,1,difficulty__farthest_first,Difficulty-adaptive budget + Semantic k-center coverage,farthest_first,Semantic k-center coverage,difficulty,Difficulty-adaptive budget,Cover the candidate manifold with farthest-first traversal.,Allocate more labels to low-confidence/high-entropy queries.,1212,12.0,0.0853008377760853,0.4,0.4250011837477627,0.5836134453781512,0.8096834538011008,0.40233197606723436,0.5143827160493828,0.7790909090909091,-0.0016436775760151345,-0.019012345679012332,0.017690396023729238,0.009075907590759076,0.09900990099009901,0.09528081045292391,0.9063931443903706,0.6072607260726073
cranfield,1,difficulty__cluster_representatives,Difficulty-adaptive budget + Candidate-cluster representatives,cluster_representatives,Candidate-cluster representatives,difficulty,Difficulty-adaptive budget,Take representative documents from multiple semantic clusters.,Allocate more labels to low-confidence/high-entropy queries.,1212,12.0,0.12261995430312261,0.4,0.41691109819843825,0.5912581699346405,0.701257035448212,0.40986364148761467,0.52505291005291,0.7384896584896585,0.005887987844365172,-0.008342151675485132,-0.02291085457752129,0.04950495049504951,0.36633663366336633,0.05017256466272247,0.7579302593032913,0.5379537953795379
cranfield,1,difficulty__center_outlier_mix,Difficulty-adaptive budget + Typical–outlier mixture,center_outlier_mix,Typical–outlier mixture,difficulty,Difficulty-adaptive budget,Label both dense-region representatives and unusual candidates.,Allocate more labels to low-confidence/high-entropy queries.,1212,12.0,0.1188118811881188,0.6,0.4152233980552039,0.577485994397759,0.7861606122635535,0.4019349962297635,0.5210758377425044,0.7639233605900272,-0.0020406574134860245,-0.012319223985890693,0.0025228475228473712,0.04537953795379538,0.39603960396039606,0.07863643657256274,0.765368652815866,0.5297029702970297
cranfield,1,difficulty__hard_negative,Difficulty-adaptive budget + Hard-negative proxy,hard_negative,Hard-negative proxy,difficulty,Difficulty-adaptive budget,Prioritize high retrieval score but low relevance probability.,Allocate more labels to low-confidence/high-entropy queries.,1212,12.0,0.08987052551408987,0.6,0.4270924785352046,0.5741363211951448,0.5928154770066536,0.4137512659697036,0.5231393298059964,0.6313083213083212,0.009775612326454075,-0.010255731922398703,-0.13009219175885867,0.014026402640264026,0.16831683168316833,0.028607773948030504,0.7972390592688381,0.613036303630363
cranfield,1,difficulty__leverage,Difficulty-adaptive budget + Feature-space leverage,leverage,Feature-space leverage,difficulty,Difficulty-adaptive budget,Select statistically influential examples in the student feature space.,Allocate more labels to low-confidence/high-entropy queries.,1212,12.0,0.13632901751713633,1.0,0.4149156704738951,0.5897875816993464,0.7867558503587916,0.4203078310066321,0.5419312169312169,0.7810485810485809,0.016332177363382605,0.008536155202821805,0.019648067981401063,0.06435643564356436,0.5346534653465347,0.12351290453778635,0.7828175791419378,0.5907590759075908
cranfield,1,difficulty__d_optimal,Difficulty-adaptive budget + D-optimal experimental design,d_optimal,D-optimal experimental design,difficulty,Difficulty-adaptive budget,Choose a set that maximizes feature-space information volume.,Allocate more labels to low-confidence/high-entropy queries.,1212,12.0,0.130997715156131,1.0,0.42633383450299034,0.609920634920635,0.7818538895744778,0.4246628591661652,0.5434215167548501,0.777327240660574,0.020687205522915697,0.010026455026454939,0.015926727593394197,0.05858085808580858,0.48514851485148514,0.09360705488192367,0.7654048629326395,0.5676567656765676
cranfield,1,difficulty__portfolio,Difficulty-adaptive budget + Diversified policy portfolio,portfolio,Diversified policy portfolio,difficulty,Difficulty-adaptive budget,"Hedge across exploitation, uncertainty, disagreement, coverage and diversity.",Allocate more labels to low-confidence/high-entropy queries.,1212,12.0,0.1607006854531607,0.6,0.4223809221559964,0.6062324929971988,0.7611255982579511,0.41157174259644375,0.5108641975308642,0.7718069584736251,0.007596088953194247,-0.02253086419753092,0.010406445406445308,0.09075907590759076,0.6138613861386139,0.04846637226370695,0.6799856300401216,0.636963696369637
cranfield,1,disagreement__random,Disagreement-adaptive budget + Random exploration,random,Random exploration,disagreement,Disagreement-adaptive budget,A random but reproducible sample is a strong unbiased control.,Allocate more labels where retrievers and model replicas disagree.,1212,12.0,0.10891089108910891,0.6,0.41370995844815106,0.5848389355742297,0.670651489033842,0.41274954057492375,0.5168430335097002,0.7035586018919352,0.008773886931674246,-0.016552028218694947,-0.05784191117524462,0.034653465346534656,0.31683168316831684,0.07003882847013253,0.7630581991507275,0.6435643564356436
cranfield,1,disagreement__top_base,Disagreement-adaptive budget + Top current-retriever candidates,top_base,Top current-retriever candidates,disagreement,Disagreement-adaptive budget,Exploit the current retriever's highest-scoring documents.,Allocate more labels where retrievers and model replicas disagree.,1212,12.0,0.22543792840822544,0.2,0.414274905831387,0.5765056022408964,0.7712738242150007,0.41256510594511936,0.5296913580246914,0.7665945165945165,0.00858945230186986,-0.0037037037037037646,0.005194003527336677,0.1608910891089109,0.7623762376237624,0.004787718108778346,0.5208794030517635,0.6163366336633663
cranfield,1,disagreement__uniform_rank,Disagreement-adaptive budget + Uniform rank coverage,uniform_rank,Uniform rank coverage,disagreement,Disagreement-adaptive budget,Spread labels across the whole candidate ranking instead of only its head.,Allocate more labels where retrievers and model replicas disagree.,1212,12.0,0.12566641279512566,0.4,0.4194822543980734,0.5649859943977591,0.5740351152115858,0.4083600044154884,0.5216843033509699,0.6422077922077922,0.004384350772238921,-0.01171075837742519,-0.11919272085938759,0.052805280528052806,0.42574257425742573,0.032233655305192024,0.6977066205869807,0.6443894389438944
cranfield,1,disagreement__head_tail,Disagreement-adaptive budget + Head–tail mixture,head_tail,Head–tail mixture,disagreement,Disagreement-adaptive budget,Label both likely positives/hard negatives and clear negatives.,Allocate more labels where retrievers and model replicas disagree.,1212,12.0,0.1728865194211729,0.8,0.4163931203082447,0.5593954248366012,0.7929883433559904,0.40662469980688526,0.5005820105820106,0.7751226551226551,0.00264904616363576,-0.03281305114638455,0.013722142055475284,0.10396039603960396,0.693069306930693,0.1369471813585892,0.729516873855402,0.6262376237623762
cranfield,1,disagreement__top_bm25,Disagreement-adaptive budget + Lexical-first selection,top_bm25,Lexical-first selection,disagreement,Disagreement-adaptive budget,Spend feedback on BM25's strongest candidates.,Allocate more labels where retrievers and model replicas disagree.,1212,12.0,0.20715917745620716,0.4,0.41985536396695466,0.6105392156862745,0.600840132090132,0.37865802206107113,0.510246913580247,0.6333718133718134,-0.025317631582178368,-0.02314814814814814,-0.12802869969536645,0.14108910891089108,0.7623762376237624,0.007695854595392057,0.5866414580014673,0.6146864686468647
cranfield,1,disagreement__top_lsa,Disagreement-adaptive budget + Semantic-first selection,top_lsa,Semantic-first selection,disagreement,Disagreement-adaptive budget,Spend feedback on latent-semantic candidates.,Allocate more labels where retrievers and model replicas disagree.,1212,12.0,0.23076923076923078,0.2,0.4093045665037557,0.584873949579832,0.6609175954764189,0.39748753045226604,0.5337830687830688,0.697199775533109,-0.006488123190983464,0.000388007054673678,-0.06420073753407085,0.16666666666666666,0.7326732673267327,0.014898665175579561,0.41025269946249404,0.5973597359735974
cranfield,1,disagreement__top_char,Disagreement-adaptive budget + Character-robust selection,top_char,Character-robust selection,disagreement,Disagreement-adaptive budget,Favor candidates supported by character-level similarity.,Allocate more labels where retrievers and model replicas disagree.,1212,12.0,0.20563594821020564,0.2,0.41576033603097867,0.5869631185807657,0.6907872356401769,0.374143402714075,0.5078659611992945,0.7014870931537598,-0.02983225092917452,-0.025529100529100623,-0.05991341991342003,0.13943894389438943,0.7524752475247525,0.015240139693710276,0.5902506177968317,0.5957095709570958
cranfield,1,disagreement__top_title,Disagreement-adaptive budget + Title-focused selection,top_title,Title-focused selection,disagreement,Disagreement-adaptive budget,Favor concise title evidence before full-document evidence.,Allocate more labels where retrievers and model replicas disagree.,1212,12.0,0.16907844630616908,0.0,0.4035004235933654,0.5812091503267974,0.7514569580746052,0.4039756536432495,0.5333950617283951,0.7614005130671798,0.0,0.0,0.0,0.09983498349834984,0.594059405940594,0.015337451013794827,0.6268177721464988,0.5858085808580858
cranfield,1,disagreement__rrf_consensus,Disagreement-adaptive budget + Multi-retriever consensus,rrf_consensus,Multi-retriever consensus,disagreement,Disagreement-adaptive budget,Reward candidates jointly supported by several retrievers.,Allocate more labels where retrievers and model replicas disagree.,1212,12.0,0.22010662604722012,0.2,0.41569642212097735,0.579201680672269,0.7567557442557442,0.4125116286443659,0.5326190476190475,0.7596007696007695,0.008535975001116414,-0.0007760141093475781,-0.0017997434664103196,0.1551155115511551,0.7722772277227723,0.0053303024851449644,0.5215575353491424,0.613036303630363
cranfield,1,disagreement__retriever_disagreement,Disagreement-adaptive budget + Retriever disagreement,retriever_disagreement,Retriever disagreement,disagreement,Disagreement-adaptive budget,"Label pairs on which lexical, character and semantic retrievers disagree.",Allocate more labels where retrievers and model replicas disagree.,1212,12.0,0.15917745620715917,0.0,0.4035004235933654,0.5812091503267974,0.7514569580746052,0.4039756536432495,0.5333950617283951,0.7614005130671798,0.0,0.0,0.0,0.0891089108910891,0.5841584158415841,0.047700855352304165,0.5699843650702203,0.6031353135313532
cranfield,1,disagreement__uncertainty,Disagreement-adaptive budget + Current-model uncertainty,uncertainty,Current-model uncertainty,disagreement,Disagreement-adaptive budget,Label candidates nearest the current model's decision boundary.,Allocate more labels where retrievers and model replicas disagree.,1212,12.0,0.10891089108910891,0.4,0.4092731270748853,0.5748249299719889,0.60973593400064,0.41115948098228766,0.5248148148148148,0.6636628186628186,0.007183827339038162,-0.00858024691358028,-0.0977376944043612,0.034653465346534656,0.2871287128712871,0.063787310233604,0.6655635370476412,0.6443894389438944
cranfield,1,disagreement__committee,Disagreement-adaptive budget + Bootstrap committee disagreement,committee,Bootstrap committee disagreement,disagreement,Disagreement-adaptive budget,Use epistemic disagreement across cheap student replicas.,Allocate more labels where retrievers and model replicas disagree.,1212,12.0,0.10662604722010663,0.4,0.413818408542552,0.5914565826330532,0.7108724200635965,0.4121486568747811,0.5226190476190476,0.7375917909251243,0.008173003231531584,-0.010776014109347476,-0.02380872214205554,0.03217821782178218,0.2871287128712871,0.08361524068089601,0.7214760727221423,0.5792079207920792
cranfield,1,disagreement__false_positive,Disagreement-adaptive budget + Likely false-positive hunting,false_positive,Likely false-positive hunting,disagreement,Disagreement-adaptive budget,Inspect high-ranked candidates the current model distrusts.,Allocate more labels where retrievers and model replicas disagree.,1212,12.0,0.08301599390708302,0.8,0.43187169668022496,0.5727941176470589,0.5766623490888196,0.39698316764992486,0.5142857142857143,0.5962818662818663,-0.0069924859933246375,-0.01910934744268078,-0.16511864678531352,0.006600660066006601,0.07920792079207921,0.04832187899858645,0.8419619568503729,0.6089108910891089
cranfield,1,disagreement__false_negative,Disagreement-adaptive budget + Likely false-negative hunting,false_negative,Likely false-negative hunting,disagreement,Disagreement-adaptive budget,Inspect low-ranked candidates the current model considers promising.,Allocate more labels where retrievers and model replicas disagree.,1212,12.0,0.12718964204112718,0.4,0.4164634227448707,0.5958683473389356,0.7808344433344434,0.40113438531222273,0.5298412698412699,0.7473272406605741,-0.0028412683310267695,-0.003553791887125235,-0.014073272406605719,0.054455445544554455,0.42574257425742573,0.17689615512641743,0.6775547628945643,0.5874587458745875
cranfield,1,disagreement__coverage,Disagreement-adaptive budget + Query-term coverage,coverage,Query-term coverage,disagreement,Disagreement-adaptive budget,Prefer documents covering more of the query's content.,Allocate more labels where retrievers and model replicas disagree.,1212,12.0,0.19268849961919268,0.4,0.41881988934802694,0.6053104575163398,0.5919173963291611,0.38353736802401467,0.5145679012345679,0.6325428892095558,-0.02043828561923483,-0.018827160493827266,-0.128857623857624,0.1254125412541254,0.7326732673267327,0.012842742179093187,0.5853503535289576,0.5544554455445545
cranfield,1,disagreement__rank_strata,Disagreement-adaptive budget + Rank-stratified sampling,rank_strata,Rank-stratified sampling,disagreement,Disagreement-adaptive budget,Guarantee supervision from each rank band.,Allocate more labels where retrievers and model replicas disagree.,1212,12.0,0.12338156892612338,0.4,0.41819338672967676,0.5863445378151261,0.5631038487656135,0.40853641013010056,0.5172134038800705,0.6259291325957992,0.004560756486851059,-0.016181657848324593,-0.13547138047138063,0.05033003300330033,0.44554455445544555,0.03220475624890217,0.6560714224187454,0.6328382838283828
cranfield,1,disagreement__mmr_relevance,Disagreement-adaptive budget + Relevance–diversity MMR,mmr_relevance,Relevance–diversity MMR,disagreement,Disagreement-adaptive budget,Balance likely relevance with non-redundant documents.,Allocate more labels where retrievers and model replicas disagree.,1212,12.0,0.14546839299314546,0.2,0.4212231095939916,0.5961601307189544,0.7462388102093985,0.4061128875605563,0.5242239858906526,0.7748565015231681,0.0021372339173068022,-0.00917107583774257,0.013455988455988277,0.07425742574257425,0.5148514851485149,0.01728721769532748,0.7604813655414203,0.6221122112211221
cranfield,1,disagreement__mmr_uncertainty,Disagreement-adaptive budget + Uncertainty–diversity MMR,mmr_uncertainty,Uncertainty–diversity MMR,disagreement,Disagreement-adaptive budget,Cover multiple uncertain semantic regions.,Allocate more labels where retrievers and model replicas disagree.,1212,12.0,0.10586443259710586,0.4,0.4169357281285319,0.5807072829131653,0.7929165197547551,0.4141683745559198,0.5254320987654322,0.7661984928651595,0.010192720912670317,-0.00796296296296295,0.00479797979797969,0.03135313531353135,0.2871287128712871,0.09265635184722372,0.8052293463508682,0.6229372937293729
cranfield,1,disagreement__farthest_first,Disagreement-adaptive budget + Semantic k-center coverage,farthest_first,Semantic k-center coverage,disagreement,Disagreement-adaptive budget,Cover the candidate manifold with farthest-first traversal.,Allocate more labels where retrievers and model replicas disagree.,1212,12.0,0.08301599390708302,1.0,0.4269906212579695,0.5905929038281981,0.7366139987463517,0.38854255895996154,0.502768959435626,0.7653150553150553,-0.015433094683287962,-0.030626102292769075,0.003914542247875463,0.006600660066006601,0.07920792079207921,0.09647744559612212,0.9070772074236728,0.6006600660066007
cranfield,1,disagreement__cluster_representatives,Disagreement-adaptive budget + Candidate-cluster representatives,cluster_representatives,Candidate-cluster representatives,disagreement,Disagreement-adaptive budget,Take representative documents from multiple semantic clusters.,Allocate more labels where retrievers and model replicas disagree.,1212,12.0,0.11957349581111958,0.4,0.41591308062904864,0.589577497665733,0.701257035448212,0.40747007677231917,0.527989417989418,0.7384896584896585,0.003494423129069668,-0.005405643738977117,-0.02291085457752129,0.0462046204620462,0.37623762376237624,0.05069332788683007,0.7585120407661589,0.5297029702970297
cranfield,1,disagreement__center_outlier_mix,Disagreement-adaptive budget + Typical–outlier mixture,center_outlier_mix,Typical–outlier mixture,disagreement,Disagreement-adaptive budget,Label both dense-region representatives and unusual candidates.,Allocate more labels where retrievers and model replicas disagree.,1212,12.0,0.11957349581111958,0.2,0.41199629780207053,0.5698879551820728,0.7794204161851221,0.41297541768822577,0.5313580246913581,0.7699021965688633,0.008999764044976266,-0.0020370370370370594,0.008501683501683455,0.0462046204620462,0.40594059405940597,0.07888767659270723,0.7684232321116004,0.5214521452145214
cranfield,1,disagreement__hard_negative,Disagreement-adaptive budget + Hard-negative proxy,hard_negative,Hard-negative proxy,disagreement,Disagreement-adaptive budget,Prioritize high retrieval score but low relevance probability.,Allocate more labels where retrievers and model replicas disagree.,1212,12.0,0.08987052551408987,0.6,0.4256260369142894,0.5859360410830999,0.5976922995305349,0.4122570305609243,0.5171869488536155,0.6298268398268398,0.008281376917674776,-0.016208112874779634,-0.13157367324033997,0.014026402640264026,0.15841584158415842,0.02819316836670287,0.7965660083411944,0.6089108910891089
cranfield,1,disagreement__leverage,Disagreement-adaptive budget + Feature-space leverage,leverage,Feature-space leverage,disagreement,Disagreement-adaptive budget,Select statistically influential examples in the student feature space.,Allocate more labels where retrievers and model replicas disagree.,1212,12.0,0.13328255902513328,0.8,0.41619598309794936,0.5790032679738562,0.7892068307509484,0.40582133996168834,0.5147442680776013,0.7812425845759178,0.001845686318438844,-0.018650793650793807,0.019842071508737957,0.06105610561056106,0.5445544554455446,0.12453732809217849,0.7852518033273149,0.5907590759075908
cranfield,1,disagreement__d_optimal,Disagreement-adaptive budget + D-optimal experimental design,d_optimal,D-optimal experimental design,disagreement,Disagreement-adaptive budget,Choose a set that maximizes feature-space information volume.,Allocate more labels where retrievers and model replicas disagree.,1212,12.0,0.130997715156131,0.6,0.4187054608594356,0.5928104575163399,0.7892068307509484,0.415291219678654,0.5294708994708994,0.7775036075036075,0.011315566035404512,-0.0039241622574957,0.016103094436427656,0.05858085808580858,0.49504950495049505,0.09424282261247288,0.7677059380134733,0.5635313531353136
cranfield,1,disagreement__portfolio,Disagreement-adaptive budget + Diversified policy portfolio,portfolio,Diversified policy portfolio,disagreement,Disagreement-adaptive budget,"Hedge across exploitation, uncertainty, disagreement, coverage and diversity.",Allocate more labels where retrievers and model replicas disagree.,1212,12.0,0.15993907083015993,1.0,0.4180417413973399,0.6035130718954248,0.6899778734337558,0.4017371436993328,0.507089947089947,0.7358617925284594,-0.002238509943916722,-0.02630511463844809,-0.025538720538720416,0.08993399339933994,0.6138613861386139,0.049130448758012,0.6796184279540978,0.6320132013201321
cranfield,1,topic_balanced__random,Topic-balanced budget + Random exploration,random,Random exploration,topic_balanced,Topic-balanced budget,A random but reproducible sample is a strong unbiased control.,"Equalize total feedback across query clusters, not raw query counts.",1212,12.0,0.10738766184310738,0.4,0.41494771556263255,0.582843137254902,0.7398505497770204,0.4094102252468505,0.5284832451499119,0.7472566939233606,0.005434571603601002,-0.004911816578483275,-0.014143819143819236,0.033003300330033,0.32673267326732675,0.07069405844502717,0.7661753515205761,0.6468646864686468
cranfield,1,topic_balanced__top_base,Topic-balanced budget + Top current-retriever candidates,top_base,Top current-retriever candidates,topic_balanced,Topic-balanced budget,Exploit the current retriever's highest-scoring documents.,"Equalize total feedback across query clusters, not raw query counts.",1212,12.0,0.22239146991622238,0.2,0.4227135891619396,0.5787931839402427,0.7655920060331824,0.41041337532731564,0.5302469135802469,0.7777409010742344,0.006437721684066144,-0.003148148148148233,0.016340388007054618,0.15759075907590758,0.7722772277227723,0.005163989690664185,0.5236609070607932,0.6097359735973598
cranfield,1,topic_balanced__uniform_rank,Topic-balanced budget + Uniform rank coverage,uniform_rank,Uniform rank coverage,topic_balanced,Topic-balanced budget,Spread labels across the whole candidate ranking instead of only its head.,"Equalize total feedback across query clusters, not raw query counts.",1212,12.0,0.12414318354912414,0.2,0.4157500096534523,0.5794117647058823,0.793344645550528,0.4139776995048348,0.5328042328042327,0.756075036075036,0.010002045861585318,-0.000590828924162401,-0.005325476992143807,0.05115511551155116,0.43564356435643564,0.03683323961476682,0.6976031262685757,0.6460396039603961
cranfield,1,topic_balanced__head_tail,Topic-balanced budget + Head–tail mixture,head_tail,Head–tail mixture,topic_balanced,Topic-balanced budget,Label both likely positives/hard negatives and clear negatives.,"Equalize total feedback across query clusters, not raw query counts.",1212,12.0,0.17364813404417365,0.6,0.41804752413303964,0.5762254901960785,0.8076942257089316,0.4229756376743337,0.5323368606701939,0.7734471701138367,0.018999984031084216,-0.0010582010582012025,0.012046657046656861,0.10478547854785479,0.693069306930693,0.1349366690361067,0.7258275222070146,0.6254125412541254
cranfield,1,topic_balanced__top_bm25,Topic-balanced budget + Lexical-first selection,top_bm25,Lexical-first selection,topic_balanced,Topic-balanced budget,Spend feedback on BM25's strongest candidates.,"Equalize total feedback across query clusters, not raw query counts.",1212,12.0,0.20563594821020564,0.2,0.41508739940967854,0.5832049486461252,0.7739039147127382,0.4122635424090222,0.5232716049382716,0.7627946127946128,0.008287888765772689,-0.010123456790123497,0.0013940997274329847,0.13943894389438943,0.7722772277227723,0.008250234445722976,0.591676600941337,0.6179867986798679
cranfield,1,topic_balanced__top_lsa,Topic-balanced budget + Semantic-first selection,top_lsa,Semantic-first selection,topic_balanced,Topic-balanced budget,Spend feedback on latent-semantic candidates.,"Equalize total feedback across query clusters, not raw query counts.",1212,12.0,0.23000761614623,0.0,0.4035004235933654,0.5812091503267974,0.7514569580746052,0.4039756536432495,0.5333950617283951,0.7614005130671798,0.0,0.0,0.0,0.16584158415841585,0.7227722772277227,0.014948205585920377,0.4138347568488357,0.5874587458745875
cranfield,1,topic_balanced__top_char,Topic-balanced budget + Character-robust selection,top_char,Character-robust selection,topic_balanced,Topic-balanced budget,Favor candidates supported by character-level similarity.,"Equalize total feedback across query clusters, not raw query counts.",1212,12.0,0.2063975628332064,0.2,0.4148563352615112,0.5874883286647993,0.6701424392600863,0.3737548997108421,0.5041622574955908,0.7035072951739618,-0.030220753932407418,-0.029232804232804277,-0.057893217893217996,0.14026402640264027,0.7623762376237624,0.01625276787249562,0.6009905180423567,0.5915841584158416
cranfield,1,topic_balanced__top_title,Topic-balanced budget + Title-focused selection,top_title,Title-focused selection,topic_balanced,Topic-balanced budget,Favor concise title evidence before full-document evidence.,"Equalize total feedback across query clusters, not raw query counts.",1212,12.0,0.17136329017517135,0.0,0.4035004235933654,0.5812091503267974,0.7514569580746052,0.4039756536432495,0.5333950617283951,0.7614005130671798,0.0,0.0,0.0,0.10231023102310231,0.6138613861386139,0.015325655441473025,0.6248773422719228,0.5759075907590759
cranfield,1,topic_balanced__rrf_consensus,Topic-balanced budget + Multi-retriever consensus,rrf_consensus,Multi-retriever consensus,topic_balanced,Topic-balanced budget,Reward candidates jointly supported by several retrievers.,"Equalize total feedback across query clusters, not raw query counts.",1212,12.0,0.21706016755521707,0.2,0.4213276512032053,0.5762605042016807,0.7671191553544494,0.41257029945525125,0.5302469135802469,0.7696103896103895,0.008594645812001755,-0.003148148148148233,0.008209876543209704,0.15181518151815182,0.7524752475247525,0.005712471041742331,0.5255614196014876,0.6047854785478548
cranfield,1,topic_balanced__retriever_disagreement,Topic-balanced budget + Retriever disagreement,retriever_disagreement,Retriever disagreement,topic_balanced,Topic-balanced budget,"Label pairs on which lexical, character and semantic retrievers disagree.","Equalize total feedback across query clusters, not raw query counts.",1212,12.0,0.16298552932216298,0.0,0.4035004235933654,0.5812091503267974,0.7514569580746052,0.4039756536432495,0.5333950617283951,0.7614005130671798,0.0,0.0,0.0,0.09323432343234324,0.5841584158415841,0.04392812265814728,0.5729171945021885,0.584983498349835
cranfield,1,topic_balanced__uncertainty,Topic-balanced budget + Current-model uncertainty,uncertainty,Current-model uncertainty,topic_balanced,Topic-balanced budget,Label candidates nearest the current model's decision boundary.,"Equalize total feedback across query clusters, not raw query counts.",1212,12.0,0.10586443259710586,0.4,0.4072782606566529,0.5762605042016806,0.6091231889026006,0.39774169626910605,0.5121869488536155,0.6732491582491582,-0.006233957374143451,-0.02120811287477964,-0.08815135481802161,0.03135313531353135,0.22772277227722773,0.0650181518529508,0.6646065006751826,0.6344884488448845
cranfield,1,topic_balanced__committee,Topic-balanced budget + Bootstrap committee disagreement,committee,Bootstrap committee disagreement,topic_balanced,Topic-balanced budget,Use epistemic disagreement across cheap student replicas.,"Equalize total feedback across query clusters, not raw query counts.",1212,12.0,0.11195734958111196,0.4,0.41374028452407047,0.5921568627450982,0.6890244151273562,0.408230515806612,0.5218430335097002,0.7308617925284592,0.004254862163362516,-0.011552028218694943,-0.030538720538720643,0.037953795379537955,0.297029702970297,0.08029721741235689,0.7184367109053206,0.5734323432343235
cranfield,1,topic_balanced__false_positive,Topic-balanced budget + Likely false-positive hunting,false_positive,Likely false-positive hunting,topic_balanced,Topic-balanced budget,Inspect high-ranked candidates the current model distrusts.,"Equalize total feedback across query clusters, not raw query counts.",1212,12.0,0.08301599390708302,0.8,0.42724672727254726,0.5662114845938375,0.584326376238141,0.3966118985428591,0.5124338624338625,0.6031601731601732,-0.00736375510039039,-0.020961199294532662,-0.1582403399070066,0.006600660066006601,0.07920792079207921,0.04807004888262292,0.8400661125041471,0.6097359735973598
cranfield,1,topic_balanced__false_negative,Topic-balanced budget + Likely false-negative hunting,false_negative,Likely false-negative hunting,topic_balanced,Topic-balanced budget,Inspect low-ranked candidates the current model considers promising.,"Equalize total feedback across query clusters, not raw query counts.",1212,12.0,0.12566641279512566,0.4,0.4166816991124615,0.5965686274509804,0.7808344433344434,0.4042598576611218,0.5298148148148148,0.7539939073272407,0.00028420401787232485,-0.003580246913580276,-0.0074066057399391205,0.052805280528052806,0.40594059405940597,0.17260560801517058,0.677525398459765,0.5858085808580858
cranfield,1,topic_balanced__coverage,Topic-balanced budget + Query-term coverage,coverage,Query-term coverage,topic_balanced,Topic-balanced budget,Prefer documents covering more of the query's content.,"Equalize total feedback across query clusters, not raw query counts.",1212,12.0,0.18811881188118812,0.4,0.41460651888525524,0.6037931839402427,0.5911080341227399,0.3801646029195969,0.5123456790123457,0.6374899791566457,-0.023811050723652583,-0.021049382716049392,-0.12391053391053408,0.12046204620462046,0.7128712871287128,0.012454086060177769,0.5875423285040525,0.5577557755775577
cranfield,1,topic_balanced__rank_strata,Topic-balanced budget + Rank-stratified sampling,rank_strata,Rank-stratified sampling,topic_balanced,Topic-balanced budget,Guarantee supervision from each rank band.,"Equalize total feedback across query clusters, not raw query counts.",1212,12.0,0.12185833968012186,0.4,0.41562593429996264,0.5865896358543418,0.5753521804992394,0.4091557712027738,0.5153350970017636,0.6319785153118486,0.0051801175595243,-0.018059964726631517,-0.12942199775533125,0.04867986798679868,0.4158415841584158,0.03690106183192124,0.6635546822949211,0.6295379537953796
cranfield,1,topic_balanced__mmr_relevance,Topic-balanced budget + Relevance–diversity MMR,mmr_relevance,Relevance–diversity MMR,topic_balanced,Topic-balanced budget,Balance likely relevance with non-redundant documents.,"Equalize total feedback across query clusters, not raw query counts.",1212,12.0,0.14775323686214775,0.4,0.42256386890918296,0.5795284780578898,0.5791537302566715,0.4070764916551459,0.5182098765432098,0.629579926246593,0.003100838011896423,-0.015185185185185301,-0.13182058682058684,0.07673267326732673,0.5148514851485149,0.01827389596909186,0.7609900832176208,0.6179867986798679
cranfield,1,topic_balanced__mmr_uncertainty,Topic-balanced budget + Uncertainty–diversity MMR,mmr_uncertainty,Uncertainty–diversity MMR,topic_balanced,Topic-balanced budget,Cover multiple uncertain semantic regions.,"Equalize total feedback across query clusters, not raw query counts.",1212,12.0,0.10434120335110435,1.0,0.4182766254725817,0.6032212885154061,0.6269486232721527,0.3991428622391213,0.49969135802469133,0.683666025332692,-0.004832791404128178,-0.03370370370370379,-0.07773448773448777,0.0297029702970297,0.26732673267326734,0.0919061697060519,0.8042685330504238,0.6188118811881188
cranfield,1,topic_balanced__farthest_first,Topic-balanced budget + Semantic k-center coverage,farthest_first,Semantic k-center coverage,topic_balanced,Topic-balanced budget,Cover the candidate manifold with farthest-first traversal.,"Equalize total feedback across query clusters, not raw query counts.",1212,12.0,0.08453922315308454,1.0,0.42702817610283467,0.6146591970121382,0.7297997345791464,0.38825588493014196,0.524620811287478,0.7651034151034152,-0.01571976871310754,-0.008774250440917175,0.003702902036235356,0.00825082508250825,0.09900990099009901,0.09707074973842886,0.9074135977442902,0.6113861386138614
cranfield,1,topic_balanced__cluster_representatives,Topic-balanced budget + Candidate-cluster representatives,cluster_representatives,Candidate-cluster representatives,topic_balanced,Topic-balanced budget,Take representative documents from multiple semantic clusters.,"Equalize total feedback across query clusters, not raw query counts.",1212,12.0,0.13252094440213252,0.4,0.41600592880789344,0.5871265172735761,0.6926045359868889,0.40907854924611015,0.5249647266313934,0.7233742183742183,0.0051028956028606465,-0.008430335097001751,-0.03802629469296148,0.06023102310231023,0.43564356435643564,0.04751979748998145,0.7518913952430876,0.5363036303630363
cranfield,1,topic_balanced__center_outlier_mix,Topic-balanced budget + Typical–outlier mixture,center_outlier_mix,Typical–outlier mixture,topic_balanced,Topic-balanced budget,Label both dense-region representatives and unusual candidates.,"Equalize total feedback across query clusters, not raw query counts.",1212,12.0,0.1210967250571211,0.2,0.4142968814967226,0.584593837535014,0.7867733573615927,0.40880561245052155,0.532716049382716,0.7699021965688633,0.00482995880727205,-0.0006790123456791308,0.008501683501683455,0.04785478547854786,0.4158415841584158,0.07794935927532687,0.7685205765289835,0.5247524752475248
cranfield,1,topic_balanced__hard_negative,Topic-balanced budget + Hard-negative proxy,hard_negative,Hard-negative proxy,topic_balanced,Topic-balanced budget,Prioritize high retrieval score but low relevance probability.,"Equalize total feedback across query clusters, not raw query counts.",1212,12.0,0.0891089108910891,0.6,0.4231036982933076,0.5734360410830999,0.6058640297610886,0.41361233423002575,0.5192857142857144,0.6362289562289563,0.009636680586776247,-0.014109347442680775,-0.12517155683822356,0.013201320132013201,0.15841584158415842,0.0266591870647059,0.7976243779210761,0.6245874587458746
cranfield,1,topic_balanced__leverage,Topic-balanced budget + Feature-space leverage,leverage,Feature-space leverage,topic_balanced,Topic-balanced budget,Select statistically influential examples in the student feature space.,"Equalize total feedback across query clusters, not raw query counts.",1212,12.0,0.13632901751713633,0.6,0.42063444705740466,0.5905578898225956,0.7892068307509484,0.41166224181536415,0.507989417989418,0.7775212441879107,0.00768658817211465,-0.025405643738977135,0.01612073112073087,0.06435643564356436,0.5247524752475248,0.12315609633135717,0.7848275421869637,0.5932343234323433
cranfield,1,topic_balanced__d_optimal,Topic-balanced budget + D-optimal experimental design,d_optimal,D-optimal experimental design,topic_balanced,Topic-balanced budget,Choose a set that maximizes feature-space information volume.,"Equalize total feedback across query clusters, not raw query counts.",1212,12.0,0.12947448591012947,1.0,0.41925506557654363,0.5819794584500466,0.757309806206865,0.4129057894511109,0.4898324514991182,0.7677152477152477,0.008930135807861395,-0.04356261022927693,0.006314734648067866,0.05693069306930693,0.46534653465346537,0.09589770524808676,0.766860004698876,0.5618811881188119
cranfield,1,topic_balanced__portfolio,Topic-balanced budget + Diversified policy portfolio,portfolio,Diversified policy portfolio,topic_balanced,Topic-balanced budget,"Hedge across exploitation, uncertainty, disagreement, coverage and diversity.","Equalize total feedback across query clusters, not raw query counts.",1212,12.0,0.16450875856816452,0.6,0.4210369773251794,0.6057072829131652,0.7513216766893237,0.4048693261730374,0.5058024691358024,0.762759339426006,0.0008936725297878922,-0.027592592592592724,0.0013588263588262262,0.09488448844884488,0.6039603960396039,0.05108611256179243,0.678220816177897,0.636963696369637
cranfield,2,uniform__random,Uniform per-query budget + Random exploration,random,Random exploration,uniform,Uniform per-query budget,A random but reproducible sample is a strong unbiased control.,Give every query the same number of feedback calls.,1212,12.0,0.11043412033511044,0.4,0.4156376339602215,0.4810457516339869,0.707662469210912,0.3978246537982339,0.512742504409171,0.6891592512425846,0.007780903631981251,0.004594356261022892,-0.06718474426807752,0.036303630363036306,0.31683168316831684,0.06289794278813668,0.7684500471200093,0.6567656765676567
cranfield,2,uniform__top_base,Uniform per-query budget + Top current-retriever candidates,top_base,Top current-retriever candidates,uniform,Uniform per-query budget,Exploit the current retriever's highest-scoring documents.,Give every query the same number of feedback calls.,1212,12.0,0.23533891850723535,0.2,0.41885847466009773,0.47291083099906633,0.7753310751148123,0.3944611676167834,0.5146825396825396,0.7030613676447011,0.004417417450530758,0.006534391534391504,-0.05328262786596105,0.1716171617161716,0.7326732673267327,0.004838438809114714,0.5276982270107411,0.6254125412541254
cranfield,2,uniform__uniform_rank,Uniform per-query budget + Uniform rank coverage,uniform_rank,Uniform rank coverage,uniform,Uniform per-query budget,Spread labels across the whole candidate ranking instead of only its head.,Give every query the same number of feedback calls.,1212,12.0,0.1172886519421173,0.2,0.41318424202242127,0.4672735760971055,0.7571938202128513,0.3933807899476611,0.5133597883597883,0.7283259179092513,0.0033370397814084796,0.005211640211640223,-0.02801807760141084,0.04372937293729373,0.3564356435643564,0.03132423566709651,0.7122912114799613,0.6386138613861386
cranfield,2,uniform__head_tail,Uniform per-query budget + Head–tail mixture,head_tail,Head–tail mixture,uniform,Uniform per-query budget,Label both likely positives/hard negatives and clear negatives.,Give every query the same number of feedback calls.,1212,12.0,0.1782178217821782,0.2,0.4169943004372317,0.494234360410831,0.7608702908010866,0.3890640907607223,0.5126543209876543,0.758328122494789,-0.0009796594055303531,0.004506172839506162,0.001984126984126866,0.10973597359735973,0.6336633663366337,0.1348405370224427,0.7315410782795141,0.6336633663366337
cranfield,2,uniform__top_bm25,Uniform per-query budget + Lexical-first selection,top_bm25,Lexical-first selection,uniform,Uniform per-query budget,Spend feedback on BM25's strongest candidates.,Give every query the same number of feedback calls.,1212,12.0,0.22239146991622238,0.2,0.42281969465231206,0.492436974789916,0.7881317836335138,0.3897555812529447,0.5081746031746032,0.7124168270001604,-0.00028816891330796235,2.6455026455041164e-05,-0.04392716851050171,0.15759075907590758,0.7128712871287128,0.00758674696530446,0.5921319611001723,0.6105610561056105
cranfield,2,uniform__top_lsa,Uniform per-query budget + Semantic-first selection,top_lsa,Semantic-first selection,uniform,Uniform per-query budget,Spend feedback on latent-semantic candidates.,Give every query the same number of feedback calls.,1212,12.0,0.2261995430312262,0.0,0.39975775988067175,0.4831699346405229,0.7388114672716749,0.39004375016625265,0.5081481481481481,0.7563439955106621,0.0,0.0,0.0,0.1617161716171617,0.7029702970297029,0.01463680903707007,0.4221243576543166,0.6097359735973598
cranfield,2,uniform__top_char,Uniform per-query budget + Character-robust selection,top_char,Character-robust selection,uniform,Uniform per-query budget,Favor candidates supported by character-level similarity.,Give every query the same number of feedback calls.,1212,12.0,0.22010662604722012,0.2,0.40042707801199096,0.4685340802987862,0.7030900520087372,0.3910635353352705,0.5046560846560847,0.6752511223344556,0.0010197851690178505,-0.0034920634920634352,-0.0810928731762065,0.1551155115511551,0.7227722772277227,0.014507060544719003,0.5929366652623261,0.6039603960396039
cranfield,2,uniform__top_title,Uniform per-query budget + Title-focused selection,top_title,Title-focused selection,uniform,Uniform per-query budget,Favor concise title evidence before full-document evidence.,Give every query the same number of feedback calls.,1212,12.0,0.1805026656511805,0.2,0.4059104104349294,0.4601307189542484,0.7176980218935236,0.38960255977549296,0.5183333333333333,0.7147815456148789,-0.0004411903907596826,0.010185185185185186,-0.04156244989578317,0.11221122112211221,0.6039603960396039,0.014870356264287489,0.6228103051238721,0.6047854785478548
cranfield,2,uniform__rrf_consensus,Uniform per-query budget + Multi-retriever consensus,rrf_consensus,Multi-retriever consensus,uniform,Uniform per-query budget,Reward candidates jointly supported by several retrievers.,Give every query the same number of feedback calls.,1212,12.0,0.2383853769992384,0.2,0.41762142247666784,0.46996965452847805,0.7896167894005265,0.3943933103301796,0.5146825396825396,0.6985111030944364,0.004349560163926958,0.006534391534391504,-0.05783289241622569,0.17491749174917492,0.7326732673267327,0.005375714634511337,0.5185490256488914,0.608085808580858
cranfield,2,uniform__retriever_disagreement,Uniform per-query budget + Retriever disagreement,retriever_disagreement,Retriever disagreement,uniform,Uniform per-query budget,"Label pairs on which lexical, character and semantic retrievers disagree.",Give every query the same number of feedback calls.,1212,12.0,0.16831683168316833,0.0,0.39975775988067175,0.4831699346405229,0.7388114672716749,0.39004375016625265,0.5081481481481481,0.7563439955106621,0.0,0.0,0.0,0.09900990099009901,0.5643564356435643,0.04492305750303929,0.5692356253909593,0.599009900990099
cranfield,2,uniform__uncertainty,Uniform per-query budget + Current-model uncertainty,uncertainty,Current-model uncertainty,uniform,Uniform per-query budget,Label candidates nearest the current model's decision boundary.,Give every query the same number of feedback calls.,1212,12.0,0.11957349581111958,0.6,0.43804287239867273,0.48781512605042016,0.7501910190924032,0.4066957453468193,0.5205467372134038,0.759093113676447,0.016651995180566648,0.012398589065255705,0.002749118165784936,0.0462046204620462,0.37623762376237624,0.0689996611757247,0.6626381918345348,0.6212871287128713
cranfield,2,uniform__committee,Uniform per-query budget + Bootstrap committee disagreement,committee,Bootstrap committee disagreement,uniform,Uniform per-query budget,Use epistemic disagreement across cheap student replicas.,Give every query the same number of feedback calls.,1212,12.0,0.11576542269611577,0.2,0.410381691984883,0.49586834733893553,0.7571938202128513,0.39122061958762544,0.5019400352733686,0.7638836780503445,0.0011768694213727948,-0.0062081128747795145,0.007539682539682402,0.04207920792079208,0.3564356435643564,0.1446866801272918,0.7344379823396702,0.6204620462046204
cranfield,2,uniform__false_positive,Uniform per-query budget + Likely false-positive hunting,false_positive,Likely false-positive hunting,uniform,Uniform per-query budget,Inspect high-ranked candidates the current model distrusts.,Give every query the same number of feedback calls.,1212,12.0,0.08758568164508758,0.6,0.4202339700425417,0.48586601307189536,0.7243173061079636,0.39711990079231746,0.5165696649029983,0.594062049062049,0.007076150626064814,0.008421516754850145,-0.16228194644861316,0.01155115511551155,0.12871287128712872,0.03677485199651309,0.8124037184337578,0.5957095709570958
cranfield,2,uniform__false_negative,Uniform per-query budget + Likely false-negative hunting,false_negative,Likely false-negative hunting,uniform,Uniform per-query budget,Inspect low-ranked candidates the current model considers promising.,Give every query the same number of feedback calls.,1212,12.0,0.12185833968012186,0.6,0.409252864347497,0.48495564892623716,0.7927330358991258,0.385144269618475,0.5208553791887124,0.7641901154401154,-0.004899480547777668,0.01270723104056426,0.007846119929453277,0.04867986798679868,0.3564356435643564,0.17659301583719725,0.6914621438130294,0.594059405940594
cranfield,2,uniform__coverage,Uniform per-query budget + Query-term coverage,coverage,Query-term coverage,uniform,Uniform per-query budget,Prefer documents covering more of the query's content.,Give every query the same number of feedback calls.,1212,12.0,0.2048743335872049,0.2,0.4251802217816396,0.49488795518207285,0.7903582624603386,0.3862875421666134,0.5059523809523808,0.7141672679172678,-0.0037562079996392717,-0.0021957671957673064,-0.0421767275933943,0.13861386138613863,0.6732673267326733,0.011087597744299633,0.5850059273514417,0.5668316831683168
cranfield,2,uniform__rank_strata,Uniform per-query budget + Rank-stratified sampling,rank_strata,Rank-stratified sampling,uniform,Uniform per-query budget,Guarantee supervision from each rank band.,Give every query the same number of feedback calls.,1212,12.0,0.12718964204112718,0.4,0.4222720267465158,0.472047152194211,0.6127975926418833,0.39360731707783214,0.5119400352733685,0.5305347122013788,0.0035635669115794966,0.0037918871252203834,-0.2258092833092833,0.054455445544554455,0.36633663366336633,0.03170640304340388,0.6487176630756643,0.6163366336633663
cranfield,2,uniform__mmr_relevance,Uniform per-query budget + Relevance–diversity MMR,mmr_relevance,Relevance–diversity MMR,uniform,Uniform per-query budget,Balance likely relevance with non-redundant documents.,Give every query the same number of feedback calls.,1212,12.0,0.15841584158415842,0.2,0.4218029685169267,0.49031279178338005,0.7924161142586748,0.3966539656127261,0.5167283950617284,0.7035463764630431,0.006610215446473444,0.00858024691358028,-0.05279761904761904,0.08828382838283828,0.5247524752475248,0.018462620749331936,0.7631611396180521,0.6287128712871287
cranfield,2,uniform__mmr_uncertainty,Uniform per-query budget + Uncertainty–diversity MMR,mmr_uncertainty,Uncertainty–diversity MMR,uniform,Uniform per-query budget,Cover multiple uncertain semantic regions.,Give every query the same number of feedback calls.,1212,12.0,0.10357958872810358,0.6,0.42504166880787814,0.4818160597572363,0.7634828742960231,0.4039104070313829,0.5205467372134038,0.7810441718775051,0.013866656865130278,0.012398589065255705,0.024700176366842963,0.028877887788778877,0.2871287128712871,0.0970654418267826,0.8109955404064443,0.6336633663366337
cranfield,2,uniform__farthest_first,Uniform per-query budget + Semantic k-center coverage,farthest_first,Semantic k-center coverage,uniform,Uniform per-query budget,Cover the candidate manifold with farthest-first traversal.,Give every query the same number of feedback calls.,1212,12.0,0.07920792079207921,0.4,0.4233625115757884,0.4819444444444444,0.7689100451643706,0.4045755080138212,0.5169400352733686,0.7752262706429373,0.01453175784756855,0.008791887125220499,0.01888227513227514,0.0024752475247524753,0.0297029702970297,0.09203061013922047,0.9075063437518507,0.5998349834983498
cranfield,2,uniform__cluster_representatives,Uniform per-query budget + Candidate-cluster representatives,cluster_representatives,Candidate-cluster representatives,uniform,Uniform per-query budget,Take representative documents from multiple semantic clusters.,Give every query the same number of feedback calls.,1212,12.0,0.12795125666412796,0.4,0.42365475162547694,0.4831699346405229,0.7117096763290535,0.3951493477546277,0.5139770723104056,0.6467364117364117,0.005105597588375033,0.005828924162257443,-0.1096075837742504,0.05528052805280528,0.37623762376237624,0.051375097075704694,0.7613856780647051,0.5478547854785478
cranfield,2,uniform__center_outlier_mix,Uniform per-query budget + Typical–outlier mixture,center_outlier_mix,Typical–outlier mixture,uniform,Uniform per-query budget,Label both dense-region representatives and unusual candidates.,Give every query the same number of feedback calls.,1212,12.0,0.12261995430312261,0.4,0.415683931864223,0.4968954248366013,0.7802330358991258,0.3793613220553306,0.5125220458553792,0.7656583694083693,-0.010682428110922071,0.004373897707231067,0.009314373897707173,0.04950495049504951,0.42574257425742573,0.06974040807867207,0.7670607726172646,0.5214521452145214
cranfield,2,uniform__hard_negative,Uniform per-query budget + Hard-negative proxy,hard_negative,Hard-negative proxy,uniform,Uniform per-query budget,Prioritize high retrieval score but low relevance probability.,Give every query the same number of feedback calls.,1212,12.0,0.09824828636709824,0.4,0.41643082005865784,0.4829598506069093,0.7504693355471902,0.3934938136076845,0.5015432098765432,0.6222991822991822,0.0034500634414318387,-0.00660493827160491,-0.13404481321147987,0.0231023102310231,0.21782178217821782,0.023672022786077492,0.7702500820159912,0.6163366336633663
cranfield,2,uniform__leverage,Uniform per-query budget + Feature-space leverage,leverage,Feature-space leverage,uniform,Uniform per-query budget,Select statistically influential examples in the student feature space.,Give every query the same number of feedback calls.,1212,12.0,0.14775323686214775,0.2,0.41571839272094463,0.49215686274509807,0.753517349624616,0.39675503227349873,0.5130511463844797,0.7590225669392334,0.006711282107246086,0.004902998236331557,0.002678571428571308,0.07673267326732673,0.594059405940594,0.11582117697389999,0.778610348701477,0.5957095709570958
cranfield,2,uniform__d_optimal,Uniform per-query budget + D-optimal experimental design,d_optimal,D-optimal experimental design,uniform,Uniform per-query budget,Choose a set that maximizes feature-space information volume.,Give every query the same number of feedback calls.,1212,12.0,0.1431835491241432,0.2,0.4110236348173944,0.47830298786181136,0.7608702908010866,0.39279973525399503,0.5130511463844797,0.7545781224947893,0.0027559850877423853,0.004902998236331557,-0.001765873015872832,0.07178217821782178,0.5544554455445545,0.09310693256925828,0.7625628349804642,0.5899339933993399
cranfield,2,uniform__portfolio,Uniform per-query budget + Diversified policy portfolio,portfolio,Diversified policy portfolio,uniform,Uniform per-query budget,"Hedge across exploitation, uncertainty, disagreement, coverage and diversity.",Give every query the same number of feedback calls.,1212,12.0,0.17745620715917745,1.0,0.4181743685151217,0.4741013071895426,0.796885285034074,0.40566843846880585,0.5374338624338624,0.740333493666827,0.015624688302553202,0.02928571428571425,-0.016010501843835123,0.10891089108910891,0.6336633663366337,0.04999091734390448,0.6914770827435031,0.6303630363036303
cranfield,2,difficulty__random,Difficulty-adaptive budget + Random exploration,random,Random exploration,difficulty,Difficulty-adaptive budget,A random but reproducible sample is a strong unbiased control.,Allocate more labels to low-confidence/high-entropy queries.,1212,12.0,0.11043412033511044,0.6,0.4209332293048372,0.49214519140989726,0.7063031019345898,0.3972289434737256,0.5131393298059964,0.6497859547859548,0.00718519330747297,0.004991181657848287,-0.10655804072470731,0.036303630363036306,0.3465346534653465,0.0629498422047486,0.7710154959470918,0.6542904290429042
cranfield,2,difficulty__top_base,Difficulty-adaptive budget + Top current-retriever candidates,top_base,Top current-retriever candidates,difficulty,Difficulty-adaptive budget,Exploit the current retriever's highest-scoring documents.,Allocate more labels to low-confidence/high-entropy queries.,1212,12.0,0.23686214775323686,0.2,0.41874200305792125,0.47291083099906633,0.7753310751148123,0.39435565614039636,0.5146825396825396,0.7062359708193041,0.004311905974143715,0.006534391534391504,-0.050108024691358,0.17326732673267325,0.7326732673267327,0.0047305106329839225,0.5225323294058885,0.6212871287128713
cranfield,2,difficulty__uniform_rank,Difficulty-adaptive budget + Uniform rank coverage,uniform_rank,Uniform rank coverage,difficulty,Difficulty-adaptive budget,Spread labels across the whole candidate ranking instead of only its head.,Allocate more labels to low-confidence/high-entropy queries.,1212,12.0,0.1172886519421173,0.2,0.4139471857921781,0.47903828197945847,0.7831957594500848,0.394708999070307,0.5130511463844797,0.7274154240820907,0.004665248904054342,0.004902998236331557,-0.028928571428571415,0.04372937293729373,0.3564356435643564,0.029133254938786574,0.7052921039043086,0.636963696369637
cranfield,2,difficulty__head_tail,Difficulty-adaptive budget + Head–tail mixture,head_tail,Head–tail mixture,difficulty,Difficulty-adaptive budget,Label both likely positives/hard negatives and clear negatives.,Allocate more labels to low-confidence/high-entropy queries.,1212,12.0,0.17745620715917745,0.2,0.41685030816533897,0.4938258636788048,0.7571938202128513,0.38915402973900254,0.5126543209876543,0.758328122494789,-0.0008897204272501069,0.004506172839506162,0.001984126984126866,0.10891089108910891,0.6633663366336634,0.1317124195126417,0.7280834712604485,0.6287128712871287
cranfield,2,difficulty__top_bm25,Difficulty-adaptive budget + Lexical-first selection,top_bm25,Lexical-first selection,difficulty,Difficulty-adaptive budget,Spend feedback on BM25's strongest candidates.,Allocate more labels to low-confidence/high-entropy queries.,1212,12.0,0.21934501142421933,0.2,0.4226757023804194,0.492436974789916,0.7996369739449324,0.38986539273813675,0.5081746031746032,0.7203797899631235,-0.00017835742811589395,2.6455026455041164e-05,-0.03596420554753865,0.1542904290429043,0.7128712871287128,0.007566105365359744,0.5865853716536323,0.6146864686468647
cranfield,2,difficulty__top_lsa,Difficulty-adaptive budget + Semantic-first selection,top_lsa,Semantic-first selection,difficulty,Difficulty-adaptive budget,Spend feedback on latent-semantic candidates.,Allocate more labels to low-confidence/high-entropy queries.,1212,12.0,0.23076923076923078,0.0,0.39975775988067175,0.4831699346405229,0.7388114672716749,0.39004375016625265,0.5081481481481481,0.7563439955106621,0.0,0.0,0.0,0.16666666666666666,0.693069306930693,0.013502099529744769,0.42310328088184396,0.6155115511551155
cranfield,2,difficulty__top_char,Difficulty-adaptive budget + Character-robust selection,top_char,Character-robust selection,difficulty,Difficulty-adaptive budget,Favor candidates supported by character-level similarity.,Allocate more labels to low-confidence/high-entropy queries.,1212,12.0,0.22315308453922314,0.2,0.40011523545841177,0.4651027077497666,0.7046656822608379,0.3936926116295078,0.5046560846560846,0.6700835738335739,0.0036488614632551597,-0.0034920634920635463,-0.08626042167708825,0.15841584158415842,0.7326732673267327,0.013766314576167872,0.5859234176649906,0.6023102310231023
cranfield,2,difficulty__top_title,Difficulty-adaptive budget + Title-focused selection,top_title,Title-focused selection,difficulty,Difficulty-adaptive budget,Favor concise title evidence before full-document evidence.,Allocate more labels to low-confidence/high-entropy queries.,1212,12.0,0.17745620715917745,0.2,0.4061020553045859,0.4601307189542484,0.7176980218935236,0.3883740326972098,0.5183333333333333,0.7147815456148789,-0.0016697174690428196,0.010185185185185186,-0.04156244989578317,0.10891089108910891,0.5841584158415841,0.015115108968007683,0.6226202610253108,0.6072607260726073
cranfield,2,difficulty__rrf_consensus,Difficulty-adaptive budget + Multi-retriever consensus,rrf_consensus,Multi-retriever consensus,difficulty,Difficulty-adaptive budget,Reward candidates jointly supported by several retrievers.,Allocate more labels to low-confidence/high-entropy queries.,1212,12.0,0.2345773038842346,0.2,0.4186046386701671,0.4707866479925304,0.7741756129299382,0.3917024844489765,0.5031746031746032,0.6979591550424884,0.0016587342827238394,-0.004973544973544963,-0.058384840468173715,0.1707920792079208,0.7326732673267327,0.005310840535872053,0.5182350996402231,0.6039603960396039
cranfield,2,difficulty__retriever_disagreement,Difficulty-adaptive budget + Retriever disagreement,retriever_disagreement,Retriever disagreement,difficulty,Difficulty-adaptive budget,"Label pairs on which lexical, character and semantic retrievers disagree.",Allocate more labels to low-confidence/high-entropy queries.,1212,12.0,0.16298552932216298,0.0,0.39975775988067175,0.4831699346405229,0.7388114672716749,0.39004375016625265,0.5081481481481481,0.7563439955106621,0.0,0.0,0.0,0.09323432343234324,0.5742574257425742,0.04721252885785433,0.5695821386162597,0.5981848184818482
cranfield,2,difficulty__uncertainty,Difficulty-adaptive budget + Current-model uncertainty,uncertainty,Current-model uncertainty,difficulty,Difficulty-adaptive budget,Label candidates nearest the current model's decision boundary.,Allocate more labels to low-confidence/high-entropy queries.,1212,12.0,0.1188118811881188,0.6,0.4353632795997773,0.4850840336134453,0.7743506829579493,0.406048787955874,0.5205467372134038,0.7681275052108385,0.016005037789621368,0.012398589065255705,0.011783509700176387,0.04537953795379538,0.38613861386138615,0.06847241083190779,0.6562731133239104,0.6196369636963697
cranfield,2,difficulty__committee,Difficulty-adaptive budget + Bootstrap committee disagreement,committee,Bootstrap committee disagreement,difficulty,Difficulty-adaptive budget,Use epistemic disagreement across cheap student replicas.,Allocate more labels to low-confidence/high-entropy queries.,1212,12.0,0.11805026656511805,0.8,0.41273968814072104,0.45686274509803926,0.8086015099855931,0.39471906121710326,0.49802469135802463,0.7625410854577521,0.004675311050850617,-0.010123456790123497,0.0061970899470900065,0.04455445544554455,0.40594059405940597,0.14273160597672163,0.7346930409422016,0.6146864686468647
cranfield,2,difficulty__false_positive,Difficulty-adaptive budget + Likely false-positive hunting,false_positive,Likely false-positive hunting,difficulty,Difficulty-adaptive budget,Inspect high-ranked candidates the current model distrusts.,Allocate more labels to low-confidence/high-entropy queries.,1212,12.0,0.08758568164508758,0.6,0.4244726867425223,0.4873366013071895,0.7376020317629315,0.39604235097560364,0.5110141093474426,0.6188945005611671,0.005998600809350996,0.0028659611992944978,-0.137449494949495,0.01155115511551155,0.13861386138613863,0.037199483305314196,0.8104778091506203,0.5973597359735974
cranfield,2,difficulty__false_negative,Difficulty-adaptive budget + Likely false-negative hunting,false_negative,Likely false-negative hunting,difficulty,Difficulty-adaptive budget,Inspect low-ranked candidates the current model considers promising.,Allocate more labels to low-confidence/high-entropy queries.,1212,12.0,0.12261995430312261,0.6,0.4090355086003597,0.4840219421101774,0.7927330358991258,0.3805834431366288,0.5134479717813051,0.7641901154401154,-0.00946030702962386,0.005299823633156953,0.007846119929453277,0.04950495049504951,0.39603960396039606,0.17541820223968807,0.6929295791847871,0.5924092409240924
cranfield,2,difficulty__coverage,Difficulty-adaptive budget + Query-term coverage,coverage,Query-term coverage,difficulty,Difficulty-adaptive budget,Prefer documents covering more of the query's content.,Allocate more labels to low-confidence/high-entropy queries.,1212,12.0,0.2063975628332064,0.2,0.42466856739543046,0.492436974789916,0.8103162456536159,0.38377583359466166,0.5081746031746032,0.712994428411095,-0.006267916571590981,2.6455026455041164e-05,-0.043349567099567166,0.14026402640264027,0.693069306930693,0.011283399887604288,0.5834409787808315,0.570957095709571
cranfield,2,difficulty__rank_strata,Difficulty-adaptive budget + Rank-stratified sampling,rank_strata,Rank-stratified sampling,difficulty,Difficulty-adaptive budget,Guarantee supervision from each rank band.,Allocate more labels to low-confidence/high-entropy queries.,1212,12.0,0.12490479817212491,0.4,0.42062445773810897,0.472047152194211,0.6477981313188925,0.39857680052573435,0.5119400352733685,0.5551459034792368,0.008533050359481709,0.0037918871252203834,-0.20119809203142536,0.05198019801980198,0.36633663366336633,0.02990230903176978,0.6442924386794024,0.6204620462046204
cranfield,2,difficulty__mmr_relevance,Difficulty-adaptive budget + Relevance–diversity MMR,mmr_relevance,Relevance–diversity MMR,difficulty,Difficulty-adaptive budget,Balance likely relevance with non-redundant documents.,Allocate more labels to low-confidence/high-entropy queries.,1212,12.0,0.15841584158415842,0.2,0.4178732620909724,0.49051120448179275,0.7997690554351453,0.3957920285642517,0.5130246913580246,0.7146574875741541,0.005748278397999074,0.004876543209876516,-0.041686507936507966,0.08828382838283828,0.5544554455445545,0.017011796582256607,0.7651916789536429,0.6295379537953796
cranfield,2,difficulty__mmr_uncertainty,Difficulty-adaptive budget + Uncertainty–diversity MMR,mmr_uncertainty,Uncertainty–diversity MMR,difficulty,Difficulty-adaptive budget,Cover multiple uncertain semantic regions.,Allocate more labels to low-confidence/high-entropy queries.,1212,12.0,0.1051028179741051,0.8,0.4239351593109469,0.46158963585434176,0.7613820339598888,0.4074969404898971,0.5156437389770722,0.7585507856341189,0.017453190323644452,0.007495590828924037,0.0022067901234568144,0.03052805280528053,0.32673267326732675,0.09620143473148346,0.8095787739989782,0.6254125412541254
cranfield,2,difficulty__farthest_first,Difficulty-adaptive budget + Semantic k-center coverage,farthest_first,Semantic k-center coverage,difficulty,Difficulty-adaptive budget,Cover the candidate manifold with farthest-first traversal.,Allocate more labels to low-confidence/high-entropy queries.,1212,12.0,0.08225437928408226,0.4,0.42247672526456187,0.4791666666666666,0.7666476017254564,0.40493080082958005,0.5144091710758377,0.7810904681738016,0.014887050663327406,0.006261022927689597,0.02474647266313945,0.005775577557755775,0.06930693069306931,0.09266283931118427,0.9062254428863525,0.6047854785478548
cranfield,2,difficulty__cluster_representatives,Difficulty-adaptive budget + Candidate-cluster representatives,cluster_representatives,Candidate-cluster representatives,difficulty,Difficulty-adaptive budget,Take representative documents from multiple semantic clusters.,Allocate more labels to low-confidence/high-entropy queries.,1212,12.0,0.11957349581111958,0.4,0.41841401135987466,0.47679738562091495,0.7249944019840213,0.40238529792413147,0.5164462081128748,0.6924484928651596,0.012341547757878824,0.008298059964726656,-0.06389550264550248,0.0462046204620462,0.37623762376237624,0.05158210503976337,0.7621572212417527,0.5429042904290429
cranfield,2,difficulty__center_outlier_mix,Difficulty-adaptive budget + Typical–outlier mixture,center_outlier_mix,Typical–outlier mixture,difficulty,Difficulty-adaptive budget,Label both dense-region representatives and unusual candidates.,Allocate more labels to low-confidence/high-entropy queries.,1212,12.0,0.1210967250571211,0.4,0.41822179624839756,0.49754901960784315,0.7875859770755964,0.37386082288708167,0.5010141093474427,0.7670472582972582,-0.016182927279170978,-0.0071340388007054,0.010703262786596057,0.04785478547854786,0.4158415841584158,0.07131390322749764,0.7708186548535186,0.523102310231023
cranfield,2,difficulty__hard_negative,Difficulty-adaptive budget + Hard-negative proxy,hard_negative,Hard-negative proxy,difficulty,Difficulty-adaptive budget,Prioritize high retrieval score but low relevance probability.,Allocate more labels to low-confidence/high-entropy queries.,1212,12.0,0.09748667174409749,0.4,0.4157748944599693,0.48263305322128847,0.7546781457681112,0.39233350165524955,0.5019400352733686,0.6311175244508578,0.002289751488996905,-0.0062081128747795145,-0.12522647105980433,0.022277227722772276,0.21782178217821782,0.02488281206525985,0.7713652017092941,0.6146864686468647
cranfield,2,difficulty__leverage,Difficulty-adaptive budget + Feature-space leverage,leverage,Feature-space leverage,difficulty,Difficulty-adaptive budget,Select statistically influential examples in the student feature space.,Allocate more labels to low-confidence/high-entropy queries.,1212,12.0,0.1431835491241432,1.0,0.40837192393077687,0.518218954248366,0.7900369574677534,0.40777243755407055,0.5919664902998236,0.7487263508096842,0.01772868738781791,0.0838183421516755,-0.007617644700977921,0.07178217821782178,0.5544554455445545,0.11530454196158808,0.7756107567560555,0.6047854785478548
cranfield,2,difficulty__d_optimal,Difficulty-adaptive budget + D-optimal experimental design,d_optimal,D-optimal experimental design,difficulty,Difficulty-adaptive budget,Choose a set that maximizes feature-space information volume.,Allocate more labels to low-confidence/high-entropy queries.,1212,12.0,0.13785224676313784,0.2,0.4112162782069168,0.47830298786181136,0.7755761731540278,0.39125736149593626,0.5130511463844797,0.7518003447170115,0.001213611329683617,0.004902998236331557,-0.0045436507936506,0.066006600660066,0.5346534653465347,0.09369669859558835,0.7620548328550736,0.5808580858085809
cranfield,2,difficulty__portfolio,Difficulty-adaptive budget + Diversified policy portfolio,portfolio,Diversified policy portfolio,difficulty,Difficulty-adaptive budget,"Hedge across exploitation, uncertainty, disagreement, coverage and diversity.",Allocate more labels to low-confidence/high-entropy queries.,1212,12.0,0.17517136329017516,0.2,0.4181963852396865,0.4962768440709617,0.7571938202128513,0.3937135146175769,0.5108024691358024,0.7545781224947893,0.0036697644513242755,0.0026543209876542795,-0.001765873015872832,0.10643564356435643,0.6435643564356436,0.047407742774132455,0.6845954104815379,0.6287128712871287
cranfield,2,disagreement__random,Disagreement-adaptive budget + Random exploration,random,Random exploration,disagreement,Disagreement-adaptive budget,A random but reproducible sample is a strong unbiased control.,Allocate more labels where retrievers and model replicas disagree.,1212,12.0,0.10738766184310738,0.6,0.4205700257521368,0.4889705882352941,0.7628166575830936,0.3987737535383601,0.5024691358024691,0.7640732724066056,0.008730003372107442,-0.005679012345679024,0.007729276895943493,0.033003300330033,0.33663366336633666,0.06532836816098431,0.7696461240843971,0.6542904290429042
cranfield,2,disagreement__top_base,Disagreement-adaptive budget + Top current-retriever candidates,top_base,Top current-retriever candidates,disagreement,Disagreement-adaptive budget,Exploit the current retriever's highest-scoring documents.,Allocate more labels where retrievers and model replicas disagree.,1212,12.0,0.2322924600152323,0.2,0.41874200305792125,0.47291083099906633,0.78373443645935,0.3942997583265898,0.5142857142857142,0.6969238015071348,0.004256008160337166,0.006137566137566108,-0.05942019400352727,0.16831683168316833,0.7326732673267327,0.004807180599017505,0.5197834961190082,0.6295379537953796
cranfield,2,disagreement__uniform_rank,Disagreement-adaptive budget + Uniform rank coverage,uniform_rank,Uniform rank coverage,disagreement,Disagreement-adaptive budget,Spread labels across the whole candidate ranking instead of only its head.,Allocate more labels where retrievers and model replicas disagree.,1212,12.0,0.11805026656511805,0.4,0.4147013403040889,0.4565359477124183,0.6838025632575805,0.396831157276797,0.5082010582010581,0.6003841991341992,0.0067874071105443745,5.2910052909971306e-05,-0.15595979637646296,0.04455445544554455,0.36633663366336633,0.033066993450174234,0.7062362146259534,0.6386138613861386
cranfield,2,disagreement__head_tail,Disagreement-adaptive budget + Head–tail mixture,head_tail,Head–tail mixture,disagreement,Disagreement-adaptive budget,Label both likely positives/hard negatives and clear negatives.,Allocate more labels where retrievers and model replicas disagree.,1212,12.0,0.17593297791317594,0.2,0.4169943004372317,0.494234360410831,0.7571938202128513,0.38773676044515293,0.5126543209876543,0.758328122494789,-0.002306989721099717,0.004506172839506162,0.001984126984126866,0.10726072607260725,0.6534653465346535,0.13505698194598206,0.7283348795210961,0.6353135313531353
cranfield,2,disagreement__top_bm25,Disagreement-adaptive budget + Lexical-first selection,top_bm25,Lexical-first selection,disagreement,Disagreement-adaptive budget,Spend feedback on BM25's strongest candidates.,Allocate more labels where retrievers and model replicas disagree.,1212,12.0,0.21706016755521707,0.2,0.4231458414049698,0.49313725490196075,0.8013670777511608,0.38950221513806865,0.50842151675485,0.7217378146544813,-0.0005415350281839926,0.000273368606701907,-0.034606180856180835,0.15181518151815182,0.7227722772277227,0.007628030902875138,0.5873901854352196,0.6163366336633663
cranfield,2,disagreement__top_lsa,Disagreement-adaptive budget + Semantic-first selection,top_lsa,Semantic-first selection,disagreement,Disagreement-adaptive budget,Spend feedback on latent-semantic candidates.,Allocate more labels where retrievers and model replicas disagree.,1212,12.0,0.22696115765422697,0.0,0.39975775988067175,0.4831699346405229,0.7388114672716749,0.39004375016625265,0.5081481481481481,0.7563439955106621,0.0,0.0,0.0,0.16254125412541254,0.7029702970297029,0.015480764234813527,0.42173385738146185,0.6163366336633663
cranfield,2,disagreement__top_char,Disagreement-adaptive budget + Character-robust selection,top_char,Character-robust selection,disagreement,Disagreement-adaptive budget,Favor candidates supported by character-level similarity.,Allocate more labels where retrievers and model replicas disagree.,1212,12.0,0.22162985529322163,0.0,0.39975775988067175,0.4831699346405229,0.7388114672716749,0.39004375016625265,0.5081481481481481,0.7563439955106621,0.0,0.0,0.0,0.15676567656765678,0.7425742574257426,0.015228344268924726,0.5804172814777582,0.5965346534653465
cranfield,2,disagreement__top_title,Disagreement-adaptive budget + Title-focused selection,top_title,Title-focused selection,disagreement,Disagreement-adaptive budget,Favor concise title evidence before full-document evidence.,Allocate more labels where retrievers and model replicas disagree.,1212,12.0,0.17517136329017516,0.0,0.39975775988067175,0.4831699346405229,0.7388114672716749,0.39004375016625265,0.5081481481481481,0.7563439955106621,0.0,0.0,0.0,0.10643564356435643,0.6138613861386139,0.015664181152586103,0.6209960011119889,0.6105610561056105
cranfield,2,disagreement__rrf_consensus,Disagreement-adaptive budget + Multi-retriever consensus,rrf_consensus,Multi-retriever consensus,disagreement,Disagreement-adaptive budget,Reward candidates jointly supported by several retrievers.,Allocate more labels where retrievers and model replicas disagree.,1212,12.0,0.23076923076923078,0.2,0.4141186811441371,0.4668650793650794,0.7704991423417029,0.3949720432538095,0.5176807760141092,0.6970662978996311,0.004928293087556879,0.009532627865961096,-0.059277697611030966,0.16666666666666666,0.7326732673267327,0.00541640852544174,0.5154416282283197,0.6163366336633663
cranfield,2,disagreement__retriever_disagreement,Disagreement-adaptive budget + Retriever disagreement,retriever_disagreement,Retriever disagreement,disagreement,Disagreement-adaptive budget,"Label pairs on which lexical, character and semantic retrievers disagree.",Allocate more labels where retrievers and model replicas disagree.,1212,12.0,0.16298552932216298,0.0,0.39975775988067175,0.4831699346405229,0.7388114672716749,0.39004375016625265,0.5081481481481481,0.7563439955106621,0.0,0.0,0.0,0.09323432343234324,0.5841584158415841,0.0487518180223188,0.5676505059593975,0.6047854785478548
cranfield,2,disagreement__uncertainty,Disagreement-adaptive budget + Current-model uncertainty,uncertainty,Current-model uncertainty,disagreement,Disagreement-adaptive budget,Label candidates nearest the current model's decision boundary.,Allocate more labels where retrievers and model replicas disagree.,1212,12.0,0.1188118811881188,0.6,0.43325460135442734,0.48434873949579826,0.7624459210531875,0.4098591678841183,0.5205467372134038,0.7681275052108385,0.019815417717865658,0.012398589065255705,0.011783509700176387,0.04537953795379538,0.38613861386138615,0.06939480411927693,0.6584814686586361,0.6245874587458746
cranfield,2,disagreement__committee,Disagreement-adaptive budget + Bootstrap committee disagreement,committee,Bootstrap committee disagreement,disagreement,Disagreement-adaptive budget,Use epistemic disagreement across cheap student replicas.,Allocate more labels where retrievers and model replicas disagree.,1212,12.0,0.11348057882711349,0.4,0.4103079188485769,0.48954248366013076,0.78170362413442,0.3911178014318288,0.5025573192239858,0.7751623376623376,0.001074051265576137,-0.005590828924162294,0.018818342151675438,0.039603960396039604,0.37623762376237624,0.14628494577636025,0.7353055633530758,0.6171617161716172
cranfield,2,disagreement__false_positive,Disagreement-adaptive budget + Likely false-positive hunting,false_positive,Likely false-positive hunting,disagreement,Disagreement-adaptive budget,Inspect high-ranked candidates the current model distrusts.,Allocate more labels where retrievers and model replicas disagree.,1212,12.0,0.08758568164508758,0.6,0.4255250339782463,0.5025676937441643,0.7492599000384468,0.40414477043263936,0.5128659611992945,0.6102701619368285,0.01410102026638671,0.00471781305114638,-0.14607383357383363,0.01155115511551155,0.13861386138613863,0.036858598637108754,0.8121044777407505,0.58003300330033
cranfield,2,disagreement__false_negative,Disagreement-adaptive budget + Likely false-negative hunting,false_negative,Likely false-negative hunting,disagreement,Disagreement-adaptive budget,Inspect low-ranked candidates the current model considers promising.,Allocate more labels where retrievers and model replicas disagree.,1212,12.0,0.1172886519421173,0.6,0.4084029974352262,0.4844304388422036,0.7927330358991258,0.38182451649178334,0.5134479717813051,0.7641901154401154,-0.008219233674469306,0.005299823633156953,0.007846119929453277,0.04372937293729373,0.3564356435643564,0.18159541035249288,0.6905886156134086,0.5924092409240924
cranfield,2,disagreement__coverage,Disagreement-adaptive budget + Query-term coverage,coverage,Query-term coverage,disagreement,Disagreement-adaptive budget,Prefer documents covering more of the query's content.,Allocate more labels where retrievers and model replicas disagree.,1212,12.0,0.19954303122619954,0.2,0.41966434341759934,0.49194677871148457,0.7837056013959129,0.3819352487889886,0.5059523809523808,0.7085962802629469,-0.008108501377264044,-0.0021957671957673064,-0.04774771524771526,0.13283828382838284,0.6831683168316832,0.011481561233895054,0.585588652013552,0.5684818481848185
cranfield,2,disagreement__rank_strata,Disagreement-adaptive budget + Rank-stratified sampling,rank_strata,Rank-stratified sampling,disagreement,Disagreement-adaptive budget,Guarantee supervision from each rank band.,Allocate more labels where retrievers and model replicas disagree.,1212,12.0,0.12490479817212491,0.4,0.42583326538256294,0.47163865546218486,0.6467289102669725,0.39832901327715037,0.5119400352733685,0.5419258056758056,0.008285263110897723,0.0037918871252203834,-0.2144181898348565,0.05198019801980198,0.36633663366336633,0.03321738334575502,0.6403017796502255,0.6171617161716172
cranfield,2,disagreement__mmr_relevance,Disagreement-adaptive budget + Relevance–diversity MMR,mmr_relevance,Relevance–diversity MMR,disagreement,Disagreement-adaptive budget,Balance likely relevance with non-redundant documents.,Allocate more labels where retrievers and model replicas disagree.,1212,12.0,0.14927646610814926,0.2,0.41598891742540267,0.4865196078431373,0.7887396436704395,0.39407619990169207,0.5111992945326278,0.7124352653519321,0.004032449735439425,0.003051146384479675,-0.04390873015872998,0.07838283828382839,0.5445544554455446,0.017556740407503085,0.7620288065754541,0.6336633663366337
cranfield,2,disagreement__mmr_uncertainty,Disagreement-adaptive budget + Uncertainty–diversity MMR,mmr_uncertainty,Uncertainty–diversity MMR,disagreement,Disagreement-adaptive budget,Cover multiple uncertain semantic regions.,Allocate more labels where retrievers and model replicas disagree.,1212,12.0,0.10281797410510282,0.4,0.4265198491912261,0.47851307189542486,0.7801279938823192,0.4001266389785253,0.5087918871252204,0.7670472582972584,0.01008288881227265,0.0006437389770722612,0.01070326278659628,0.028052805280528052,0.31683168316831684,0.0965275755613157,0.8107515561698687,0.6229372937293729
cranfield,2,disagreement__farthest_first,Disagreement-adaptive budget + Semantic k-center coverage,farthest_first,Semantic k-center coverage,disagreement,Disagreement-adaptive budget,Cover the candidate manifold with farthest-first traversal.,Allocate more labels where retrievers and model replicas disagree.,1212,12.0,0.07920792079207921,0.4,0.42220136738824515,0.4791666666666666,0.7645467613893219,0.4027001512758122,0.5144091710758377,0.7744546657046657,0.012656401109559567,0.006261022927689597,0.018110670194003586,0.0024752475247524753,0.0297029702970297,0.09239390605550395,0.9071351065494047,0.6023102310231023
cranfield,2,disagreement__cluster_representatives,Disagreement-adaptive budget + Candidate-cluster representatives,cluster_representatives,Candidate-cluster representatives,disagreement,Disagreement-adaptive budget,Take representative documents from multiple semantic clusters.,Allocate more labels where retrievers and model replicas disagree.,1212,12.0,0.1210967250571211,0.4,0.420044387392391,0.4792483660130719,0.7403870975237757,0.39977509082560436,0.5050881834215167,0.7336367644700978,0.009731340659351717,-0.0030599647266313923,-0.02270723104056427,0.04785478547854786,0.40594059405940597,0.0506373002092437,0.7611752299979182,0.551980198019802
cranfield,2,disagreement__center_outlier_mix,Disagreement-adaptive budget + Typical–outlier mixture,center_outlier_mix,Typical–outlier mixture,disagreement,Disagreement-adaptive budget,Label both dense-region representatives and unusual candidates.,Allocate more labels where retrievers and model replicas disagree.,1212,12.0,0.11805026656511805,0.4,0.41638371730132656,0.49787581699346406,0.7875859770755964,0.37739319466821847,0.5014109347442681,0.7670472582972582,-0.012650555498034177,-0.006737213403880005,0.010703262786596057,0.04455445544554455,0.39603960396039606,0.07265738985522746,0.7723049562756378,0.5247524752475248
cranfield,2,disagreement__hard_negative,Disagreement-adaptive budget + Hard-negative proxy,hard_negative,Hard-negative proxy,disagreement,Disagreement-adaptive budget,Prioritize high retrieval score but low relevance probability.,Allocate more labels where retrievers and model replicas disagree.,1212,12.0,0.09596344249809596,0.6,0.410978129182137,0.48946078431372547,0.6769415609381008,0.40392143037958356,0.5058553791887125,0.5556339185505852,0.013877680213330912,-0.0022927689594356426,-0.20071007696007692,0.020627062706270627,0.2079207920792079,0.024680522408815894,0.770984139772925,0.6146864686468647
cranfield,2,disagreement__leverage,Disagreement-adaptive budget + Feature-space leverage,leverage,Feature-space leverage,disagreement,Disagreement-adaptive budget,Select statistically influential examples in the student feature space.,Allocate more labels where retrievers and model replicas disagree.,1212,12.0,0.1431835491241432,0.2,0.4123589042040016,0.48998599439775914,0.7608702908010866,0.3965422256354072,0.5130511463844797,0.7590225669392334,0.006498475469154552,0.004902998236331557,0.002678571428571308,0.07178217821782178,0.5841584158415841,0.11765240024615435,0.7788365318043398,0.6039603960396039
cranfield,2,disagreement__d_optimal,Disagreement-adaptive budget + D-optimal experimental design,d_optimal,D-optimal experimental design,disagreement,Disagreement-adaptive budget,Choose a set that maximizes feature-space information volume.,Allocate more labels where retrievers and model replicas disagree.,1212,12.0,0.1370906321401371,0.2,0.4110236348173944,0.47830298786181136,0.7608702908010866,0.39469862039460524,0.5130511463844797,0.7545781224947893,0.004654870228352592,0.004902998236331557,-0.001765873015872832,0.06518151815181518,0.5445544554455446,0.09496646426101722,0.7625966656326068,0.5932343234323433
cranfield,2,disagreement__portfolio,Disagreement-adaptive budget + Diversified policy portfolio,portfolio,Diversified policy portfolio,disagreement,Disagreement-adaptive budget,"Hedge across exploitation, uncertainty, disagreement, coverage and diversity.",Allocate more labels where retrievers and model replicas disagree.,1212,12.0,0.17364813404417365,0.2,0.4187568374015036,0.4987278244631186,0.7608702908010866,0.3948984081865909,0.5108024691358024,0.7545781224947893,0.004854658020338243,0.0026543209876542795,-0.001765873015872832,0.10478547854785479,0.6534653465346535,0.04932212268952096,0.6846299307181103,0.6262376237623762
cranfield,2,topic_balanced__random,Topic-balanced budget + Random exploration,random,Random exploration,topic_balanced,Topic-balanced budget,A random but reproducible sample is a strong unbiased control.,"Equalize total feedback across query clusters, not raw query counts.",1212,12.0,0.11348057882711349,0.4,0.4182529097991659,0.49178338001867417,0.7118641498831809,0.3976172566232196,0.5130511463844797,0.6884648067981401,0.007573506456966972,0.004902998236331557,-0.06787918871252197,0.039603960396039604,0.3564356435643564,0.06030120358805452,0.7714323118181512,0.6542904290429042
cranfield,2,topic_balanced__top_base,Topic-balanced budget + Top current-retriever candidates,top_base,Top current-retriever candidates,topic_balanced,Topic-balanced budget,Exploit the current retriever's highest-scoring documents.,"Equalize total feedback across query clusters, not raw query counts.",1212,12.0,0.24828636709824828,0.2,0.41985660688121096,0.47515172735760974,0.7643922878351944,0.39084520053623206,0.5035714285714286,0.6934758297258297,0.0008014503699794173,-0.004576719576719568,-0.06286816578483245,0.18564356435643564,0.7524752475247525,0.005123295848912532,0.5170450527774225,0.6047854785478548
cranfield,2,topic_balanced__uniform_rank,Topic-balanced budget + Uniform rank coverage,uniform_rank,Uniform rank coverage,topic_balanced,Topic-balanced budget,Spread labels across the whole candidate ranking instead of only its head.,"Equalize total feedback across query clusters, not raw query counts.",1212,12.0,0.11805026656511805,0.2,0.4153564143855516,0.47728758169934643,0.7545543028674517,0.3922325726354161,0.513668430335097,0.7361962882796217,0.002188822469163465,0.005520282186948888,-0.020147707231040424,0.04455445544554455,0.33663366336633666,0.03214636922079345,0.7129410942002098,0.6377887788778878
cranfield,2,topic_balanced__head_tail,Topic-balanced budget + Head–tail mixture,head_tail,Head–tail mixture,topic_balanced,Topic-balanced budget,Label both likely positives/hard negatives and clear negatives.,"Equalize total feedback across query clusters, not raw query counts.",1212,12.0,0.18126428027418126,1.0,0.4150089875826902,0.4841853408029879,0.796606123595743,0.41981402883264807,0.547063492063492,0.7459353455186788,0.029770278666395422,0.0389153439153439,-0.01040864999198332,0.11303630363036303,0.6435643564356436,0.12802461276550103,0.7294839821239509,0.6270627062706271
cranfield,2,topic_balanced__top_bm25,Topic-balanced budget + Lexical-first selection,top_bm25,Lexical-first selection,topic_balanced,Topic-balanced budget,Spend feedback on BM25's strongest candidates.,"Equalize total feedback across query clusters, not raw query counts.",1212,12.0,0.2284843869002285,0.2,0.42249745916304854,0.4919117647058824,0.7939090945578835,0.3934354759465516,0.5103968253968254,0.7183427529260863,0.0033917257802989487,0.0022486772486772777,-0.03800124258457582,0.16419141914191418,0.7128712871287128,0.007973633534444047,0.5876260038354609,0.5981848184818482
cranfield,2,topic_balanced__top_lsa,Topic-balanced budget + Semantic-first selection,top_lsa,Semantic-first selection,topic_balanced,Topic-balanced budget,Spend feedback on latent-semantic candidates.,"Equalize total feedback across query clusters, not raw query counts.",1212,12.0,0.2338156892612338,0.0,0.39975775988067175,0.4831699346405229,0.7388114672716749,0.39004375016625265,0.5081481481481481,0.7563439955106621,0.0,0.0,0.0,0.16996699669966997,0.693069306930693,0.013198369800454319,0.41967920944242193,0.5808580858085809
cranfield,2,topic_balanced__top_char,Topic-balanced budget + Character-robust selection,top_char,Character-robust selection,topic_balanced,Topic-balanced budget,Favor candidates supported by character-level similarity.,"Equalize total feedback across query clusters, not raw query counts.",1212,12.0,0.22696115765422697,0.2,0.400808381583227,0.4660830999066294,0.6973127410843674,0.3909968032906652,0.5046560846560847,0.673663820747154,0.0009530531244125728,-0.0034920634920634352,-0.08268017476350809,0.16254125412541254,0.7326732673267327,0.014231050122689099,0.5927432574848137,0.5833333333333334
cranfield,2,topic_balanced__top_title,Topic-balanced budget + Title-focused selection,top_title,Title-focused selection,topic_balanced,Topic-balanced budget,Favor concise title evidence before full-document evidence.,"Equalize total feedback across query clusters, not raw query counts.",1212,12.0,0.18583396801218582,0.2,0.4104941727166213,0.4601307189542484,0.7176980218935236,0.38742303566554026,0.5169135802469136,0.7175593233926567,-0.0026207145007123844,0.008765432098765458,-0.0387846721180054,0.11798679867986799,0.594059405940594,0.01507677423088464,0.6282953035713422,0.5899339933993399
cranfield,2,topic_balanced__rrf_consensus,Topic-balanced budget + Multi-retriever consensus,rrf_consensus,Multi-retriever consensus,topic_balanced,Topic-balanced budget,Reward candidates jointly supported by several retrievers.,"Equalize total feedback across query clusters, not raw query counts.",1212,12.0,0.24143183549124142,0.2,0.4191262280091157,0.47368113912231563,0.7896167894005265,0.39192953468831304,0.5028659611992944,0.696427769761103,0.0018857845220603964,-0.00528218694885374,-0.05991622574955913,0.1782178217821782,0.7326732673267327,0.005649956195267907,0.5137454305249866,0.594059405940594
cranfield,2,topic_balanced__retriever_disagreement,Topic-balanced budget + Retriever disagreement,retriever_disagreement,Retriever disagreement,topic_balanced,Topic-balanced budget,"Label pairs on which lexical, character and semantic retrievers disagree.","Equalize total feedback across query clusters, not raw query counts.",1212,12.0,0.1706016755521706,0.2,0.40094313482438376,0.47209383753501394,0.7362060133253906,0.38339879163844137,0.5031746031746032,0.7384339426006093,-0.006644958527811273,-0.004973544973544963,-0.017910052910052765,0.10148514851485149,0.6039603960396039,0.04208923197618806,0.568368940070124,0.5816831683168316
cranfield,2,topic_balanced__uncertainty,Topic-balanced budget + Current-model uncertainty,uncertainty,Current-model uncertainty,topic_balanced,Topic-balanced budget,Label candidates nearest the current model's decision boundary.,"Equalize total feedback across query clusters, not raw query counts.",1212,12.0,0.12033511043412033,0.6,0.43425763667271683,0.4854108309990663,0.7501910190924032,0.40370299918222285,0.520299823633157,0.751784912618246,0.01365924901597021,0.01215167548500884,-0.004559082892416133,0.04702970297029703,0.38613861386138615,0.06677624366857825,0.6585343760429042,0.6113861386138614
cranfield,2,topic_balanced__committee,Topic-balanced budget + Bootstrap committee disagreement,committee,Bootstrap committee disagreement,topic_balanced,Topic-balanced budget,Use epistemic disagreement across cheap student replicas.,"Equalize total feedback across query clusters, not raw query counts.",1212,12.0,0.12033511043412033,0.4,0.4121470198605129,0.4897408963585435,0.78170362413442,0.3927579910979497,0.5025573192239858,0.7744678932178931,0.0027142409316970317,-0.005590828924162294,0.018123897707230996,0.04702970297029703,0.3564356435643564,0.13642464927320827,0.7313251415691754,0.6072607260726073
cranfield,2,topic_balanced__false_positive,Topic-balanced budget + Likely false-positive hunting,false_positive,Likely false-positive hunting,topic_balanced,Topic-balanced budget,Inspect high-ranked candidates the current model distrusts.,"Equalize total feedback across query clusters, not raw query counts.",1212,12.0,0.08834729626808835,0.6,0.4226584619565144,0.48586601307189536,0.7300946170323332,0.4011778445737403,0.5165696649029983,0.5992295975629308,0.011134094407487638,0.008421516754850145,-0.1571143979477313,0.012376237623762377,0.12871287128712872,0.03727084476955653,0.8091190368822305,0.5767326732673267
cranfield,2,topic_balanced__false_negative,Topic-balanced budget + Likely false-negative hunting,false_negative,Likely false-negative hunting,topic_balanced,Topic-balanced budget,Inspect low-ranked candidates the current model considers promising.,"Equalize total feedback across query clusters, not raw query counts.",1212,12.0,0.13023610053313023,0.2,0.4069814899945252,0.48475723622782446,0.7486153888403022,0.3887981325486821,0.5144091710758377,0.7608281224947893,-0.001245617617570527,0.006261022927689597,0.004484126984127146,0.057755775577557754,0.36633663366336633,0.16543582401456614,0.6882580200044235,0.5734323432343235
cranfield,2,topic_balanced__coverage,Topic-balanced budget + Query-term coverage,coverage,Query-term coverage,topic_balanced,Topic-balanced budget,Prefer documents covering more of the query's content.,"Equalize total feedback across query clusters, not raw query counts.",1212,12.0,0.21325209444021326,0.2,0.4249701899006624,0.492436974789916,0.7919338927124395,0.3820369394317104,0.5059523809523808,0.7144759098925765,-0.008006810734542236,-0.0021957671957673064,-0.04186808561808564,0.1476897689768977,0.6633663366336634,0.011618976840878478,0.5815820357587078,0.5503300330033003
cranfield,2,topic_balanced__rank_strata,Topic-balanced budget + Rank-stratified sampling,rank_strata,Rank-stratified sampling,topic_balanced,Topic-balanced budget,Guarantee supervision from each rank band.,"Equalize total feedback across query clusters, not raw query counts.",1212,12.0,0.12414318354912414,0.4,0.424483107496793,0.4728641456582633,0.6418269494826588,0.4000722375422984,0.5236331569664903,0.5444205948372615,0.01002848737604578,0.015485008818342139,-0.21192340067340065,0.05115511551155116,0.36633663366336633,0.03256864073646344,0.6536190365210618,0.5948844884488449
cranfield,2,topic_balanced__mmr_relevance,Topic-balanced budget + Relevance–diversity MMR,mmr_relevance,Relevance–diversity MMR,topic_balanced,Topic-balanced budget,Balance likely relevance with non-redundant documents.,"Equalize total feedback across query clusters, not raw query counts.",1212,12.0,0.1607006854531607,0.2,0.4208060215772221,0.47613211951447243,0.7997690554351453,0.3958679868671146,0.51342151675485,0.6997963764630432,0.005824236700861962,0.005273368606701911,-0.05654761904761896,0.09075907590759076,0.5247524752475248,0.017944216924925448,0.760843707488315,0.6113861386138614
cranfield,2,topic_balanced__mmr_uncertainty,Topic-balanced budget + Uncertainty–diversity MMR,mmr_uncertainty,Uncertainty–diversity MMR,topic_balanced,Topic-balanced budget,Cover multiple uncertain semantic regions.,"Equalize total feedback across query clusters, not raw query counts.",1212,12.0,0.10586443259710586,0.8,0.4290189927878028,0.4619164332399626,0.7596448006050083,0.4105543027836664,0.5175485008818341,0.7561896745230077,0.020510552617413746,0.009400352733686002,-0.0001543209876544438,0.03135313531353135,0.3069306930693069,0.09427702864601274,0.8140835437444177,0.608085808580858
cranfield,2,topic_balanced__farthest_first,Topic-balanced budget + Semantic k-center coverage,farthest_first,Semantic k-center coverage,topic_balanced,Topic-balanced budget,Cover the candidate manifold with farthest-first traversal.,"Equalize total feedback across query clusters, not raw query counts.",1212,12.0,0.08073115003808073,0.4,0.4267529781596018,0.48161764705882354,0.7689100451643706,0.40464624878834143,0.5147178130511463,0.7773096039762706,0.014602498622088789,0.006569664902998151,0.020965608465608465,0.004125412541254125,0.04950495049504951,0.0907514078093834,0.9083283407853382,0.6056105610561056
cranfield,2,topic_balanced__cluster_representatives,Topic-balanced budget + Candidate-cluster representatives,cluster_representatives,Candidate-cluster representatives,topic_balanced,Topic-balanced budget,Take representative documents from multiple semantic clusters.,"Equalize total feedback across query clusters, not raw query counts.",1212,12.0,0.13632901751713633,0.6,0.42293040875016835,0.48010037348272644,0.7115480732262739,0.3991954538019782,0.5176807760141093,0.6398374619207953,0.009151703635725539,0.009532627865961207,-0.11650653358986685,0.06435643564356436,0.39603960396039606,0.04837554742400796,0.7528483661094515,0.5338283828382838
cranfield,2,topic_balanced__center_outlier_mix,Topic-balanced budget + Typical–outlier mixture,center_outlier_mix,Typical–outlier mixture,topic_balanced,Topic-balanced budget,Label both dense-region representatives and unusual candidates.,"Equalize total feedback across query clusters, not raw query counts.",1212,12.0,0.12566641279512566,0.6,0.41284922137773616,0.4903478057889823,0.780603772429032,0.38599342631656336,0.5131393298059964,0.7468179814013147,-0.004050323849689286,0.004991181657848287,-0.009526014109347392,0.052805280528052806,0.4158415841584158,0.06925503029288238,0.7702250220988056,0.5132013201320133
cranfield,2,topic_balanced__hard_negative,Topic-balanced budget + Hard-negative proxy,hard_negative,Hard-negative proxy,topic_balanced,Topic-balanced budget,Prioritize high retrieval score but low relevance probability.,"Equalize total feedback across query clusters, not raw query counts.",1212,12.0,0.09824828636709824,0.4,0.4114896924516113,0.4735294117647059,0.752044965799291,0.3941370230068516,0.5019400352733686,0.6266466249799584,0.0040932728405989605,-0.0062081128747795145,-0.12969737053070374,0.0231023102310231,0.21782178217821782,0.0250538440033941,0.7700928437827838,0.5965346534653465
cranfield,2,topic_balanced__leverage,Topic-balanced budget + Feature-space leverage,leverage,Feature-space leverage,topic_balanced,Topic-balanced budget,Select statistically influential examples in the student feature space.,"Equalize total feedback across query clusters, not raw query counts.",1212,12.0,0.14775323686214775,0.2,0.4094699002694587,0.476750700280112,0.7608702908010866,0.396363356598559,0.5111992945326278,0.7590225669392334,0.006319606432306335,0.003051146384479675,0.002678571428571308,0.07673267326732673,0.594059405940594,0.11279980616994423,0.7723251197597768,0.599009900990099
cranfield,2,topic_balanced__d_optimal,Topic-balanced budget + D-optimal experimental design,d_optimal,D-optimal experimental design,topic_balanced,Topic-balanced budget,Choose a set that maximizes feature-space information volume.,"Equalize total feedback across query clusters, not raw query counts.",1212,12.0,0.14775323686214775,0.2,0.41007412748110006,0.47372782446311856,0.7608702908010866,0.39499409694067167,0.5133597883597883,0.7545781224947893,0.004950346774419023,0.005211640211640223,-0.001765873015872832,0.07673267326732673,0.5445544554455446,0.09285864111023767,0.7632813170404718,0.5775577557755776
cranfield,2,topic_balanced__portfolio,Topic-balanced budget + Diversified policy portfolio,portfolio,Diversified policy portfolio,topic_balanced,Topic-balanced budget,"Hedge across exploitation, uncertainty, disagreement, coverage and diversity.","Equalize total feedback across query clusters, not raw query counts.",1212,12.0,0.1744097486671744,1.0,0.42192667895866065,0.4937091503267973,0.7800785623449984,0.41529759641897857,0.5533597883597884,0.7414446047779382,0.02525384625272592,0.04521164021164026,-0.01489939073272395,0.10561056105610561,0.6534653465346535,0.04861971150727162,0.6816847926319236,0.6196369636963697
scifact,0,uniform__random,Uniform per-query budget + Random exploration,random,Random exploration,uniform,Uniform per-query budget,A random but reproducible sample is a strong unbiased control.,Give every query the same number of feedback calls.,1620,12.0,0.07692307692307693,0.6,0.661305589901145,0.6149029982363315,0.8555555555555555,0.675551617640317,0.6395568783068784,0.8366666666666667,0.003750612137244147,0.011759259259259247,-0.1266666666666666,0.0,0.0,0.031747597676736336,0.6907453574516155,0.8444444444444444
scifact,0,uniform__top_base,Uniform per-query budget + Top current-retriever candidates,top_base,Top current-retriever candidates,uniform,Uniform per-query budget,Exploit the current retriever's highest-scoring documents.,Give every query the same number of feedback calls.,1620,12.0,0.08319088319088319,0.2,0.6358407486707511,0.60320987654321,0.9333333333333333,0.6712307878339226,0.6329166666666666,0.9349999999999999,-0.0005702176691502192,0.005119047619047468,-0.02833333333333332,0.006790123456790123,0.05185185185185185,0.0012847206474822243,0.5312644217853193,0.7858024691358024
scifact,0,uniform__uniform_rank,Uniform per-query budget + Uniform rank coverage,uniform_rank,Uniform rank coverage,uniform,Uniform per-query budget,Spread labels across the whole candidate ranking instead of only its head.,Give every query the same number of feedback calls.,1620,12.0,0.07806267806267807,0.4,0.6597868668657636,0.6141269841269841,0.8777777777777778,0.6778260363413153,0.6348148148148148,0.8733333333333333,0.006025030838242462,0.0070171957671957275,-0.08999999999999997,0.0012345679012345679,0.007407407407407408,0.011948410890720509,0.6471914818993321,0.8487654320987654
scifact,0,uniform__head_tail,Uniform per-query budget + Head–tail mixture,head_tail,Head–tail mixture,uniform,Uniform per-query budget,Label both likely positives/hard negatives and clear negatives.,Give every query the same number of feedback calls.,1620,12.0,0.08148148148148149,0.6,0.6509046509362856,0.6174603174603175,0.8888888888888888,0.6255623010484471,0.5984722222222222,0.8599999999999999,-0.046238704454625745,-0.02932539682539692,-0.10333333333333339,0.0049382716049382715,0.05185185185185185,0.08771733663700244,0.6692766898208194,0.8160493827160494
scifact,0,uniform__top_bm25,Uniform per-query budget + Lexical-first selection,top_bm25,Lexical-first selection,uniform,Uniform per-query budget,Spend feedback on BM25's strongest candidates.,Give every query the same number of feedback calls.,1620,12.0,0.08319088319088319,0.2,0.6322186803924811,0.5925308641975309,0.9333333333333333,0.685387622067584,0.6452050264550266,0.9299999999999999,0.0135866165645111,0.017407407407407538,-0.033333333333333326,0.006790123456790123,0.05925925925925926,0.0022837859980853986,0.5795896374517017,0.7870370370370371
scifact,0,uniform__top_lsa,Uniform per-query budget + Semantic-first selection,top_lsa,Semantic-first selection,uniform,Uniform per-query budget,Spend feedback on latent-semantic candidates.,Give every query the same number of feedback calls.,1620,12.0,0.08034188034188035,0.2,0.625372387451076,0.5865696649029982,0.9333333333333333,0.6590330879259866,0.6235185185185185,0.8933333333333332,-0.012767917577086285,-0.004279100529100632,-0.07000000000000006,0.003703703703703704,0.037037037037037035,0.01201654933852914,0.3356275143446746,0.7432098765432099
scifact,0,uniform__top_char,Uniform per-query budget + Character-robust selection,top_char,Character-robust selection,uniform,Uniform per-query budget,Favor candidates supported by character-level similarity.,Give every query the same number of feedback calls.,1620,12.0,0.08319088319088319,0.2,0.6098005577180632,0.5917283950617284,0.8888888888888888,0.6462186891147058,0.624074074074074,0.9183333333333332,-0.025582316388367055,-0.003723544973545101,-0.04500000000000004,0.006790123456790123,0.044444444444444446,0.011034995059908173,0.5683446946519393,0.8049382716049382
scifact,0,uniform__top_title,Uniform per-query budget + Title-focused selection,top_title,Title-focused selection,uniform,Uniform per-query budget,Favor concise title evidence before full-document evidence.,Give every query the same number of feedback calls.,1620,12.0,0.08034188034188035,0.4,0.6541775529062751,0.6160141093474427,0.9,0.6436935036230835,0.611388888888889,0.8366666666666666,-0.02810750187998934,-0.016408730158730123,-0.1266666666666667,0.003703703703703704,0.037037037037037035,0.005746030917874089,0.6515828488049684,0.7728395061728395
scifact,0,uniform__rrf_consensus,Uniform per-query budget + Multi-retriever consensus,rrf_consensus,Multi-retriever consensus,uniform,Uniform per-query budget,Reward candidates jointly supported by several retrievers.,Give every query the same number of feedback calls.,1620,12.0,0.08205128205128205,0.2,0.6335105854691079,0.6034215167548501,0.9111111111111111,0.6546584392844876,0.626984126984127,0.9349999999999999,-0.01714256621858523,-0.0008134920634921272,-0.02833333333333332,0.005555555555555556,0.044444444444444446,0.0015953877457865963,0.5218122527555183,0.782716049382716
scifact,0,uniform__retriever_disagreement,Uniform per-query budget + Retriever disagreement,retriever_disagreement,Retriever disagreement,uniform,Uniform per-query budget,"Label pairs on which lexical, character and semantic retrievers disagree.",Give every query the same number of feedback calls.,1620,12.0,0.07863247863247863,0.0,0.6039019243917362,0.5809876543209876,0.9777777777777777,0.6718010055030729,0.6277976190476191,0.9633333333333333,0.0,0.0,0.0,0.001851851851851852,0.014814814814814815,0.03400029142697652,0.4332277652842027,0.7808641975308642
scifact,0,uniform__uncertainty,Uniform per-query budget + Current-model uncertainty,uncertainty,Current-model uncertainty,uniform,Uniform per-query budget,Label candidates nearest the current model's decision boundary.,Give every query the same number of feedback calls.,1620,12.0,0.07806267806267807,0.4,0.6504366873545395,0.5965696649029982,0.9555555555555556,0.6576860960992065,0.6237433862433862,0.9216666666666666,-0.014114909403866394,-0.0040542328042328935,-0.04166666666666663,0.0012345679012345679,0.007407407407407408,0.03381315274738971,0.5716775701001838,0.8265432098765432
scifact,0,uniform__committee,Uniform per-query budget + Bootstrap committee disagreement,committee,Bootstrap committee disagreement,uniform,Uniform per-query budget,Use epistemic disagreement across cheap student replicas.,Give every query the same number of feedback calls.,1620,12.0,0.07806267806267807,0.6,0.6537513279678148,0.5980423280423279,0.9555555555555556,0.6562895749220058,0.6223544973544973,0.9016666666666666,-0.015511430581067076,-0.005443121693121777,-0.06166666666666665,0.0012345679012345679,0.007407407407407408,0.05741801000671622,0.5675948279875296,0.7876543209876543
scifact,0,uniform__false_positive,Uniform per-query budget + Likely false-positive hunting,false_positive,Likely false-positive hunting,uniform,Uniform per-query budget,Inspect high-ranked candidates the current model distrusts.,Give every query the same number of feedback calls.,1620,12.0,0.07692307692307693,0.8,0.6505285328438131,0.6020282186948853,0.9777777777777777,0.6692191728659433,0.6257142857142859,0.8783333333333333,-0.002581832637129522,-0.002083333333333215,-0.08499999999999996,0.0,0.0,0.013001558000658765,0.7588443787009628,0.7987654320987654
scifact,0,uniform__false_negative,Uniform per-query budget + Likely false-negative hunting,false_negative,Likely false-negative hunting,uniform,Uniform per-query budget,Inspect low-ranked candidates the current model considers promising.,Give every query the same number of feedback calls.,1620,12.0,0.08319088319088319,0.2,0.6040980344250978,0.5778659611992946,0.9333333333333333,0.6602910285629308,0.6301587301587301,0.9433333333333332,-0.011509976940142108,0.002361111111111036,-0.020000000000000018,0.006790123456790123,0.044444444444444446,0.08345436122682359,0.5533930428602077,0.7944444444444444
scifact,0,uniform__coverage,Uniform per-query budget + Query-term coverage,coverage,Query-term coverage,uniform,Uniform per-query budget,Prefer documents covering more of the query's content.,Give every query the same number of feedback calls.,1620,12.0,0.08205128205128205,0.4,0.6274311133318181,0.5952116402116402,0.8555555555555555,0.6634579319947846,0.63619708994709,0.8,-0.008343073508288223,0.008399470899470907,-0.16333333333333322,0.005555555555555556,0.05185185185185185,0.0032564073065180837,0.5677513735161888,0.7790123456790123
scifact,0,uniform__rank_strata,Uniform per-query budget + Rank-stratified sampling,rank_strata,Rank-stratified sampling,uniform,Uniform per-query budget,Guarantee supervision from each rank band.,Give every query the same number of feedback calls.,1620,12.0,0.07806267806267807,0.4,0.6413241989195442,0.5976190476190476,0.8555555555555555,0.6704293510775369,0.6356481481481481,0.8733333333333333,-0.0013716544255359953,0.007850529100528969,-0.08999999999999997,0.0012345679012345679,0.014814814814814815,0.011859667043627044,0.5713093492719862,0.8067901234567901
scifact,0,uniform__mmr_relevance,Uniform per-query budget + Relevance–diversity MMR,mmr_relevance,Relevance–diversity MMR,uniform,Uniform per-query budget,Balance likely relevance with non-redundant documents.,Give every query the same number of feedback calls.,1620,12.0,0.08205128205128205,0.2,0.6358526424245182,0.6032716049382716,0.9333333333333333,0.675119312814974,0.6340939153439155,0.9466666666666667,0.003318307311901081,0.006296296296296355,-0.016666666666666607,0.005555555555555556,0.044444444444444446,0.007074943479196525,0.7391455506836927,0.7858024691358024
scifact,0,uniform__mmr_uncertainty,Uniform per-query budget + Uncertainty–diversity MMR,mmr_uncertainty,Uncertainty–diversity MMR,uniform,Uniform per-query budget,Cover multiple uncertain semantic regions.,Give every query the same number of feedback calls.,1620,12.0,0.07806267806267807,0.4,0.6429089537353546,0.5988800705467372,0.9555555555555556,0.6769577421186674,0.6384193121693122,0.9049999999999999,0.00515673661559457,0.010621693121693143,-0.05833333333333335,0.0012345679012345679,0.014814814814814815,0.0420666750566459,0.6926138778527577,0.8135802469135802
scifact,0,uniform__farthest_first,Uniform per-query budget + Semantic k-center coverage,farthest_first,Semantic k-center coverage,uniform,Uniform per-query budget,Cover the candidate manifold with farthest-first traversal.,Give every query the same number of feedback calls.,1620,12.0,0.07692307692307693,0.6,0.6360824838569888,0.5978306878306877,0.9333333333333333,0.6774137256794587,0.6283267195767197,0.89,0.00561272017638581,0.0005291005291006012,-0.07333333333333325,0.0,0.0,0.04608533364019276,0.878861916065216,0.7734567901234568
scifact,0,uniform__cluster_representatives,Uniform per-query budget + Candidate-cluster representatives,cluster_representatives,Candidate-cluster representatives,uniform,Uniform per-query budget,Take representative documents from multiple semantic clusters.,Give every query the same number of feedback calls.,1620,12.0,0.07863247863247863,0.4,0.6575973169690155,0.6048941798941799,0.9666666666666667,0.673346032469576,0.627962962962963,0.8633333333333333,0.0015450269665031602,0.00016534391534384074,-0.09999999999999998,0.001851851851851852,0.022222222222222223,0.024871469022315226,0.695459728108512,0.7530864197530864
scifact,0,uniform__center_outlier_mix,Uniform per-query budget + Typical–outlier mixture,center_outlier_mix,Typical–outlier mixture,uniform,Uniform per-query budget,Label both dense-region representatives and unusual candidates.,Give every query the same number of feedback calls.,1620,12.0,0.07863247863247863,0.4,0.6529884947447464,0.5987477954144621,0.9777777777777777,0.6698639497954785,0.6329365079365079,0.9049999999999999,-0.0019370557075943928,0.005138888888888804,-0.05833333333333335,0.001851851851851852,0.014814814814814815,0.04038909629539207,0.7256152956574051,0.7493827160493827
scifact,0,uniform__hard_negative,Uniform per-query budget + Hard-negative proxy,hard_negative,Hard-negative proxy,uniform,Uniform per-query budget,Prioritize high retrieval score but low relevance probability.,Give every query the same number of feedback calls.,1620,12.0,0.07749287749287749,0.6,0.6489309850928694,0.5999382716049383,0.9777777777777777,0.6670081201210907,0.622010582010582,0.8699999999999999,-0.004792885381982193,-0.0057870370370370905,-0.09333333333333338,0.0006172839506172839,0.007407407407407408,0.007106508443384995,0.6918218809145468,0.7944444444444444
scifact,0,uniform__leverage,Uniform per-query budget + Feature-space leverage,leverage,Feature-space leverage,uniform,Uniform per-query budget,Select statistically influential examples in the student feature space.,Give every query the same number of feedback calls.,1620,12.0,0.07977207977207977,0.6,0.6399772547927691,0.6047178130511465,0.9555555555555556,0.6600652930592913,0.6361111111111111,0.9266666666666665,-0.011735712443781576,0.008313492063491967,-0.036666666666666736,0.0030864197530864196,0.037037037037037035,0.07424179731327811,0.7337266030134978,0.7561728395061729
scifact,0,uniform__d_optimal,Uniform per-query budget + D-optimal experimental design,d_optimal,D-optimal experimental design,uniform,Uniform per-query budget,Choose a set that maximizes feature-space information volume.,Give every query the same number of feedback calls.,1620,12.0,0.07920227920227921,0.6,0.6401220329248227,0.6049911816578484,0.9555555555555556,0.6502891717681787,0.6199999999999999,0.8766666666666666,-0.02151183373489418,-0.00779761904761922,-0.08666666666666667,0.0024691358024691358,0.02962962962962963,0.05084480595441512,0.7277426428265041,0.7574074074074074
scifact,0,uniform__portfolio,Uniform per-query budget + Diversified policy portfolio,portfolio,Diversified policy portfolio,uniform,Uniform per-query budget,"Hedge across exploitation, uncertainty, disagreement, coverage and diversity.",Give every query the same number of feedback calls.,1620,12.0,0.08148148148148149,0.4,0.6564491874653549,0.6109171075837743,0.9222222222222223,0.6599528844355846,0.6283068783068783,0.8883333333333333,-0.011848121067488226,0.0005092592592591538,-0.07499999999999996,0.0049382716049382715,0.044444444444444446,0.027384204629026812,0.630354255217093,0.8006172839506173
scifact,0,difficulty__random,Difficulty-adaptive budget + Random exploration,random,Random exploration,difficulty,Difficulty-adaptive budget,A random but reproducible sample is a strong unbiased control.,Allocate more labels to low-confidence/high-entropy queries.,1620,12.0,0.07692307692307693,0.6,0.6629604648114864,0.6167548500881834,0.8555555555555555,0.6736314229521894,0.637473544973545,0.8366666666666667,0.0018304174491164948,0.009675925925925921,-0.1266666666666666,0.0,0.0,0.031312687713422896,0.6926080195992081,0.8487654320987654
scifact,0,difficulty__top_base,Difficulty-adaptive budget + Top current-retriever candidates,top_base,Top current-retriever candidates,difficulty,Difficulty-adaptive budget,Exploit the current retriever's highest-scoring documents.,Allocate more labels to low-confidence/high-entropy queries.,1620,12.0,0.08319088319088319,0.2,0.6363621095453873,0.6039506172839507,0.9333333333333333,0.6703716817678492,0.6290740740740742,0.955,-0.001429323735223642,0.0012764550264551255,-0.008333333333333304,0.006790123456790123,0.05185185185185185,0.0012638745116598812,0.5286576912358955,0.7802469135802469
scifact,0,difficulty__uniform_rank,Difficulty-adaptive budget + Uniform rank coverage,uniform_rank,Uniform rank coverage,difficulty,Difficulty-adaptive budget,Spread labels across the whole candidate ranking instead of only its head.,Allocate more labels to low-confidence/high-entropy queries.,1620,12.0,0.07806267806267807,0.4,0.6596772459735086,0.6147089947089948,0.8777777777777778,0.6837553965969035,0.6425462962962964,0.8733333333333333,0.011954391093830674,0.014748677248677344,-0.08999999999999997,0.0012345679012345679,0.007407407407407408,0.011474429420482966,0.6454564606701886,0.8450617283950618
scifact,0,difficulty__head_tail,Difficulty-adaptive budget + Head–tail mixture,head_tail,Head–tail mixture,difficulty,Difficulty-adaptive budget,Label both likely positives/hard negatives and clear negatives.,Allocate more labels to low-confidence/high-entropy queries.,1620,12.0,0.08091168091168091,0.6,0.6503379911343354,0.6167195767195767,0.8888888888888888,0.6223422915945378,0.5882605820105821,0.8599999999999999,-0.04945871390853507,-0.03953703703703704,-0.10333333333333339,0.004320987654320987,0.044444444444444446,0.08864052336157104,0.6715392512303812,0.8098765432098766
scifact,0,difficulty__top_bm25,Difficulty-adaptive budget + Lexical-first selection,top_bm25,Lexical-first selection,difficulty,Difficulty-adaptive budget,Spend feedback on BM25's strongest candidates.,Allocate more labels to low-confidence/high-entropy queries.,1620,12.0,0.08262108262108261,0.4,0.6241668967025494,0.590925925925926,0.8333333333333334,0.6518988303752573,0.6237499999999999,0.8150000000000001,-0.019902175127815558,-0.004047619047619189,-0.1483333333333332,0.006172839506172839,0.05185185185185185,0.0023347697508187943,0.580724996107596,0.7907407407407407
scifact,0,difficulty__top_lsa,Difficulty-adaptive budget + Semantic-first selection,top_lsa,Semantic-first selection,difficulty,Difficulty-adaptive budget,Spend feedback on latent-semantic candidates.,Allocate more labels to low-confidence/high-entropy queries.,1620,12.0,0.08091168091168091,0.2,0.6259661466374162,0.5872751322751323,0.9333333333333333,0.6528189969801237,0.615462962962963,0.9099999999999999,-0.01898200852294918,-0.012334656084656115,-0.053333333333333344,0.004320987654320987,0.037037037037037035,0.01292687021655801,0.3340393232526603,0.7487654320987654
scifact,0,difficulty__top_char,Difficulty-adaptive budget + Character-robust selection,top_char,Character-robust selection,difficulty,Difficulty-adaptive budget,Favor candidates supported by character-level similarity.,Allocate more labels to low-confidence/high-entropy queries.,1620,12.0,0.08262108262108261,0.2,0.6098005577180632,0.5917283950617284,0.8888888888888888,0.6521282455953717,0.6272222222222222,0.9183333333333332,-0.01967275990770112,-0.0005753968253968678,-0.04500000000000004,0.006172839506172839,0.044444444444444446,0.010488230468314371,0.5649560468064414,0.7944444444444444
scifact,0,difficulty__top_title,Difficulty-adaptive budget + Title-focused selection,top_title,Title-focused selection,difficulty,Difficulty-adaptive budget,Favor concise title evidence before full-document evidence.,Allocate more labels to low-confidence/high-entropy queries.,1620,12.0,0.08034188034188035,0.4,0.6464025060757003,0.6125573192239858,0.9,0.6397011426310802,0.6086507936507937,0.8366666666666666,-0.032099862871992624,-0.01914682539682544,-0.1266666666666667,0.003703703703703704,0.037037037037037035,0.005930310855677098,0.6497736420896318,0.7580246913580246
scifact,0,difficulty__rrf_consensus,Difficulty-adaptive budget + Multi-retriever consensus,rrf_consensus,Multi-retriever consensus,difficulty,Difficulty-adaptive budget,Reward candidates jointly supported by several retrievers.,Allocate more labels to low-confidence/high-entropy queries.,1620,12.0,0.08262108262108261,0.2,0.633238732870582,0.6030246913580248,0.8888888888888888,0.6545768436637485,0.626984126984127,0.9183333333333332,-0.017224161839324403,-0.0008134920634921272,-0.04500000000000004,0.006172839506172839,0.044444444444444446,0.001586096117525925,0.5206609302096896,0.7845679012345679
scifact,0,difficulty__retriever_disagreement,Difficulty-adaptive budget + Retriever disagreement,retriever_disagreement,Retriever disagreement,difficulty,Difficulty-adaptive budget,"Label pairs on which lexical, character and semantic retrievers disagree.",Allocate more labels to low-confidence/high-entropy queries.,1620,12.0,0.07920227920227921,0.0,0.6039019243917362,0.5809876543209876,0.9777777777777777,0.6718010055030729,0.6277976190476191,0.9633333333333333,0.0,0.0,0.0,0.0024691358024691358,0.022222222222222223,0.037806676861680585,0.4331978666561621,0.7734567901234568
scifact,0,difficulty__uncertainty,Difficulty-adaptive budget + Current-model uncertainty,uncertainty,Current-model uncertainty,difficulty,Difficulty-adaptive budget,Label candidates nearest the current model's decision boundary.,Allocate more labels to low-confidence/high-entropy queries.,1620,12.0,0.07692307692307693,0.4,0.6350371598090525,0.5894444444444444,0.9555555555555556,0.657486676610105,0.6235582010582009,0.9049999999999999,-0.014314328892967909,-0.004239417989418182,-0.05833333333333335,0.0,0.0,0.03492121409486841,0.5699729719647655,0.8302469135802469
scifact,0,difficulty__committee,Difficulty-adaptive budget + Bootstrap committee disagreement,committee,Bootstrap committee disagreement,difficulty,Difficulty-adaptive budget,Use epistemic disagreement across cheap student replicas.,Allocate more labels to low-confidence/high-entropy queries.,1620,12.0,0.07806267806267807,0.6,0.6465374538591016,0.5956084656084656,0.9444444444444444,0.6562194537819313,0.6225661375661375,0.8849999999999999,-0.015581551721141618,-0.005231481481481559,-0.07833333333333337,0.0012345679012345679,0.014814814814814815,0.059306789033206894,0.5690071751674016,0.7814814814814814
scifact,0,difficulty__false_positive,Difficulty-adaptive budget + Likely false-positive hunting,false_positive,Likely false-positive hunting,difficulty,Difficulty-adaptive budget,Inspect high-ranked candidates the current model distrusts.,Allocate more labels to low-confidence/high-entropy queries.,1620,12.0,0.07692307692307693,0.8,0.6507709480533374,0.6023104056437389,0.9777777777777777,0.6721731609790108,0.6254828042328044,0.8783333333333333,0.00037215547593794085,-0.0023148148148146586,-0.08499999999999996,0.0,0.0,0.013859942555427551,0.757108622127109,0.8
scifact,0,difficulty__false_negative,Difficulty-adaptive budget + Likely false-negative hunting,false_negative,Likely false-negative hunting,difficulty,Difficulty-adaptive budget,Inspect low-ranked candidates the current model considers promising.,Allocate more labels to low-confidence/high-entropy queries.,1620,12.0,0.08262108262108261,0.2,0.6056385553568001,0.5797178130511464,0.9111111111111111,0.6627999245935848,0.6305555555555554,0.9433333333333332,-0.009001080909488035,0.0027579365079363205,-0.020000000000000018,0.006172839506172839,0.044444444444444446,0.08427998747354672,0.5538872238662508,0.7925925925925926
scifact,0,difficulty__coverage,Difficulty-adaptive budget + Query-term coverage,coverage,Query-term coverage,difficulty,Difficulty-adaptive budget,Prefer documents covering more of the query's content.,Allocate more labels to low-confidence/high-entropy queries.,1620,12.0,0.08262108262108261,0.4,0.6494854024001564,0.6029629629629629,0.8555555555555555,0.6614940022461557,0.6299470899470899,0.825,-0.010307003256917135,0.002149470899470818,-0.1383333333333333,0.006172839506172839,0.05185185185185185,0.0034081672076825744,0.5687475003578045,0.7814814814814814
scifact,0,difficulty__rank_strata,Difficulty-adaptive budget + Rank-stratified sampling,rank_strata,Rank-stratified sampling,difficulty,Difficulty-adaptive budget,Guarantee supervision from each rank band.,Allocate more labels to low-confidence/high-entropy queries.,1620,12.0,0.07806267806267807,0.6,0.6224657416382938,0.5925308641975309,0.7777777777777778,0.6483450441253711,0.6249999999999999,0.7466666666666666,-0.023455961377701784,-0.0027976190476192153,-0.21666666666666667,0.0012345679012345679,0.014814814814814815,0.011253461241722107,0.5626162195647204,0.8098765432098766
scifact,0,difficulty__mmr_relevance,Difficulty-adaptive budget + Relevance–diversity MMR,mmr_relevance,Relevance–diversity MMR,difficulty,Difficulty-adaptive budget,Balance likely relevance with non-redundant documents.,Allocate more labels to low-confidence/high-entropy queries.,1620,12.0,0.08148148148148149,0.2,0.6369208495466856,0.6045679012345679,0.9333333333333333,0.6780452785994684,0.6337962962962963,0.9299999999999999,0.006244273096395525,0.005998677248677198,-0.033333333333333326,0.0049382716049382715,0.037037037037037035,0.00601464922045484,0.7417815797858768,0.7771604938271605
scifact,0,difficulty__mmr_uncertainty,Difficulty-adaptive budget + Uncertainty–diversity MMR,mmr_uncertainty,Uncertainty–diversity MMR,difficulty,Difficulty-adaptive budget,Cover multiple uncertain semantic regions.,Allocate more labels to low-confidence/high-entropy queries.,1620,12.0,0.07806267806267807,0.4,0.6356327304879809,0.5958553791887126,0.9555555555555556,0.6815954031733188,0.6392526455026456,0.9049999999999999,0.009794397670245925,0.011455026455026496,-0.05833333333333335,0.0012345679012345679,0.014814814814814815,0.04179591315763968,0.6885972996552785,0.812962962962963
scifact,0,difficulty__farthest_first,Difficulty-adaptive budget + Semantic k-center coverage,farthest_first,Semantic k-center coverage,difficulty,Difficulty-adaptive budget,Cover the candidate manifold with farthest-first traversal.,Allocate more labels to low-confidence/high-entropy queries.,1620,12.0,0.07692307692307693,0.4,0.6394080821567809,0.6090740740740741,0.9555555555555556,0.6817937312863321,0.628287037037037,0.9299999999999999,0.00999272578325927,0.0004894179894179285,-0.033333333333333326,0.0,0.0,0.04601540984930815,0.8793258397667496,0.7703703703703704
scifact,0,difficulty__cluster_representatives,Difficulty-adaptive budget + Candidate-cluster representatives,cluster_representatives,Candidate-cluster representatives,difficulty,Difficulty-adaptive budget,Take representative documents from multiple semantic clusters.,Allocate more labels to low-confidence/high-entropy queries.,1620,12.0,0.07806267806267807,0.4,0.6569915741746688,0.6047707231040564,0.9222222222222223,0.6739048718600215,0.6337962962962963,0.8599999999999999,0.0021038663569485916,0.005998677248677198,-0.10333333333333339,0.0012345679012345679,0.014814814814814815,0.025457185985129558,0.6925815014927476,0.7512345679012346
scifact,0,difficulty__center_outlier_mix,Difficulty-adaptive budget + Typical–outlier mixture,center_outlier_mix,Typical–outlier mixture,difficulty,Difficulty-adaptive budget,Label both dense-region representatives and unusual candidates.,Allocate more labels to low-confidence/high-entropy queries.,1620,12.0,0.07920227920227921,0.4,0.652536535448674,0.598289241622575,0.9777777777777777,0.6702849005811987,0.6343253968253967,0.9383333333333332,-0.0015161049218741507,0.006527777777777577,-0.025000000000000022,0.0024691358024691358,0.022222222222222223,0.04068546876495267,0.7338217037695426,0.745679012345679
scifact,0,difficulty__hard_negative,Difficulty-adaptive budget + Hard-negative proxy,hard_negative,Hard-negative proxy,difficulty,Difficulty-adaptive budget,Prioritize high retrieval score but low relevance probability.,Allocate more labels to low-confidence/high-entropy queries.,1620,12.0,0.07749287749287749,0.6,0.6493280619050383,0.6003350970017637,0.9777777777777777,0.6671374184701176,0.622010582010582,0.8699999999999999,-0.004663587032955219,-0.0057870370370370905,-0.09333333333333338,0.0006172839506172839,0.007407407407407408,0.008012898689434852,0.6941750895093989,0.7993827160493827
scifact,0,difficulty__leverage,Difficulty-adaptive budget + Feature-space leverage,leverage,Feature-space leverage,difficulty,Difficulty-adaptive budget,Select statistically influential examples in the student feature space.,Allocate more labels to low-confidence/high-entropy queries.,1620,12.0,0.07920227920227921,0.4,0.6402247354975028,0.6062610229276896,0.9555555555555556,0.6536477791579564,0.618611111111111,0.9466666666666667,-0.018153226345116513,-0.009186507936508104,-0.016666666666666607,0.0024691358024691358,0.02962962962962963,0.07363082700305515,0.7340352212941205,0.7611111111111111
scifact,0,difficulty__d_optimal,Difficulty-adaptive budget + D-optimal experimental design,d_optimal,D-optimal experimental design,difficulty,Difficulty-adaptive budget,Choose a set that maximizes feature-space information volume.,Allocate more labels to low-confidence/high-entropy queries.,1620,12.0,0.07920227920227921,0.4,0.6402247354975028,0.6062610229276896,0.9555555555555556,0.6570427618386517,0.6263888888888888,0.9466666666666667,-0.014758243664421133,-0.0014087301587303314,-0.016666666666666607,0.0024691358024691358,0.02962962962962963,0.051668049781410784,0.7286548897072122,0.7530864197530864
scifact,0,difficulty__portfolio,Difficulty-adaptive budget + Diversified policy portfolio,portfolio,Diversified policy portfolio,difficulty,Difficulty-adaptive budget,"Hedge across exploitation, uncertainty, disagreement, coverage and diversity.",Allocate more labels to low-confidence/high-entropy queries.,1620,12.0,0.08148148148148149,0.4,0.6561832948132196,0.6106701940035274,0.9333333333333333,0.6655422990067823,0.6363359788359788,0.8883333333333333,-0.006258706496290567,0.008538359788359706,-0.07499999999999996,0.0049382716049382715,0.044444444444444446,0.027514522789437095,0.626478953273208,0.8006172839506173
scifact,0,disagreement__random,Disagreement-adaptive budget + Random exploration,random,Random exploration,disagreement,Disagreement-adaptive budget,A random but reproducible sample is a strong unbiased control.,Allocate more labels where retrievers and model replicas disagree.,1620,12.0,0.07692307692307693,0.6,0.6604878583447558,0.6149029982363315,0.8555555555555555,0.6680963016222462,0.6360383597883599,0.8166666666666667,-0.0037047038808266652,0.00824074074074077,-0.1466666666666666,0.0,0.0,0.03325483320671835,0.6920401102966732,0.8537037037037037
scifact,0,disagreement__top_base,Disagreement-adaptive budget + Top current-retriever candidates,top_base,Top current-retriever candidates,disagreement,Disagreement-adaptive budget,Exploit the current retriever's highest-scoring documents.,Allocate more labels where retrievers and model replicas disagree.,1620,12.0,0.08262108262108261,0.2,0.6465657777322853,0.6049382716049383,0.9333333333333333,0.6680322527210045,0.6329166666666666,0.9349999999999999,-0.003768752782068341,0.005119047619047468,-0.02833333333333332,0.006172839506172839,0.05185185185185185,0.0012693539077852979,0.5281280418788945,0.7969135802469136
scifact,0,disagreement__uniform_rank,Disagreement-adaptive budget + Uniform rank coverage,uniform_rank,Uniform rank coverage,disagreement,Disagreement-adaptive budget,Spread labels across the whole candidate ranking instead of only its head.,Allocate more labels where retrievers and model replicas disagree.,1620,12.0,0.07806267806267807,0.4,0.6622599242509786,0.617037037037037,0.8777777777777778,0.6735335543576324,0.6293055555555557,0.8733333333333333,0.0017325488545595347,0.0015079365079365692,-0.08999999999999997,0.0012345679012345679,0.007407407407407408,0.013164872777314833,0.6395902463683376,0.8561728395061728
scifact,0,disagreement__head_tail,Disagreement-adaptive budget + Head–tail mixture,head_tail,Head–tail mixture,disagreement,Disagreement-adaptive budget,Label both likely positives/hard negatives and clear negatives.,Allocate more labels where retrievers and model replicas disagree.,1620,12.0,0.08034188034188035,0.4,0.6496280112260469,0.6111111111111112,0.8888888888888888,0.6473841505275947,0.6128240740740742,0.955,-0.024416854975478186,-0.014973544973544861,-0.008333333333333304,0.003703703703703704,0.037037037037037035,0.09139126090355862,0.6711488284446575,0.812962962962963
scifact,0,disagreement__top_bm25,Disagreement-adaptive budget + Lexical-first selection,top_bm25,Lexical-first selection,disagreement,Disagreement-adaptive budget,Spend feedback on BM25's strongest candidates.,Allocate more labels where retrievers and model replicas disagree.,1620,12.0,0.08205128205128205,0.2,0.625474242449378,0.59,0.9333333333333333,0.6850589042294554,0.6450198412698412,0.9133333333333333,0.0132578987263825,0.01722222222222214,-0.04999999999999993,0.005555555555555556,0.05185185185185185,0.002357164613994551,0.5804979594769302,0.7956790123456791
scifact,0,disagreement__top_lsa,Disagreement-adaptive budget + Semantic-first selection,top_lsa,Semantic-first selection,disagreement,Disagreement-adaptive budget,Spend feedback on latent-semantic candidates.,Allocate more labels where retrievers and model replicas disagree.,1620,12.0,0.08034188034188035,0.2,0.6259661466374162,0.5872751322751323,0.9333333333333333,0.6528189969801237,0.615462962962963,0.9099999999999999,-0.01898200852294918,-0.012334656084656115,-0.053333333333333344,0.003703703703703704,0.037037037037037035,0.01426876621481813,0.334077889279083,0.7537037037037037
scifact,0,disagreement__top_char,Disagreement-adaptive budget + Character-robust selection,top_char,Character-robust selection,disagreement,Disagreement-adaptive budget,Favor candidates supported by character-level similarity.,Allocate more labels where retrievers and model replicas disagree.,1620,12.0,0.08262108262108261,0.2,0.6098005577180632,0.5917283950617284,0.8888888888888888,0.6506936769872841,0.6257407407407407,0.9183333333333332,-0.02110732851578878,-0.002056878306878396,-0.04500000000000004,0.006172839506172839,0.044444444444444446,0.012515547466866764,0.5630149632140442,0.7987654320987654
scifact,0,disagreement__top_title,Disagreement-adaptive budget + Title-focused selection,top_title,Title-focused selection,disagreement,Disagreement-adaptive budget,Favor concise title evidence before full-document evidence.,Allocate more labels where retrievers and model replicas disagree.,1620,12.0,0.08034188034188035,0.4,0.6478721324182615,0.6141887125220459,0.9,0.648008587640581,0.6168253968253968,0.8366666666666666,-0.023792417862491866,-0.010972222222222272,-0.1266666666666667,0.003703703703703704,0.037037037037037035,0.005885759768662629,0.6471297485960854,0.7851851851851852
scifact,0,disagreement__rrf_consensus,Disagreement-adaptive budget + Multi-retriever consensus,rrf_consensus,Multi-retriever consensus,disagreement,Disagreement-adaptive budget,Reward candidates jointly supported by several retrievers.,Allocate more labels where retrievers and model replicas disagree.,1620,12.0,0.08148148148148149,0.2,0.644942614365177,0.6060141093474427,0.9111111111111111,0.6484256728899394,0.6186507936507937,0.9183333333333332,-0.023375332613133515,-0.009146825396825431,-0.04500000000000004,0.0049382716049382715,0.044444444444444446,0.0016417257211826465,0.5186743060747783,0.7962962962962963
scifact,0,disagreement__retriever_disagreement,Disagreement-adaptive budget + Retriever disagreement,retriever_disagreement,Retriever disagreement,disagreement,Disagreement-adaptive budget,"Label pairs on which lexical, character and semantic retrievers disagree.",Allocate more labels where retrievers and model replicas disagree.,1620,12.0,0.07863247863247863,0.0,0.6039019243917362,0.5809876543209876,0.9777777777777777,0.6718010055030729,0.6277976190476191,0.9633333333333333,0.0,0.0,0.0,0.001851851851851852,0.014814814814814815,0.03770006379963439,0.43280836525890565,0.774074074074074
scifact,0,disagreement__uncertainty,Disagreement-adaptive budget + Current-model uncertainty,uncertainty,Current-model uncertainty,disagreement,Disagreement-adaptive budget,Label candidates nearest the current model's decision boundary.,Allocate more labels where retrievers and model replicas disagree.,1620,12.0,0.07692307692307693,0.4,0.6414608226161168,0.5916666666666668,0.9,0.6696906300376978,0.6401124338624339,0.8966666666666666,-0.0021103754653750695,0.012314814814814778,-0.06666666666666665,0.0,0.0,0.03769541842701994,0.5688209797497149,0.8296296296296296
scifact,0,disagreement__committee,Disagreement-adaptive budget + Bootstrap committee disagreement,committee,Bootstrap committee disagreement,disagreement,Disagreement-adaptive budget,Use epistemic disagreement across cheap student replicas.,Allocate more labels where retrievers and model replicas disagree.,1620,12.0,0.07749287749287749,0.4,0.6311789664527778,0.5888271604938272,0.9333333333333333,0.6642879372561126,0.6269179894179895,0.9383333333333332,-0.007513068246960297,-0.0008796296296296191,-0.025000000000000022,0.0006172839506172839,0.007407407407407408,0.061529821562178344,0.5683620278482084,0.7907407407407407
scifact,0,disagreement__false_positive,Disagreement-adaptive budget + Likely false-positive hunting,false_positive,Likely false-positive hunting,disagreement,Disagreement-adaptive budget,Inspect high-ranked candidates the current model distrusts.,Allocate more labels where retrievers and model replicas disagree.,1620,12.0,0.07692307692307693,0.8,0.6431647581343433,0.5992504409171076,0.9777777777777777,0.6693414463658686,0.6254828042328044,0.8783333333333333,-0.0024595591372043035,-0.0023148148148146586,-0.08499999999999996,0.0,0.0,0.013337121076054044,0.7568000782419134,0.7993827160493827
scifact,0,disagreement__false_negative,Disagreement-adaptive budget + Likely false-negative hunting,false_negative,Likely false-negative hunting,disagreement,Disagreement-adaptive budget,Inspect low-ranked candidates the current model considers promising.,Allocate more labels where retrievers and model replicas disagree.,1620,12.0,0.08148148148148149,0.0,0.6039019243917362,0.5809876543209876,0.9777777777777777,0.6718010055030729,0.6277976190476191,0.9633333333333333,0.0,0.0,0.0,0.0049382716049382715,0.044444444444444446,0.09036646430139188,0.553110443993851,0.7938271604938272
scifact,0,disagreement__coverage,Disagreement-adaptive budget + Query-term coverage,coverage,Query-term coverage,disagreement,Disagreement-adaptive budget,Prefer documents covering more of the query's content.,Allocate more labels where retrievers and model replicas disagree.,1620,12.0,0.08091168091168091,0.4,0.6427150574926191,0.602989417989418,0.8555555555555555,0.6554053467066545,0.6275396825396825,0.8216666666666667,-0.016395658796418355,-0.00025793650793659584,-0.1416666666666666,0.004320987654320987,0.044444444444444446,0.003252476196230194,0.5690481940353358,0.7864197530864198
scifact,0,disagreement__rank_strata,Disagreement-adaptive budget + Rank-stratified sampling,rank_strata,Rank-stratified sampling,disagreement,Disagreement-adaptive budget,Guarantee supervision from each rank band.,Allocate more labels where retrievers and model replicas disagree.,1620,12.0,0.07806267806267807,0.4,0.6485455396830146,0.6005820105820106,0.8555555555555555,0.669688762835619,0.6334259259259258,0.8733333333333333,-0.002112242667453912,0.0056283068783067325,-0.08999999999999997,0.0012345679012345679,0.014814814814814815,0.012872551179226534,0.5593036617393847,0.8067901234567901
scifact,0,disagreement__mmr_relevance,Disagreement-adaptive budget + Relevance–diversity MMR,mmr_relevance,Relevance–diversity MMR,disagreement,Disagreement-adaptive budget,Balance likely relevance with non-redundant documents.,Allocate more labels where retrievers and model replicas disagree.,1620,12.0,0.08091168091168091,0.2,0.6436104050058852,0.607037037037037,0.9333333333333333,0.6725767726725282,0.6328240740740741,0.9466666666666667,0.0007757671694553769,0.005026455026455046,-0.016666666666666607,0.004320987654320987,0.037037037037037035,0.007298056652516495,0.7382487429512872,0.7932098765432098
scifact,0,disagreement__mmr_uncertainty,Disagreement-adaptive budget + Uncertainty–diversity MMR,mmr_uncertainty,Uncertainty–diversity MMR,disagreement,Disagreement-adaptive budget,Cover multiple uncertain semantic regions.,Allocate more labels where retrievers and model replicas disagree.,1620,12.0,0.07806267806267807,0.6,0.6287336309422332,0.5932098765432099,0.8333333333333334,0.6679851060020794,0.6410119047619048,0.8049999999999999,-0.0038158995009934804,0.013214285714285734,-0.15833333333333333,0.0012345679012345679,0.014814814814814815,0.04360523919264476,0.6901640597316954,0.8197530864197531
scifact,0,disagreement__farthest_first,Disagreement-adaptive budget + Semantic k-center coverage,farthest_first,Semantic k-center coverage,disagreement,Disagreement-adaptive budget,Cover the candidate manifold with farthest-first traversal.,Allocate more labels where retrievers and model replicas disagree.,1620,12.0,0.07692307692307693,0.6,0.6356290584792325,0.597363315696649,0.9333333333333333,0.6774648448955548,0.6281944444444446,0.89,0.00566383939248194,0.00039682539682550644,-0.07333333333333325,0.0,0.0,0.04721364584969886,0.8801884165516606,0.7728395061728395
scifact,0,disagreement__cluster_representatives,Disagreement-adaptive budget + Candidate-cluster representatives,cluster_representatives,Candidate-cluster representatives,disagreement,Disagreement-adaptive budget,Take representative documents from multiple semantic clusters.,Allocate more labels where retrievers and model replicas disagree.,1620,12.0,0.07749287749287749,0.6,0.6602012092511234,0.6152116402116402,0.8333333333333334,0.6509357697759542,0.6233333333333333,0.7799999999999999,-0.020865235727118625,-0.0044642857142858094,-0.18333333333333335,0.0006172839506172839,0.007407407407407408,0.025866365947841127,0.6954443565121403,0.7666666666666667
scifact,0,disagreement__center_outlier_mix,Disagreement-adaptive budget + Typical–outlier mixture,center_outlier_mix,Typical–outlier mixture,disagreement,Disagreement-adaptive budget,Label both dense-region representatives and unusual candidates.,Allocate more labels where retrievers and model replicas disagree.,1620,12.0,0.07863247863247863,0.4,0.6530125374658454,0.599241622574956,0.9777777777777777,0.6692946506053208,0.6321230158730159,0.9049999999999999,-0.0025063548977520833,0.004325396825396788,-0.05833333333333335,0.001851851851851852,0.014814814814814815,0.04207322601182961,0.7326192237712719,0.7450617283950617
scifact,0,disagreement__hard_negative,Disagreement-adaptive budget + Hard-negative proxy,hard_negative,Hard-negative proxy,disagreement,Disagreement-adaptive budget,Prioritize high retrieval score but low relevance probability.,Allocate more labels where retrievers and model replicas disagree.,1620,12.0,0.07749287749287749,0.8,0.6583488224638914,0.6052998236331569,0.8777777777777778,0.6774919717453665,0.627797619047619,0.8583333333333333,0.005690966242293594,-1.1102230246251565e-16,-0.10499999999999998,0.0006172839506172839,0.007407407407407408,0.007263152025364063,0.692200082982028,0.7981481481481482
scifact,0,disagreement__leverage,Disagreement-adaptive budget + Feature-space leverage,leverage,Feature-space leverage,disagreement,Disagreement-adaptive budget,Select statistically influential examples in the student feature space.,Allocate more labels where retrievers and model replicas disagree.,1620,12.0,0.07920227920227921,0.6,0.6385424290007239,0.6037566137566138,0.9555555555555556,0.6538835555323578,0.6290277777777777,0.9299999999999999,-0.017917449970715094,0.001230158730158637,-0.033333333333333326,0.0024691358024691358,0.02962962962962963,0.07634606618940094,0.7396433764033847,0.7666666666666667
scifact,0,disagreement__d_optimal,Disagreement-adaptive budget + D-optimal experimental design,d_optimal,D-optimal experimental design,disagreement,Disagreement-adaptive budget,Choose a set that maximizes feature-space information volume.,Allocate more labels where retrievers and model replicas disagree.,1620,12.0,0.07863247863247863,0.4,0.6478012490052815,0.6092504409171076,0.9555555555555556,0.6602526796386051,0.6252777777777777,0.9466666666666667,-0.011548325864467746,-0.002519841269841394,-0.016666666666666607,0.001851851851851852,0.022222222222222223,0.05193654821242815,0.7253591948085361,0.7537037037037037
scifact,0,disagreement__portfolio,Disagreement-adaptive budget + Diversified policy portfolio,portfolio,Diversified policy portfolio,disagreement,Disagreement-adaptive budget,"Hedge across exploitation, uncertainty, disagreement, coverage and diversity.",Allocate more labels where retrievers and model replicas disagree.,1620,12.0,0.08034188034188035,0.4,0.6567699626013938,0.6112257495590829,0.9,0.6606578019347521,0.6292261904761905,0.8716666666666666,-0.01114320356832077,0.0014285714285714457,-0.09166666666666667,0.003703703703703704,0.037037037037037035,0.027991244380856737,0.6278642000975432,0.7987654320987654
scifact,0,topic_balanced__random,Topic-balanced budget + Random exploration,random,Random exploration,topic_balanced,Topic-balanced budget,A random but reproducible sample is a strong unbiased control.,"Equalize total feedback across query clusters, not raw query counts.",1620,12.0,0.07692307692307693,0.6,0.661305589901145,0.6149029982363315,0.8555555555555555,0.6795206258546018,0.6451124338624338,0.84,0.007719620351528955,0.017314814814814672,-0.1233333333333333,0.0,0.0,0.0316117998994427,0.6919887805426562,0.8487654320987654
scifact,0,topic_balanced__top_base,Topic-balanced budget + Top current-retriever candidates,top_base,Top current-retriever candidates,topic_balanced,Topic-balanced budget,Exploit the current retriever's highest-scoring documents.,"Equalize total feedback across query clusters, not raw query counts.",1620,12.0,0.08319088319088319,0.2,0.6425143180640501,0.605520282186949,0.9333333333333333,0.661554341795408,0.6282407407407408,0.9349999999999999,-0.010246663707664916,0.00044312169312166194,-0.02833333333333332,0.006790123456790123,0.05185185185185185,0.0013698914536723384,0.5251508362867214,0.7814814814814814
scifact,0,topic_balanced__uniform_rank,Topic-balanced budget + Uniform rank coverage,uniform_rank,Uniform rank coverage,topic_balanced,Topic-balanced budget,Spread labels across the whole candidate ranking instead of only its head.,"Equalize total feedback across query clusters, not raw query counts.",1620,12.0,0.07863247863247863,0.4,0.6594101259538623,0.6141269841269842,0.8777777777777778,0.6777848744783878,0.6347685185185186,0.8733333333333333,0.005983868975314888,0.006970899470899461,-0.08999999999999997,0.001851851851851852,0.014814814814814815,0.012783447974993858,0.6455747354913641,0.8487654320987654
scifact,0,topic_balanced__head_tail,Topic-balanced budget + Head–tail mixture,head_tail,Head–tail mixture,topic_balanced,Topic-balanced budget,Label both likely positives/hard negatives and clear negatives.,"Equalize total feedback across query clusters, not raw query counts.",1620,12.0,0.08091168091168091,0.6,0.6465304882437986,0.6124867724867724,0.8666666666666667,0.614781411127149,0.5815476190476191,0.8366666666666667,-0.057019594375923854,-0.04625000000000001,-0.1266666666666666,0.004320987654320987,0.044444444444444446,0.08491228060957826,0.669144727565624,0.8123456790123457
scifact,0,topic_balanced__top_bm25,Topic-balanced budget + Lexical-first selection,top_bm25,Lexical-first selection,topic_balanced,Topic-balanced budget,Spend feedback on BM25's strongest candidates.,"Equalize total feedback across query clusters, not raw query counts.",1620,12.0,0.08262108262108261,0.2,0.6329650476998455,0.5938536155202822,0.9777777777777777,0.6845498991550546,0.6438161375661375,0.9299999999999999,0.01274889365198173,0.016018518518518432,-0.033333333333333326,0.006172839506172839,0.05185185185185185,0.0023783678257906877,0.5794676545593473,0.7851851851851852
scifact,0,topic_balanced__top_lsa,Topic-balanced budget + Semantic-first selection,top_lsa,Semantic-first selection,topic_balanced,Topic-balanced budget,Spend feedback on latent-semantic candidates.,"Equalize total feedback across query clusters, not raw query counts.",1620,12.0,0.08148148148148149,0.2,0.6255035716111097,0.5867195767195768,0.9333333333333333,0.6523082366446817,0.6149074074074075,0.9099999999999999,-0.01949276885839113,-0.012890211640211646,-0.053333333333333344,0.0049382716049382715,0.037037037037037035,0.011682534401799425,0.3327714384705932,0.7395061728395061
scifact,0,topic_balanced__top_char,Topic-balanced budget + Character-robust selection,top_char,Character-robust selection,topic_balanced,Topic-balanced budget,Favor candidates supported by character-level similarity.,"Equalize total feedback across query clusters, not raw query counts.",1620,12.0,0.08262108262108261,0.2,0.6109235169619627,0.5928395061728395,0.8888888888888888,0.6571876069938131,0.6340740740740741,0.9183333333333332,-0.0146133985092598,0.006276455026455019,-0.04500000000000004,0.006172839506172839,0.044444444444444446,0.010239267864345033,0.5658738765451643,0.8024691358024691
scifact,0,topic_balanced__top_title,Topic-balanced budget + Title-focused selection,top_title,Title-focused selection,topic_balanced,Topic-balanced budget,Favor concise title evidence before full-document evidence.,"Equalize total feedback across query clusters, not raw query counts.",1620,12.0,0.08034188034188035,0.4,0.6526170239883485,0.614347442680776,0.9444444444444444,0.6442614902156232,0.612010582010582,0.8566666666666667,-0.02753951528744969,-0.0157870370370371,-0.10666666666666658,0.003703703703703704,0.037037037037037035,0.005919708992228096,0.6523311958268837,0.7771604938271605
scifact,0,topic_balanced__rrf_consensus,Topic-balanced budget + Multi-retriever consensus,rrf_consensus,Multi-retriever consensus,topic_balanced,Topic-balanced budget,Reward candidates jointly supported by several retrievers.,"Equalize total feedback across query clusters, not raw query counts.",1620,12.0,0.08319088319088319,0.2,0.6460680141684254,0.6073721340388007,0.9555555555555556,0.6543362623117194,0.6267526455026455,0.9183333333333332,-0.017464743191353493,-0.0010449735449735709,-0.04500000000000004,0.006790123456790123,0.05185185185185185,0.0016842514644434424,0.5159416821267869,0.7833333333333333
scifact,0,topic_balanced__retriever_disagreement,Topic-balanced budget + Retriever disagreement,retriever_disagreement,Retriever disagreement,topic_balanced,Topic-balanced budget,"Label pairs on which lexical, character and semantic retrievers disagree.","Equalize total feedback across query clusters, not raw query counts.",1620,12.0,0.07920227920227921,0.0,0.6039019243917362,0.5809876543209876,0.9777777777777777,0.6718010055030729,0.6277976190476191,0.9633333333333333,0.0,0.0,0.0,0.0024691358024691358,0.022222222222222223,0.03352833460142583,0.43763266272015044,0.774074074074074
scifact,0,topic_balanced__uncertainty,Topic-balanced budget + Current-model uncertainty,uncertainty,Current-model uncertainty,topic_balanced,Topic-balanced budget,Label candidates nearest the current model's decision boundary.,"Equalize total feedback across query clusters, not raw query counts.",1620,12.0,0.07692307692307693,0.4,0.6465976897972409,0.597716049382716,0.9555555555555556,0.6621048637765682,0.6318915343915343,0.9049999999999999,-0.009696141726504681,0.004093915343915233,-0.05833333333333335,0.0,0.0,0.03332166057309987,0.5714013670329694,0.8209876543209876
scifact,0,topic_balanced__committee,Topic-balanced budget + Bootstrap committee disagreement,committee,Bootstrap committee disagreement,topic_balanced,Topic-balanced budget,Use epistemic disagreement across cheap student replicas.,"Equalize total feedback across query clusters, not raw query counts.",1620,12.0,0.07749287749287749,0.6,0.6396709008951429,0.5924603174603175,0.9444444444444444,0.6509370697441006,0.6222883597883598,0.8566666666666667,-0.020863935758972274,-0.005509259259259269,-0.10666666666666658,0.0006172839506172839,0.007407407407407408,0.05489717545332732,0.565602261490292,0.782716049382716
scifact,0,topic_balanced__false_positive,Topic-balanced budget + Likely false-positive hunting,false_positive,Likely false-positive hunting,topic_balanced,Topic-balanced budget,Inspect high-ranked candidates the current model distrusts.,"Equalize total feedback across query clusters, not raw query counts.",1620,12.0,0.07692307692307693,0.8,0.6507944254959485,0.6022751322751323,0.9777777777777777,0.666526249970977,0.6223809523809525,0.8783333333333333,-0.005274755532095887,-0.005416666666666625,-0.08499999999999996,0.0,0.0,0.01266575613875448,0.7594137884952404,0.7993827160493827
scifact,0,topic_balanced__false_negative,Topic-balanced budget + Likely false-negative hunting,false_negative,Likely false-negative hunting,topic_balanced,Topic-balanced budget,Inspect low-ranked candidates the current model considers promising.,"Equalize total feedback across query clusters, not raw query counts.",1620,12.0,0.08262108262108261,0.2,0.6066124164865524,0.5808289241622575,0.9111111111111111,0.671259946442038,0.6401587301587301,0.9433333333333332,-0.0005410590610348542,0.012361111111111045,-0.020000000000000018,0.006172839506172839,0.044444444444444446,0.08370963717684334,0.5542431652545929,0.7962962962962963
scifact,0,topic_balanced__coverage,Topic-balanced budget + Query-term coverage,coverage,Query-term coverage,topic_balanced,Topic-balanced budget,Prefer documents covering more of the query's content.,"Equalize total feedback across query clusters, not raw query counts.",1620,12.0,0.08205128205128205,0.2,0.6434933646179911,0.6008024691358025,0.9777777777777777,0.6786513769897041,0.6353571428571428,0.9466666666666667,0.006850371486631257,0.007559523809523738,-0.016666666666666607,0.005555555555555556,0.05185185185185185,0.0033288331311426044,0.5638132068845961,0.7839506172839507
scifact,0,topic_balanced__rank_strata,Topic-balanced budget + Rank-stratified sampling,rank_strata,Rank-stratified sampling,topic_balanced,Topic-balanced budget,Guarantee supervision from each rank band.,"Equalize total feedback across query clusters, not raw query counts.",1620,12.0,0.07806267806267807,0.4,0.6475322150447508,0.599347442680776,0.8555555555555555,0.6702324175736506,0.6352513227513228,0.8733333333333333,-0.0015685879294222715,0.007453703703703685,-0.08999999999999997,0.0012345679012345679,0.014814814814814815,0.012751166908829301,0.5699840693562119,0.8055555555555556
scifact,0,topic_balanced__mmr_relevance,Topic-balanced budget + Relevance–diversity MMR,mmr_relevance,Relevance–diversity MMR,topic_balanced,Topic-balanced budget,Balance likely relevance with non-redundant documents.,"Equalize total feedback across query clusters, not raw query counts.",1620,12.0,0.08205128205128205,0.2,0.6417679973699227,0.6049647266313933,0.9333333333333333,0.6692499353377462,0.6307142857142858,0.9633333333333333,-0.00255107016532663,0.0029166666666666785,0.0,0.005555555555555556,0.044444444444444446,0.007861497961444619,0.7385794988384953,0.7802469135802469
scifact,0,topic_balanced__mmr_uncertainty,Topic-balanced budget + Uncertainty–diversity MMR,mmr_uncertainty,Uncertainty–diversity MMR,topic_balanced,Topic-balanced budget,Cover multiple uncertain semantic regions.,"Equalize total feedback across query clusters, not raw query counts.",1620,12.0,0.07806267806267807,0.4,0.6361645157922515,0.5963492063492063,0.9555555555555556,0.6732199483679254,0.6367989417989419,0.9049999999999999,0.001418942864852557,0.009001322751322816,-0.05833333333333335,0.0012345679012345679,0.014814814814814815,0.0420814456395161,0.697835424432048,0.8104938271604938
scifact,0,topic_balanced__farthest_first,Topic-balanced budget + Semantic k-center coverage,farthest_first,Semantic k-center coverage,topic_balanced,Topic-balanced budget,Cover the candidate manifold with farthest-first traversal.,"Equalize total feedback across query clusters, not raw query counts.",1620,12.0,0.07692307692307693,0.6,0.6367904523346056,0.598694885361552,0.9333333333333333,0.6800351005877366,0.6314351851851853,0.89,0.008234095084663773,0.0036375661375661617,-0.07333333333333325,0.0,0.0,0.04402418659057146,0.8795764587543629,0.7790123456790123
scifact,0,topic_balanced__cluster_representatives,Topic-balanced budget + Candidate-cluster representatives,cluster_representatives,Candidate-cluster representatives,topic_balanced,Topic-balanced budget,Take representative documents from multiple semantic clusters.,"Equalize total feedback across query clusters, not raw query counts.",1620,12.0,0.07920227920227921,0.6,0.6537301733987059,0.6120017636684304,0.8111111111111111,0.648738925706844,0.6150198412698413,0.7799999999999999,-0.023062079796228874,-0.012777777777777777,-0.18333333333333335,0.0024691358024691358,0.02962962962962963,0.023709922366672093,0.6877477672364977,0.7623456790123457
scifact,0,topic_balanced__center_outlier_mix,Topic-balanced budget + Typical–outlier mixture,center_outlier_mix,Typical–outlier mixture,topic_balanced,Topic-balanced budget,Label both dense-region representatives and unusual candidates.,"Equalize total feedback across query clusters, not raw query counts.",1620,12.0,0.07920227920227921,0.4,0.6577044584079499,0.6045502645502646,0.9777777777777777,0.6646062018490496,0.6308531746031746,0.9216666666666666,-0.007194803654023252,0.003055555555555478,-0.04166666666666663,0.0024691358024691358,0.022222222222222223,0.04057135118378533,0.7350283808178372,0.741358024691358
scifact,0,topic_balanced__hard_negative,Topic-balanced budget + Hard-negative proxy,hard_negative,Hard-negative proxy,topic_balanced,Topic-balanced budget,Prioritize high retrieval score but low relevance probability.,"Equalize total feedback across query clusters, not raw query counts.",1620,12.0,0.07749287749287749,0.6,0.6492517602289082,0.600246913580247,0.9777777777777777,0.6671374184701176,0.622010582010582,0.8699999999999999,-0.004663587032955219,-0.0057870370370370905,-0.09333333333333338,0.0006172839506172839,0.007407407407407408,0.0069660650727189615,0.6913663638962639,0.7858024691358024
scifact,0,topic_balanced__leverage,Topic-balanced budget + Feature-space leverage,leverage,Feature-space leverage,topic_balanced,Topic-balanced budget,Select statistically influential examples in the student feature space.,"Equalize total feedback across query clusters, not raw query counts.",1620,12.0,0.07977207977207977,0.8,0.6416706101309574,0.6065079365079366,0.9333333333333333,0.6463830825592303,0.6143452380952381,0.8766666666666666,-0.025417922943842597,-0.013452380952380993,-0.08666666666666667,0.0030864197530864196,0.037037037037037035,0.07089783865728497,0.733664780192905,0.7753086419753087
scifact,0,topic_balanced__d_optimal,Topic-balanced budget + D-optimal experimental design,d_optimal,D-optimal experimental design,topic_balanced,Topic-balanced budget,Choose a set that maximizes feature-space information volume.,"Equalize total feedback across query clusters, not raw query counts.",1620,12.0,0.07977207977207977,0.6,0.6426158743034539,0.6075220458553793,0.9111111111111111,0.6529052657702593,0.619212962962963,0.8766666666666666,-0.018895739732813555,-0.008584656084656084,-0.08666666666666667,0.0030864197530864196,0.037037037037037035,0.051832198324026885,0.7311169513949641,0.7666666666666667
scifact,0,topic_balanced__portfolio,Topic-balanced budget + Diversified policy portfolio,portfolio,Diversified policy portfolio,topic_balanced,Topic-balanced budget,"Hedge across exploitation, uncertainty, disagreement, coverage and diversity.","Equalize total feedback across query clusters, not raw query counts.",1620,12.0,0.08205128205128205,0.4,0.6563943049814515,0.6108553791887126,0.9555555555555556,0.6583643563722256,0.6266137566137567,0.8883333333333333,-0.0134366491308473,-0.0011838624338623704,-0.07499999999999996,0.005555555555555556,0.05185185185185185,0.027022553961954,0.6246766028580842,0.7969135802469136
scifact,1,uniform__random,Uniform per-query budget + Random exploration,random,Random exploration,uniform,Uniform per-query budget,A random but reproducible sample is a strong unbiased control.,Give every query the same number of feedback calls.,1620,12.0,0.07863247863247863,0.6,0.5323084985278912,0.5098412698412699,0.6333333333333333,0.6401056912999171,0.6068518518518519,0.7833333333333333,-0.0334573594377231,-0.01904761904761909,-0.1166666666666667,0.001851851851851852,0.022222222222222223,0.031667429907822314,0.69718534372471,0.8567901234567902
scifact,1,uniform__top_base,Uniform per-query budget + Top current-retriever candidates,top_base,Top current-retriever candidates,uniform,Uniform per-query budget,Exploit the current retriever's highest-scoring documents.,Give every query the same number of feedback calls.,1620,12.0,0.08774928774928775,0.2,0.5484923424903694,0.5177777777777778,0.8555555555555555,0.6751026031213779,0.6283068783068783,0.8833333333333333,0.0015395523837377079,0.0024074074074073026,-0.01666666666666672,0.011728395061728396,0.08888888888888889,0.0012927020405545647,0.5277486133906576,0.821604938271605
scifact,1,uniform__uniform_rank,Uniform per-query budget + Uniform rank coverage,uniform_rank,Uniform rank coverage,uniform,Uniform per-query budget,Spread labels across the whole candidate ranking instead of only its head.,Give every query the same number of feedback calls.,1620,12.0,0.08034188034188035,0.4,0.5412079583973015,0.5144973544973545,0.6555555555555556,0.6644959097578297,0.6188888888888889,0.8416666666666667,-0.00906714097981054,-0.007010582010582023,-0.05833333333333335,0.003703703703703704,0.037037037037037035,0.014099255829681585,0.6443090522730792,0.8339506172839506
scifact,1,uniform__head_tail,Uniform per-query budget + Head–tail mixture,head_tail,Head–tail mixture,uniform,Uniform per-query budget,Label both likely positives/hard negatives and clear negatives.,Give every query the same number of feedback calls.,1620,12.0,0.08205128205128205,0.6,0.5570620366327159,0.5322222222222222,0.8888888888888888,0.6474362288203654,0.6053174603174603,0.8916666666666667,-0.02612682191727478,-0.0205820105820107,-0.008333333333333304,0.005555555555555556,0.05925925925925926,0.09255233053807858,0.675436551924105,0.828395061728395
scifact,1,uniform__top_bm25,Uniform per-query budget + Lexical-first selection,top_bm25,Lexical-first selection,uniform,Uniform per-query budget,Spend feedback on BM25's strongest candidates.,Give every query the same number of feedback calls.,1620,12.0,0.08547008547008547,0.2,0.5345785565855635,0.5054585537918871,0.8444444444444444,0.6714764082990947,0.627473544973545,0.8833333333333333,-0.002086642438545505,0.001574074074074061,-0.01666666666666672,0.009259259259259259,0.07407407407407407,0.002307491206828459,0.5837573792095537,0.8049382716049382
scifact,1,uniform__top_lsa,Uniform per-query budget + Semantic-first selection,top_lsa,Semantic-first selection,uniform,Uniform per-query budget,Spend feedback on latent-semantic candidates.,Give every query the same number of feedback calls.,1620,12.0,0.08319088319088319,0.2,0.5074435237195895,0.4745061728395061,0.8333333333333334,0.6497170943195677,0.6175925925925926,0.875,-0.023845956418072523,-0.008306878306878374,-0.025000000000000022,0.006790123456790123,0.05925925925925926,0.012437879376941257,0.34515332910749646,0.7808641975308642
scifact,1,uniform__top_char,Uniform per-query budget + Character-robust selection,top_char,Character-robust selection,uniform,Uniform per-query budget,Favor candidates supported by character-level similarity.,Give every query the same number of feedback calls.,1620,12.0,0.08774928774928775,0.2,0.5093704826078455,0.49240740740740735,0.7333333333333333,0.66094078566997,0.6237037037037038,0.8666666666666667,-0.012622265067670169,-0.0021957671957671954,-0.033333333333333326,0.011728395061728396,0.08148148148148149,0.011990462482711415,0.5594049292030158,0.7944444444444444
scifact,1,uniform__top_title,Uniform per-query budget + Title-focused selection,top_title,Title-focused selection,uniform,Uniform per-query budget,Favor concise title evidence before full-document evidence.,Give every query the same number of feedback calls.,1620,12.0,0.08433048433048433,0.2,0.5273192183952654,0.4952380952380952,0.8666666666666667,0.6510505593687923,0.6098611111111112,0.9166666666666666,-0.02251249136884792,-0.01603835978835977,0.016666666666666607,0.008024691358024692,0.07407407407407407,0.005903031575826951,0.6474961774216758,0.7981481481481482
scifact,1,uniform__rrf_consensus,Uniform per-query budget + Multi-retriever consensus,rrf_consensus,Multi-retriever consensus,uniform,Uniform per-query budget,Reward candidates jointly supported by several retrievers.,Give every query the same number of feedback calls.,1620,12.0,0.08717948717948718,0.2,0.5398956134407129,0.5133333333333334,0.8555555555555555,0.657607921450246,0.6146296296296296,0.9,-0.015955129287394176,-0.011269841269841319,0.0,0.011111111111111112,0.08148148148148149,0.001559770585578165,0.5140323023001353,0.8104938271604938
scifact,1,uniform__retriever_disagreement,Uniform per-query budget + Retriever disagreement,retriever_disagreement,Retriever disagreement,uniform,Uniform per-query budget,"Label pairs on which lexical, character and semantic retrievers disagree.",Give every query the same number of feedback calls.,1620,12.0,0.07977207977207977,0.2,0.5082745155115459,0.4824074074074074,0.7888888888888889,0.6759879075772923,0.6281018518518519,0.8833333333333333,0.002424856839652101,0.0022023809523809,-0.01666666666666672,0.0030864197530864196,0.02962962962962963,0.03642404200854125,0.4361908080953139,0.7962962962962963
scifact,1,uniform__uncertainty,Uniform per-query budget + Current-model uncertainty,uncertainty,Current-model uncertainty,uniform,Uniform per-query budget,Label candidates nearest the current model's decision boundary.,Give every query the same number of feedback calls.,1620,12.0,0.07920227920227921,0.4,0.5307964929553454,0.5011992945326279,0.7,0.6391934840454597,0.6058068783068783,0.7916666666666666,-0.0343695666921805,-0.020092592592592662,-0.10833333333333339,0.0024691358024691358,0.02962962962962963,0.03010122959996447,0.5763898458745744,0.8160493827160494
scifact,1,uniform__committee,Uniform per-query budget + Bootstrap committee disagreement,committee,Bootstrap committee disagreement,uniform,Uniform per-query budget,Use epistemic disagreement across cheap student replicas.,Give every query the same number of feedback calls.,1620,12.0,0.07863247863247863,1.0,0.5257618124064874,0.5005820105820106,0.6333333333333333,0.6273804195831504,0.6027777777777777,0.75,-0.04618263115448984,-0.02312169312169321,-0.15000000000000002,0.001851851851851852,0.022222222222222223,0.046629954083466235,0.611199935387682,0.8024691358024691
scifact,1,uniform__false_positive,Uniform per-query budget + Likely false-positive hunting,false_positive,Likely false-positive hunting,uniform,Uniform per-query budget,Inspect high-ranked candidates the current model distrusts.,Give every query the same number of feedback calls.,1620,12.0,0.07692307692307693,0.8,0.5153790242864558,0.4867283950617283,0.8111111111111111,0.666542005068898,0.6169378306878308,0.8416666666666667,-0.007021045668742176,-0.008961640211640143,-0.05833333333333335,0.0,0.0,0.013110077233962071,0.7359568576018015,0.8246913580246914
scifact,1,uniform__false_negative,Uniform per-query budget + Likely false-negative hunting,false_negative,Likely false-negative hunting,uniform,Uniform per-query budget,Inspect low-ranked candidates the current model considers promising.,Give every query the same number of feedback calls.,1620,12.0,0.08774928774928775,0.2,0.5181109434674087,0.4955555555555556,0.8444444444444444,0.6701088839778926,0.6303439153439153,0.9,-0.0034541667597476344,0.004444444444444362,0.0,0.011728395061728396,0.08148148148148149,0.07258089633635532,0.571455253219163,0.8055555555555556
scifact,1,uniform__coverage,Uniform per-query budget + Query-term coverage,coverage,Query-term coverage,uniform,Uniform per-query budget,Prefer documents covering more of the query's content.,Give every query the same number of feedback calls.,1620,12.0,0.08547008547008547,0.2,0.5394616984609253,0.5058289241622574,0.8222222222222222,0.6651942353336342,0.6152248677248677,0.8833333333333333,-0.008368815404006025,-0.010674603174603225,-0.01666666666666672,0.009259259259259259,0.08148148148148149,0.0033928006519506008,0.565550019674831,0.7987654320987654
scifact,1,uniform__rank_strata,Uniform per-query budget + Rank-stratified sampling,rank_strata,Rank-stratified sampling,uniform,Uniform per-query budget,Guarantee supervision from each rank band.,Give every query the same number of feedback calls.,1620,12.0,0.07920227920227921,0.4,0.5402378077689785,0.513668430335097,0.7,0.6443924620470027,0.6078703703703704,0.7916666666666666,-0.02917058869063749,-0.01802910052910056,-0.10833333333333339,0.0024691358024691358,0.02962962962962963,0.013864707615640428,0.5663097769021987,0.8141975308641975
scifact,1,uniform__mmr_relevance,Uniform per-query budget + Relevance–diversity MMR,mmr_relevance,Relevance–diversity MMR,uniform,Uniform per-query budget,Balance likely relevance with non-redundant documents.,Give every query the same number of feedback calls.,1620,12.0,0.08433048433048433,0.2,0.5498667498886776,0.5194356261022928,0.8222222222222222,0.6688602259056896,0.6244179894179893,0.8833333333333333,-0.004702824831950614,-0.001481481481481639,-0.01666666666666672,0.008024691358024692,0.06666666666666667,0.0073179492244014035,0.7406472203908143,0.8092592592592592
scifact,1,uniform__mmr_uncertainty,Uniform per-query budget + Uncertainty–diversity MMR,mmr_uncertainty,Uncertainty–diversity MMR,uniform,Uniform per-query budget,Cover multiple uncertain semantic regions.,Give every query the same number of feedback calls.,1620,12.0,0.07863247863247863,0.4,0.5313831607435197,0.5017548500881834,0.7,0.6461778934501056,0.6065476190476191,0.7916666666666666,-0.027385157287534656,-0.019351851851851842,-0.10833333333333339,0.001851851851851852,0.022222222222222223,0.039392055295131824,0.7090069311636465,0.821604938271605
scifact,1,uniform__farthest_first,Uniform per-query budget + Semantic k-center coverage,farthest_first,Semantic k-center coverage,uniform,Uniform per-query budget,Cover the candidate manifold with farthest-first traversal.,Give every query the same number of feedback calls.,1620,12.0,0.07749287749287749,0.6,0.5226818967562471,0.4958024691358025,0.7111111111111111,0.648869634641862,0.6104166666666667,0.8666666666666667,-0.024693416095778242,-0.015482804232804237,-0.033333333333333326,0.0006172839506172839,0.007407407407407408,0.05192642186158969,0.8829977101749844,0.7753086419753087
scifact,1,uniform__cluster_representatives,Uniform per-query budget + Candidate-cluster representatives,cluster_representatives,Candidate-cluster representatives,uniform,Uniform per-query budget,Take representative documents from multiple semantic clusters.,Give every query the same number of feedback calls.,1620,12.0,0.07806267806267807,0.4,0.5384599095442972,0.5047795414462081,0.7222222222222222,0.65801351414934,0.6193518518518518,0.825,-0.015549536588300272,-0.006547619047619135,-0.07500000000000007,0.0012345679012345679,0.014814814814814815,0.026434095443030933,0.6935427888675972,0.7654320987654321
scifact,1,uniform__center_outlier_mix,Uniform per-query budget + Typical–outlier mixture,center_outlier_mix,Typical–outlier mixture,uniform,Uniform per-query budget,Label both dense-region representatives and unusual candidates.,Give every query the same number of feedback calls.,1620,12.0,0.07977207977207977,0.4,0.5400004304759997,0.50663139329806,0.8111111111111111,0.6597900840097705,0.6174074074074074,0.875,-0.013772966727869762,-0.00849206349206355,-0.025000000000000022,0.0030864197530864196,0.02962962962962963,0.04331982610402284,0.7251837898183752,0.7475308641975309
scifact,1,uniform__hard_negative,Uniform per-query budget + Hard-negative proxy,hard_negative,Hard-negative proxy,uniform,Uniform per-query budget,Prioritize high retrieval score but low relevance probability.,Give every query the same number of feedback calls.,1620,12.0,0.07692307692307693,0.4,0.5220685797456553,0.4891975308641975,0.8555555555555555,0.6723718561216827,0.6249074074074075,0.8583333333333333,-0.0011911946159575137,-0.0009920634920634885,-0.04166666666666674,0.0,0.0,0.007200018344102083,0.6756663969269505,0.8222222222222222
scifact,1,uniform__leverage,Uniform per-query budget + Feature-space leverage,leverage,Feature-space leverage,uniform,Uniform per-query budget,Select statistically influential examples in the student feature space.,Give every query the same number of feedback calls.,1620,12.0,0.08205128205128205,0.8,0.5453354500493347,0.5116049382716049,0.9111111111111111,0.6867931724939804,0.6541666666666667,0.8916666666666667,0.013230121756340196,0.02826719576719572,-0.008333333333333304,0.005555555555555556,0.05925925925925926,0.07452875938680437,0.733610882140972,0.7654320987654321
scifact,1,uniform__d_optimal,Uniform per-query budget + D-optimal experimental design,d_optimal,D-optimal experimental design,uniform,Uniform per-query budget,Choose a set that maximizes feature-space information volume.,Give every query the same number of feedback calls.,1620,12.0,0.08091168091168091,0.6,0.5498256596835785,0.5114462081128748,0.7888888888888889,0.6701487749810414,0.6337962962962962,0.8416666666666667,-0.0034142757565988058,0.007896825396825236,-0.05833333333333335,0.004320987654320987,0.044444444444444446,0.05312120443508949,0.7282102342005129,0.7395061728395061
scifact,1,uniform__portfolio,Uniform per-query budget + Diversified policy portfolio,portfolio,Diversified policy portfolio,uniform,Uniform per-query budget,"Hedge across exploitation, uncertainty, disagreement, coverage and diversity.",Give every query the same number of feedback calls.,1620,12.0,0.08205128205128205,0.4,0.5498632804322906,0.5192857142857144,0.7666666666666667,0.6653200756219257,0.629074074074074,0.825,-0.00824297511571448,0.0031746031746030523,-0.07500000000000007,0.005555555555555556,0.05925925925925926,0.027872123026553494,0.6375561153447187,0.8160493827160494
scifact,1,difficulty__random,Difficulty-adaptive budget + Random exploration,random,Random exploration,difficulty,Difficulty-adaptive budget,A random but reproducible sample is a strong unbiased control.,Allocate more labels to low-confidence/high-entropy queries.,1620,12.0,0.07863247863247863,0.6,0.5406897670650508,0.5141269841269841,0.6555555555555556,0.6449234384052153,0.6085185185185185,0.7833333333333333,-0.028639612332424957,-0.017380952380952497,-0.1166666666666667,0.001851851851851852,0.022222222222222223,0.03096318785791044,0.6958754850758446,0.8592592592592593
scifact,1,difficulty__top_base,Difficulty-adaptive budget + Top current-retriever candidates,top_base,Top current-retriever candidates,difficulty,Difficulty-adaptive budget,Exploit the current retriever's highest-scoring documents.,Allocate more labels to low-confidence/high-entropy queries.,1620,12.0,0.08831908831908832,0.2,0.5484923424903694,0.5177777777777778,0.8555555555555555,0.6756503990691718,0.6291402116402117,0.8833333333333333,0.002087348331531569,0.0032407407407407662,-0.01666666666666672,0.012345679012345678,0.08888888888888889,0.0012661379428557408,0.5266211105165658,0.8222222222222222
scifact,1,difficulty__uniform_rank,Difficulty-adaptive budget + Uniform rank coverage,uniform_rank,Uniform rank coverage,difficulty,Difficulty-adaptive budget,Spread labels across the whole candidate ranking instead of only its head.,Allocate more labels to low-confidence/high-entropy queries.,1620,12.0,0.07977207977207977,0.4,0.5408108815851325,0.5141005291005291,0.6555555555555556,0.645853253741631,0.6095370370370371,0.8416666666666667,-0.027709796996009173,-0.016362433862433856,-0.05833333333333335,0.0030864197530864196,0.02962962962962963,0.011751146816912993,0.6438752161131964,0.8308641975308642
scifact,1,difficulty__head_tail,Difficulty-adaptive budget + Head–tail mixture,head_tail,Head–tail mixture,difficulty,Difficulty-adaptive budget,Label both likely positives/hard negatives and clear negatives.,Allocate more labels to low-confidence/high-entropy queries.,1620,12.0,0.08205128205128205,0.4,0.5547097461028019,0.5314814814814816,0.9111111111111111,0.6666027084872623,0.6198148148148148,0.9,-0.006960342250377893,-0.006084656084656137,0.0,0.005555555555555556,0.05925925925925926,0.0905537227789561,0.6715465165950634,0.8277777777777777
scifact,1,difficulty__top_bm25,Difficulty-adaptive budget + Lexical-first selection,top_bm25,Lexical-first selection,difficulty,Difficulty-adaptive budget,Spend feedback on BM25's strongest candidates.,Allocate more labels to low-confidence/high-entropy queries.,1620,12.0,0.08547008547008547,0.2,0.5342577814495247,0.5051499118165784,0.8333333333333334,0.6641698468265089,0.6177513227513228,0.9,-0.009393203911131298,-0.008148148148148127,0.0,0.009259259259259259,0.07407407407407407,0.0023248830695211152,0.5794631446401278,0.8037037037037037
scifact,1,difficulty__top_lsa,Difficulty-adaptive budget + Semantic-first selection,top_lsa,Semantic-first selection,difficulty,Difficulty-adaptive budget,Spend feedback on latent-semantic candidates.,Allocate more labels to low-confidence/high-entropy queries.,1620,12.0,0.08433048433048433,0.2,0.5057886488092478,0.47265432098765425,0.8333333333333334,0.6502278546550097,0.6181481481481481,0.875,-0.02333519608263057,-0.007751322751322842,-0.025000000000000022,0.008024691358024692,0.05925925925925926,0.013131043204554806,0.34345756675358174,0.7666666666666667
scifact,1,difficulty__top_char,Difficulty-adaptive budget + Character-robust selection,top_char,Character-robust selection,difficulty,Difficulty-adaptive budget,Favor candidates supported by character-level similarity.,Allocate more labels to low-confidence/high-entropy queries.,1620,12.0,0.08774928774928775,0.2,0.5154733702788709,0.494320987654321,0.7333333333333333,0.6590549991238792,0.6214814814814815,0.8666666666666667,-0.014508051613761008,-0.004417989417989432,-0.033333333333333326,0.011728395061728396,0.08148148148148149,0.010714797694006083,0.5550503514983036,0.7851851851851852
scifact,1,difficulty__top_title,Difficulty-adaptive budget + Title-focused selection,top_title,Title-focused selection,difficulty,Difficulty-adaptive budget,Favor concise title evidence before full-document evidence.,Allocate more labels to low-confidence/high-entropy queries.,1620,12.0,0.0849002849002849,0.2,0.5273192183952654,0.4952380952380952,0.8666666666666667,0.6517809552161064,0.6106944444444445,0.9166666666666666,-0.021782095521533873,-0.015205026455026416,0.016666666666666607,0.008641975308641974,0.07407407407407407,0.006093863020708532,0.6480775325386613,0.7950617283950617
scifact,1,difficulty__rrf_consensus,Difficulty-adaptive budget + Multi-retriever consensus,rrf_consensus,Multi-retriever consensus,difficulty,Difficulty-adaptive budget,Reward candidates jointly supported by several retrievers.,Allocate more labels to low-confidence/high-entropy queries.,1620,12.0,0.08831908831908832,0.2,0.5401615060928483,0.5135802469135803,0.8777777777777778,0.6583383172975602,0.615462962962963,0.9,-0.015224733440080018,-0.010436507936507966,0.0,0.012345679012345678,0.08148148148148149,0.0015218901413458364,0.510742373543757,0.8203703703703704
scifact,1,difficulty__retriever_disagreement,Difficulty-adaptive budget + Retriever disagreement,retriever_disagreement,Retriever disagreement,difficulty,Difficulty-adaptive budget,"Label pairs on which lexical, character and semantic retrievers disagree.",Allocate more labels to low-confidence/high-entropy queries.,1620,12.0,0.08034188034188035,0.2,0.5082745155115459,0.4824074074074074,0.8222222222222222,0.6759879075772923,0.6281018518518519,0.8833333333333333,0.002424856839652101,0.0022023809523809,-0.01666666666666672,0.003703703703703704,0.037037037037037035,0.038971559169851705,0.4354861777137827,0.7876543209876543
scifact,1,difficulty__uncertainty,Difficulty-adaptive budget + Current-model uncertainty,uncertainty,Current-model uncertainty,difficulty,Difficulty-adaptive budget,Label candidates nearest the current model's decision boundary.,Allocate more labels to low-confidence/high-entropy queries.,1620,12.0,0.07920227920227921,0.4,0.5307964929553454,0.5011992945326279,0.7,0.6386827237100177,0.6052513227513228,0.7916666666666666,-0.03488032702762256,-0.020648148148148193,-0.10833333333333339,0.0024691358024691358,0.02962962962962963,0.027312492514833992,0.5782969166835149,0.8228395061728395
scifact,1,difficulty__committee,Difficulty-adaptive budget + Bootstrap committee disagreement,committee,Bootstrap committee disagreement,difficulty,Difficulty-adaptive budget,Use epistemic disagreement across cheap student replicas.,Allocate more labels to low-confidence/high-entropy queries.,1620,12.0,0.07863247863247863,1.0,0.5260277050586227,0.5008289241622575,0.6333333333333333,0.6296347732326792,0.6012698412698413,0.75,-0.04392827750496098,-0.024629629629629668,-0.15000000000000002,0.001851851851851852,0.022222222222222223,0.04641768060348652,0.6037295472842675,0.8006172839506173
scifact,1,difficulty__false_positive,Difficulty-adaptive budget + Likely false-positive hunting,false_positive,Likely false-positive hunting,difficulty,Difficulty-adaptive budget,Inspect high-ranked candidates the current model distrusts.,Allocate more labels to low-confidence/high-entropy queries.,1620,12.0,0.07692307692307693,0.6,0.5154733702788707,0.4869135802469136,0.8333333333333334,0.6692352660402714,0.6250462962962964,0.8416666666666667,-0.0043277846973688305,-0.0008531746031745779,-0.05833333333333335,0.0,0.0,0.014182879233065947,0.7353962708402563,0.8246913580246914
scifact,1,difficulty__false_negative,Difficulty-adaptive budget + Likely false-negative hunting,false_negative,Likely false-negative hunting,difficulty,Difficulty-adaptive budget,Inspect low-ranked candidates the current model considers promising.,Allocate more labels to low-confidence/high-entropy queries.,1620,12.0,0.08717948717948718,0.4,0.5225789642143166,0.4954320987654321,0.8222222222222222,0.6638812552111093,0.6268518518518518,0.8833333333333333,-0.009681795526530923,0.0009523809523808158,-0.01666666666666672,0.011111111111111112,0.08148148148148149,0.06806883900253861,0.5754634567432934,0.7962962962962963
scifact,1,difficulty__coverage,Difficulty-adaptive budget + Query-term coverage,coverage,Query-term coverage,difficulty,Difficulty-adaptive budget,Prefer documents covering more of the query's content.,Allocate more labels to low-confidence/high-entropy queries.,1620,12.0,0.08603988603988603,0.4,0.5452510691256097,0.517962962962963,0.6555555555555556,0.6425066792516784,0.6059259259259259,0.825,-0.031056371485961853,-0.019973544973545088,-0.07500000000000007,0.009876543209876543,0.08148148148148149,0.003441401800991576,0.5661471234427558,0.7975308641975308
scifact,1,difficulty__rank_strata,Difficulty-adaptive budget + Rank-stratified sampling,rank_strata,Rank-stratified sampling,difficulty,Difficulty-adaptive budget,Guarantee supervision from each rank band.,Allocate more labels to low-confidence/high-entropy queries.,1620,12.0,0.07920227920227921,0.4,0.5331511754976099,0.5108024691358024,0.6555555555555556,0.6451228578943167,0.6087037037037037,0.8083333333333333,-0.028440192843323553,-0.01719576719576721,-0.09166666666666667,0.0024691358024691358,0.02962962962962963,0.011527677156307078,0.5615327402397439,0.8240740740740741
scifact,1,difficulty__mmr_relevance,Difficulty-adaptive budget + Relevance–diversity MMR,mmr_relevance,Relevance–diversity MMR,difficulty,Difficulty-adaptive budget,Balance likely relevance with non-redundant documents.,Allocate more labels to low-confidence/high-entropy queries.,1620,12.0,0.0849002849002849,0.4,0.549732096272257,0.5246913580246914,0.6333333333333333,0.6450647994644976,0.6034259259259259,0.8083333333333333,-0.02849825127314265,-0.022473544973545034,-0.09166666666666667,0.008641975308641974,0.07407407407407407,0.006445151125943219,0.7391032428653151,0.8006172839506173
scifact,1,difficulty__mmr_uncertainty,Difficulty-adaptive budget + Uncertainty–diversity MMR,mmr_uncertainty,Uncertainty–diversity MMR,difficulty,Difficulty-adaptive budget,Cover multiple uncertain semantic regions.,Allocate more labels to low-confidence/high-entropy queries.,1620,12.0,0.07863247863247863,0.4,0.5310623856074808,0.5014462081128748,0.7,0.6461778934501056,0.6065476190476191,0.7916666666666666,-0.027385157287534656,-0.019351851851851842,-0.10833333333333339,0.001851851851851852,0.022222222222222223,0.037221793885584234,0.7049141312087024,0.8222222222222222
scifact,1,difficulty__farthest_first,Difficulty-adaptive budget + Semantic k-center coverage,farthest_first,Semantic k-center coverage,difficulty,Difficulty-adaptive budget,Cover the candidate manifold with farthest-first traversal.,Allocate more labels to low-confidence/high-entropy queries.,1620,12.0,0.07692307692307693,0.6,0.5344740216479474,0.5113580246913579,0.7111111111111111,0.6412576721734244,0.6004166666666666,0.8666666666666667,-0.03230537856421578,-0.025482804232804357,-0.033333333333333326,0.0,0.0,0.0498358522300367,0.8820192487151535,0.7703703703703704
scifact,1,difficulty__cluster_representatives,Difficulty-adaptive budget + Candidate-cluster representatives,cluster_representatives,Candidate-cluster representatives,difficulty,Difficulty-adaptive budget,Take representative documents from multiple semantic clusters.,Allocate more labels to low-confidence/high-entropy queries.,1620,12.0,0.07863247863247863,0.4,0.5469822457120814,0.5161992945326279,0.7222222222222222,0.6635616571019523,0.621851851851852,0.8416666666666667,-0.010001393635687972,-0.004047619047618967,-0.05833333333333335,0.001851851851851852,0.022222222222222223,0.026745119911653025,0.6962392539889725,0.762962962962963
scifact,1,difficulty__center_outlier_mix,Difficulty-adaptive budget + Typical–outlier mixture,center_outlier_mix,Typical–outlier mixture,difficulty,Difficulty-adaptive budget,Label both dense-region representatives and unusual candidates.,Allocate more labels to low-confidence/high-entropy queries.,1620,12.0,0.08034188034188035,0.4,0.5448835723513614,0.5070017636684304,0.8111111111111111,0.6583292923151419,0.6157407407407407,0.875,-0.0152337584224983,-0.010158730158730256,-0.025000000000000022,0.003703703703703704,0.037037037037037035,0.042741852152494736,0.7321881439950731,0.7475308641975309
scifact,1,difficulty__hard_negative,Difficulty-adaptive budget + Hard-negative proxy,hard_negative,Hard-negative proxy,difficulty,Difficulty-adaptive budget,Prioritize high retrieval score but low relevance probability.,Allocate more labels to low-confidence/high-entropy queries.,1620,12.0,0.07692307692307693,0.2,0.5218970330859349,0.48913580246913574,0.8666666666666667,0.6687952651991407,0.6246296296296296,0.8833333333333333,-0.004767785538499547,-0.0012698412698413097,-0.01666666666666672,0.0,0.0,0.0083184434675876,0.6776722874906328,0.8203703703703704
scifact,1,difficulty__leverage,Difficulty-adaptive budget + Feature-space leverage,leverage,Feature-space leverage,difficulty,Difficulty-adaptive budget,Select statistically influential examples in the student feature space.,Allocate more labels to low-confidence/high-entropy queries.,1620,12.0,0.08148148148148149,0.6,0.5450987478710201,0.5116931216931216,0.9111111111111111,0.6823204950979552,0.6368981481481482,0.9,0.008757444360315003,0.010998677248677202,0.0,0.0049382716049382715,0.05185185185185185,0.07303331722447902,0.7326994887104741,0.7691358024691358
scifact,1,difficulty__d_optimal,Difficulty-adaptive budget + D-optimal experimental design,d_optimal,D-optimal experimental design,difficulty,Difficulty-adaptive budget,Choose a set that maximizes feature-space information volume.,Allocate more labels to low-confidence/high-entropy queries.,1620,12.0,0.08034188034188035,0.4,0.553658207199261,0.5185449735449735,0.8666666666666667,0.6763320138714016,0.6325462962962963,0.9166666666666666,0.002768963133761404,0.006646825396825373,0.016666666666666607,0.003703703703703704,0.037037037037037035,0.05316813772107348,0.7290363457467821,0.7320987654320987
scifact,1,difficulty__portfolio,Difficulty-adaptive budget + Diversified policy portfolio,portfolio,Diversified policy portfolio,difficulty,Difficulty-adaptive budget,"Hedge across exploitation, uncertainty, disagreement, coverage and diversity.",Allocate more labels to low-confidence/high-entropy queries.,1620,12.0,0.08319088319088319,0.6,0.5502995357601331,0.5314814814814816,0.6333333333333333,0.6453649829341342,0.6130555555555556,0.7666666666666667,-0.028198067803505977,-0.01284391534391538,-0.1333333333333333,0.006790123456790123,0.06666666666666667,0.02747366409978749,0.6323949877862577,0.8160493827160494
scifact,1,disagreement__random,Disagreement-adaptive budget + Random exploration,random,Random exploration,disagreement,Disagreement-adaptive budget,A random but reproducible sample is a strong unbiased control.,Allocate more labels where retrievers and model replicas disagree.,1620,12.0,0.07863247863247863,0.6,0.5428529498370522,0.5165079365079366,0.6555555555555556,0.6449234384052153,0.6085185185185185,0.7833333333333333,-0.028639612332424957,-0.017380952380952497,-0.1166666666666667,0.001851851851851852,0.022222222222222223,0.03166921683299689,0.6967560882921572,0.8537037037037037
scifact,1,disagreement__top_base,Disagreement-adaptive budget + Top current-retriever candidates,top_base,Top current-retriever candidates,disagreement,Disagreement-adaptive budget,Exploit the current retriever's highest-scoring documents.,Allocate more labels where retrievers and model replicas disagree.,1620,12.0,0.08831908831908832,0.2,0.5481715673543305,0.5174691358024691,0.8333333333333334,0.6755351913595653,0.6288425925925926,0.8833333333333333,0.001972140621925078,0.0029431216931216087,-0.01666666666666672,0.012345679012345678,0.08888888888888889,0.0012694731538678394,0.5257233460192328,0.8246913580246914
scifact,1,disagreement__uniform_rank,Disagreement-adaptive budget + Uniform rank coverage,uniform_rank,Uniform rank coverage,disagreement,Disagreement-adaptive budget,Spread labels across the whole candidate ranking instead of only its head.,Allocate more labels where retrievers and model replicas disagree.,1620,12.0,0.07977207977207977,0.4,0.5423972800395506,0.5157671957671958,0.6555555555555556,0.6671330379913917,0.6218981481481481,0.8416666666666667,-0.006430012746248548,-0.004001322751322811,-0.05833333333333335,0.0030864197530864196,0.02962962962962963,0.013254927742628403,0.6428364126770585,0.8339506172839506
scifact,1,disagreement__head_tail,Disagreement-adaptive budget + Head–tail mixture,head_tail,Head–tail mixture,disagreement,Disagreement-adaptive budget,Label both likely positives/hard negatives and clear negatives.,Allocate more labels where retrievers and model replicas disagree.,1620,12.0,0.08091168091168091,0.4,0.5547097461028019,0.5314814814814816,0.9111111111111111,0.6666027084872623,0.6198148148148148,0.9,-0.006960342250377893,-0.006084656084656137,0.0,0.004320987654320987,0.05185185185185185,0.09301702159422415,0.6722633728274593,0.8271604938271605
scifact,1,disagreement__top_bm25,Disagreement-adaptive budget + Lexical-first selection,top_bm25,Lexical-first selection,disagreement,Disagreement-adaptive budget,Spend feedback on BM25's strongest candidates.,Allocate more labels where retrievers and model replicas disagree.,1620,12.0,0.08547008547008547,0.2,0.5345785565855635,0.5054585537918871,0.8666666666666667,0.6639704273374073,0.6175661375661377,0.9,-0.009592623400232925,-0.008333333333333304,0.0,0.009259259259259259,0.07407407407407407,0.002285692353307465,0.5762490390075578,0.8024691358024691
scifact,1,disagreement__top_lsa,Disagreement-adaptive budget + Semantic-first selection,top_lsa,Semantic-first selection,disagreement,Disagreement-adaptive budget,Spend feedback on latent-semantic candidates.,Allocate more labels where retrievers and model replicas disagree.,1620,12.0,0.08262108262108261,0.2,0.5074435237195895,0.4745061728395061,0.8333333333333334,0.649072463956233,0.6167592592592593,0.875,-0.024490586781407253,-0.009140211640211615,-0.025000000000000022,0.006172839506172839,0.05925925925925926,0.01387900286986504,0.34295579175706264,0.7666666666666667
scifact,1,disagreement__top_char,Disagreement-adaptive budget + Character-robust selection,top_char,Character-robust selection,disagreement,Disagreement-adaptive budget,Favor candidates supported by character-level similarity.,Allocate more labels where retrievers and model replicas disagree.,1620,12.0,0.08774928774928775,0.2,0.5093704826078455,0.49240740740740735,0.7333333333333333,0.6657585327752681,0.6253703703703705,0.8666666666666667,-0.007804517962372137,-0.0005291005291004902,-0.033333333333333326,0.011728395061728396,0.08148148148148149,0.012261462211608887,0.5572129065515818,0.7938271604938272
scifact,1,disagreement__top_title,Disagreement-adaptive budget + Title-focused selection,top_title,Title-focused selection,disagreement,Disagreement-adaptive budget,Favor concise title evidence before full-document evidence.,Allocate more labels where retrievers and model replicas disagree.,1620,12.0,0.08433048433048433,0.2,0.5280002321758548,0.4959788359788359,0.8666666666666667,0.6517809552161064,0.6106944444444445,0.9,-0.021782095521533873,-0.015205026455026416,0.0,0.008024691358024692,0.07407407407407407,0.005962353981571433,0.6453064363311838,0.8
scifact,1,disagreement__rrf_consensus,Disagreement-adaptive budget + Multi-retriever consensus,rrf_consensus,Multi-retriever consensus,disagreement,Disagreement-adaptive budget,Reward candidates jointly supported by several retrievers.,Allocate more labels where retrievers and model replicas disagree.,1620,12.0,0.08660968660968661,0.2,0.5475689135002557,0.5167548500881834,0.8777777777777778,0.6583383172975602,0.615462962962963,0.8833333333333333,-0.015224733440080018,-0.010436507936507966,-0.01666666666666672,0.010493827160493827,0.08148148148148149,0.001552742572478306,0.5095266184597104,0.8197530864197531
scifact,1,disagreement__retriever_disagreement,Disagreement-adaptive budget + Retriever disagreement,retriever_disagreement,Retriever disagreement,disagreement,Disagreement-adaptive budget,"Label pairs on which lexical, character and semantic retrievers disagree.",Allocate more labels where retrievers and model replicas disagree.,1620,12.0,0.07977207977207977,0.2,0.5053649654321802,0.47870370370370374,0.8222222222222222,0.6763537748168118,0.6287962962962962,0.8833333333333333,0.0027907240791715804,0.002896825396825231,-0.01666666666666672,0.0030864197530864196,0.02962962962962963,0.03951665575121656,0.4322739497930915,0.7950617283950617
scifact,1,disagreement__uncertainty,Disagreement-adaptive budget + Current-model uncertainty,uncertainty,Current-model uncertainty,disagreement,Disagreement-adaptive budget,Label candidates nearest the current model's decision boundary.,Allocate more labels where retrievers and model replicas disagree.,1620,12.0,0.07806267806267807,0.4,0.5307964929553454,0.5011992945326279,0.6777777777777778,0.6391934840454597,0.6058068783068783,0.7916666666666666,-0.0343695666921805,-0.020092592592592662,-0.10833333333333339,0.0012345679012345679,0.014814814814814815,0.02984964645203249,0.5768860256230389,0.8185185185185185
scifact,1,disagreement__committee,Disagreement-adaptive budget + Bootstrap committee disagreement,committee,Bootstrap committee disagreement,disagreement,Disagreement-adaptive budget,Use epistemic disagreement across cheap student replicas.,Allocate more labels where retrievers and model replicas disagree.,1620,12.0,0.07806267806267807,1.0,0.527001566188375,0.5019400352733686,0.6555555555555556,0.6315191281830768,0.60375,0.75,-0.04204392255456346,-0.022149470899470947,-0.15000000000000002,0.0012345679012345679,0.014814814814814815,0.0483312369496734,0.6088943565333331,0.7987654320987654
scifact,1,disagreement__false_positive,Disagreement-adaptive budget + Likely false-positive hunting,false_positive,Likely false-positive hunting,disagreement,Disagreement-adaptive budget,Inspect high-ranked candidates the current model distrusts.,Allocate more labels where retrievers and model replicas disagree.,1620,12.0,0.07692307692307693,0.8,0.5153790242864558,0.4867283950617283,0.7666666666666667,0.6665091190931343,0.6175859788359789,0.8416666666666667,-0.007053931644505962,-0.008313492063492078,-0.05833333333333335,0.0,0.0,0.013872450553340677,0.7360245717896355,0.8203703703703704
scifact,1,disagreement__false_negative,Disagreement-adaptive budget + Likely false-negative hunting,false_negative,Likely false-negative hunting,disagreement,Disagreement-adaptive budget,Inspect low-ranked candidates the current model considers promising.,Allocate more labels where retrievers and model replicas disagree.,1620,12.0,0.08717948717948718,1.0,0.5277100490059741,0.5017283950617284,0.7,0.6388846362889713,0.6195833333333333,0.7416666666666667,-0.034678414448668926,-0.006316137566137692,-0.15833333333333333,0.011111111111111112,0.08148148148148149,0.0731843622746291,0.5718774571738862,0.8037037037037037
scifact,1,disagreement__coverage,Disagreement-adaptive budget + Query-term coverage,coverage,Query-term coverage,disagreement,Disagreement-adaptive budget,Prefer documents covering more of the query's content.,Allocate more labels where retrievers and model replicas disagree.,1620,12.0,0.08547008547008547,0.4,0.5474633167790431,0.5211111111111111,0.6333333333333333,0.64270609874078,0.606111111111111,0.825,-0.030856951996860227,-0.01978835978835991,-0.07500000000000007,0.009259259259259259,0.08148148148148149,0.0034406871339421213,0.5640707310151171,0.7969135802469136
scifact,1,disagreement__rank_strata,Disagreement-adaptive budget + Rank-stratified sampling,rank_strata,Rank-stratified sampling,disagreement,Disagreement-adaptive budget,Guarantee supervision from each rank band.,Allocate more labels where retrievers and model replicas disagree.,1620,12.0,0.07920227920227921,0.4,0.5399719151168431,0.5134215167548501,0.6777777777777778,0.6403051107890186,0.6070370370370369,0.7916666666666666,-0.033257939948621584,-0.018862433862434025,-0.10833333333333339,0.0024691358024691358,0.02962962962962963,0.013061952811700327,0.5623404214779536,0.8185185185185185
scifact,1,disagreement__mmr_relevance,Disagreement-adaptive budget + Relevance–diversity MMR,mmr_relevance,Relevance–diversity MMR,disagreement,Disagreement-adaptive budget,Balance likely relevance with non-redundant documents.,Allocate more labels where retrievers and model replicas disagree.,1620,12.0,0.08319088319088319,0.2,0.542780117617309,0.5165696649029982,0.8222222222222222,0.6685624182965629,0.6241203703703704,0.8833333333333333,-0.005000632441077291,-0.0017791005291005746,-0.01666666666666672,0.006790123456790123,0.06666666666666667,0.007244928199567913,0.7392328555937167,0.8037037037037037
scifact,1,disagreement__mmr_uncertainty,Disagreement-adaptive budget + Uncertainty–diversity MMR,mmr_uncertainty,Uncertainty–diversity MMR,disagreement,Disagreement-adaptive budget,Cover multiple uncertain semantic regions.,Allocate more labels where retrievers and model replicas disagree.,1620,12.0,0.07863247863247863,0.4,0.5243728301482812,0.4989770723104056,0.7,0.6465663802856221,0.6071031746031746,0.7916666666666666,-0.026996670452018146,-0.01879629629629631,-0.10833333333333339,0.001851851851851852,0.022222222222222223,0.04037420650323232,0.7082264204819997,0.821604938271605
scifact,1,disagreement__farthest_first,Disagreement-adaptive budget + Semantic k-center coverage,farthest_first,Semantic k-center coverage,disagreement,Disagreement-adaptive budget,Cover the candidate manifold with farthest-first traversal.,Allocate more labels where retrievers and model replicas disagree.,1620,12.0,0.07692307692307693,0.6,0.5326961234232663,0.5024691358024691,0.7111111111111111,0.6361215215008328,0.5959722222222222,0.8666666666666667,-0.037441529236807436,-0.02992724867724872,-0.033333333333333326,0.0,0.0,0.052042088501247356,0.8824365545202184,0.7691358024691358
scifact,1,disagreement__cluster_representatives,Disagreement-adaptive budget + Candidate-cluster representatives,cluster_representatives,Candidate-cluster representatives,disagreement,Disagreement-adaptive budget,Take representative documents from multiple semantic clusters.,Allocate more labels where retrievers and model replicas disagree.,1620,12.0,0.07806267806267807,0.6,0.536429287029988,0.5142857142857142,0.6333333333333333,0.6422766628190891,0.6092592592592593,0.7833333333333333,-0.031286387918551095,-0.016640211640211677,-0.1166666666666667,0.0012345679012345679,0.014814814814814815,0.026670907492990847,0.6991529197604568,0.7691358024691358
scifact,1,disagreement__center_outlier_mix,Disagreement-adaptive budget + Typical–outlier mixture,center_outlier_mix,Typical–outlier mixture,disagreement,Disagreement-adaptive budget,Label both dense-region representatives and unusual candidates.,Allocate more labels where retrievers and model replicas disagree.,1620,12.0,0.07977207977207977,0.4,0.5461582006309283,0.5086067019400353,0.8111111111111111,0.6590596881624562,0.616574074074074,0.875,-0.014503362575184031,-0.009325396825396903,-0.025000000000000022,0.0030864197530864196,0.02962962962962963,0.04414068740091206,0.7325648484406648,0.7407407407407407
scifact,1,disagreement__hard_negative,Disagreement-adaptive budget + Hard-negative proxy,hard_negative,Hard-negative proxy,disagreement,Disagreement-adaptive budget,Prioritize high retrieval score but low relevance probability.,Allocate more labels where retrievers and model replicas disagree.,1620,12.0,0.07692307692307693,0.2,0.5221629257380703,0.4893827160493827,0.8888888888888888,0.6682845048636987,0.6240740740740741,0.8833333333333333,-0.005278545873941498,-0.0018253968253968411,-0.01666666666666672,0.0,0.0,0.007859590502432835,0.6743546315917263,0.8234567901234567
scifact,1,disagreement__leverage,Disagreement-adaptive budget + Feature-space leverage,leverage,Feature-space leverage,disagreement,Disagreement-adaptive budget,Select statistically influential examples in the student feature space.,Allocate more labels where retrievers and model replicas disagree.,1620,12.0,0.08091168091168091,0.8,0.5457530117371376,0.5123456790123456,0.9111111111111111,0.6795445962246703,0.643287037037037,0.9,0.0059815454870301155,0.01738756613756609,0.0,0.004320987654320987,0.05185185185185185,0.07576118332368356,0.7361716954796402,0.7617283950617284
scifact,1,disagreement__d_optimal,Disagreement-adaptive budget + D-optimal experimental design,d_optimal,D-optimal experimental design,disagreement,Disagreement-adaptive budget,Choose a set that maximizes feature-space information volume.,Allocate more labels where retrievers and model replicas disagree.,1620,12.0,0.07977207977207977,0.8,0.5537185715735627,0.5228659611992945,0.7222222222222222,0.6604898916584028,0.6275462962962962,0.8166666666666667,-0.01307315907923745,0.0016468253968252577,-0.08333333333333337,0.0030864197530864196,0.037037037037037035,0.0531958927710851,0.7280148881453055,0.7388888888888889
scifact,1,disagreement__portfolio,Disagreement-adaptive budget + Diversified policy portfolio,portfolio,Diversified policy portfolio,disagreement,Disagreement-adaptive budget,"Hedge across exploitation, uncertainty, disagreement, coverage and diversity.",Allocate more labels where retrievers and model replicas disagree.,1620,12.0,0.08205128205128205,0.6,0.5502995357601331,0.5314814814814816,0.6333333333333333,0.6435734620082596,0.6097883597883597,0.7666666666666667,-0.029989588729380623,-0.016111111111111298,-0.1333333333333333,0.005555555555555556,0.05925925925925926,0.02895826664235857,0.6312035253754369,0.821604938271605
scifact,1,topic_balanced__random,Topic-balanced budget + Random exploration,random,Random exploration,topic_balanced,Topic-balanced budget,A random but reproducible sample is a strong unbiased control.,"Equalize total feedback across query clusters, not raw query counts.",1620,12.0,0.07863247863247863,0.6,0.5393007848068447,0.5125220458553792,0.6555555555555556,0.6397943504535768,0.6064814814814814,0.7833333333333333,-0.033768700284063424,-0.019417989417989556,-0.1166666666666667,0.001851851851851852,0.022222222222222223,0.030269785869268723,0.6938101355676298,0.841358024691358
scifact,1,topic_balanced__top_base,Topic-balanced budget + Top current-retriever candidates,top_base,Top current-retriever candidates,topic_balanced,Topic-balanced budget,Exploit the current retriever's highest-scoring documents.,"Equalize total feedback across query clusters, not raw query counts.",1620,12.0,0.08831908831908832,0.2,0.548437460006466,0.517716049382716,0.8555555555555555,0.6752431756882832,0.6284259259259259,0.8833333333333333,0.0016801249506429583,0.002526455026454988,-0.01666666666666672,0.012345679012345678,0.0962962962962963,0.0013557164757340044,0.527076273770244,0.8018518518518518
scifact,1,topic_balanced__uniform_rank,Topic-balanced budget + Uniform rank coverage,uniform_rank,Uniform rank coverage,topic_balanced,Topic-balanced budget,Spread labels across the whole candidate ranking instead of only its head.,"Equalize total feedback across query clusters, not raw query counts.",1620,12.0,0.07977207977207977,0.4,0.5405269446167122,0.5137566137566137,0.6555555555555556,0.6449234384052153,0.6085185185185185,0.825,-0.028639612332424957,-0.017380952380952497,-0.07500000000000007,0.0030864197530864196,0.02962962962962963,0.01330924689033885,0.6490264380419696,0.8388888888888889
scifact,1,topic_balanced__head_tail,Topic-balanced budget + Head–tail mixture,head_tail,Head–tail mixture,topic_balanced,Topic-balanced budget,Label both likely positives/hard negatives and clear negatives.,"Equalize total feedback across query clusters, not raw query counts.",1620,12.0,0.08205128205128205,0.8,0.5725139215230699,0.5472222222222223,0.8777777777777778,0.6272371513050042,0.5831216931216932,0.875,-0.046325899432635986,-0.0427777777777778,-0.025000000000000022,0.005555555555555556,0.05925925925925926,0.08605405375545408,0.6708003112563381,0.8246913580246914
scifact,1,topic_balanced__top_bm25,Topic-balanced budget + Lexical-first selection,top_bm25,Lexical-first selection,topic_balanced,Topic-balanced budget,Spend feedback on BM25's strongest candidates.,"Equalize total feedback across query clusters, not raw query counts.",1620,12.0,0.08547008547008547,0.2,0.5349756333977325,0.5058553791887125,0.8444444444444444,0.663884661853428,0.6175661375661375,0.8833333333333333,-0.009678388884212241,-0.008333333333333415,-0.01666666666666672,0.009259259259259259,0.07407407407407407,0.002369434340500537,0.5787681737431773,0.7987654320987654
scifact,1,topic_balanced__top_lsa,Topic-balanced budget + Semantic-first selection,top_lsa,Semantic-first selection,topic_balanced,Topic-balanced budget,Spend feedback on latent-semantic candidates.,"Equalize total feedback across query clusters, not raw query counts.",1620,12.0,0.08433048433048433,0.2,0.5062037699377017,0.47314814814814815,0.8333333333333334,0.6497170943195677,0.6175925925925926,0.875,-0.023845956418072523,-0.008306878306878374,-0.025000000000000022,0.008024691358024692,0.06666666666666667,0.011392475535840165,0.3422041502815706,0.758641975308642
scifact,1,topic_balanced__top_char,Topic-balanced budget + Character-robust selection,top_char,Character-robust selection,topic_balanced,Topic-balanced budget,Favor candidates supported by character-level similarity.,"Equalize total feedback across query clusters, not raw query counts.",1620,12.0,0.08831908831908832,0.2,0.5090497074718067,0.49209876543209874,0.7333333333333333,0.6624541981111798,0.6221296296296297,0.8666666666666667,-0.011108852626460441,-0.0037698412698412564,-0.033333333333333326,0.012345679012345678,0.08888888888888889,0.009934318470366207,0.5577926513773424,0.7839506172839507
scifact,1,topic_balanced__top_title,Topic-balanced budget + Title-focused selection,top_title,Title-focused selection,topic_balanced,Topic-balanced budget,Favor concise title evidence before full-document evidence.,"Equalize total feedback across query clusters, not raw query counts.",1620,12.0,0.0849002849002849,0.2,0.5332345733406699,0.4969312169312169,0.8666666666666667,0.6510505593687923,0.6098611111111112,0.9166666666666666,-0.02251249136884792,-0.01603835978835977,0.016666666666666607,0.008641975308641974,0.07407407407407407,0.006273616206498794,0.6460048702028063,0.7845679012345679
scifact,1,topic_balanced__rrf_consensus,Topic-balanced budget + Multi-retriever consensus,rrf_consensus,Multi-retriever consensus,topic_balanced,Topic-balanced budget,Reward candidates jointly supported by several retrievers.,"Equalize total feedback across query clusters, not raw query counts.",1620,12.0,0.08831908831908832,0.2,0.5401615060928483,0.5135802469135803,0.8555555555555555,0.6600511492278714,0.614074074074074,0.9,-0.013511901509768776,-0.011825396825396961,0.0,0.012345679012345678,0.08888888888888889,0.0015831181664525728,0.5118847114068491,0.804320987654321
scifact,1,topic_balanced__retriever_disagreement,Topic-balanced budget + Retriever disagreement,retriever_disagreement,Retriever disagreement,topic_balanced,Topic-balanced budget,"Label pairs on which lexical, character and semantic retrievers disagree.","Equalize total feedback across query clusters, not raw query counts.",1620,12.0,0.07977207977207977,0.2,0.5077662076498861,0.4818783068783068,0.8111111111111111,0.6747467513945362,0.626712962962963,0.8833333333333333,0.0011837006568959918,0.0008134920634920162,-0.01666666666666672,0.0030864197530864196,0.02962962962962963,0.03498077392578125,0.4348500715361701,0.778395061728395
scifact,1,topic_balanced__uncertainty,Topic-balanced budget + Current-model uncertainty,uncertainty,Current-model uncertainty,topic_balanced,Topic-balanced budget,Label candidates nearest the current model's decision boundary.,"Equalize total feedback across query clusters, not raw query counts.",1620,12.0,0.07920227920227921,0.4,0.5382039003627528,0.5043738977072311,0.7,0.6416367118230851,0.6052513227513228,0.7916666666666666,-0.0319263389145551,-0.020648148148148193,-0.10833333333333339,0.0024691358024691358,0.02962962962962963,0.026233973216127467,0.5820741263804612,0.8067901234567901
scifact,1,topic_balanced__committee,Topic-balanced budget + Bootstrap committee disagreement,committee,Bootstrap committee disagreement,topic_balanced,Topic-balanced budget,Use epistemic disagreement across cheap student replicas.,"Equalize total feedback across query clusters, not raw query counts.",1620,12.0,0.07920227920227921,1.0,0.5253647355943184,0.5001851851851852,0.6333333333333333,0.62928560828161,0.6008333333333333,0.75,-0.04427744245603027,-0.025066137566137625,-0.15000000000000002,0.0024691358024691358,0.02962962962962963,0.04135063963907736,0.6120796587732104,0.7932098765432098
scifact,1,topic_balanced__false_positive,Topic-balanced budget + Likely false-positive hunting,false_positive,Likely false-positive hunting,topic_balanced,Topic-balanced budget,Inspect high-ranked candidates the current model distrusts.,"Equalize total feedback across query clusters, not raw query counts.",1620,12.0,0.07692307692307693,0.6,0.5218970330859349,0.48913580246913574,0.8555555555555555,0.6687952651991407,0.6246296296296296,0.85,-0.004767785538499547,-0.0012698412698413097,-0.050000000000000044,0.0,0.0,0.013514969047204948,0.7419288639669065,0.8191358024691358
scifact,1,topic_balanced__false_negative,Topic-balanced budget + Likely false-negative hunting,false_negative,Likely false-negative hunting,topic_balanced,Topic-balanced budget,Inspect low-ranked candidates the current model considers promising.,"Equalize total feedback across query clusters, not raw query counts.",1620,12.0,0.08774928774928775,0.2,0.5263125044991541,0.5066666666666667,0.8222222222222222,0.67306287209096,0.6303439153439153,0.9,-0.0005001786466801716,0.004444444444444362,0.0,0.011728395061728396,0.08148148148148149,0.06637124857048929,0.5695983052805618,0.7864197530864198
scifact,1,topic_balanced__coverage,Topic-balanced budget + Query-term coverage,coverage,Query-term coverage,topic_balanced,Topic-balanced budget,Prefer documents covering more of the query's content.,"Equalize total feedback across query clusters, not raw query counts.",1620,12.0,0.08603988603988603,0.2,0.533982601738531,0.5036067019400352,0.8222222222222222,0.6652432504787155,0.615462962962963,0.9,-0.008319800258924759,-0.010436507936507966,0.0,0.009876543209876543,0.08148148148148149,0.0033979228617232525,0.5629591192360277,0.7956790123456791
scifact,1,topic_balanced__rank_strata,Topic-balanced budget + Rank-stratified sampling,rank_strata,Rank-stratified sampling,topic_balanced,Topic-balanced budget,Guarantee supervision from each rank band.,"Equalize total feedback across query clusters, not raw query counts.",1620,12.0,0.07920227920227921,0.4,0.541066890766677,0.5145061728395062,0.6777777777777778,0.6468356898246281,0.6073148148148148,0.7916666666666666,-0.026727360913012088,-0.018584656084656204,-0.10833333333333339,0.0024691358024691358,0.02962962962962963,0.013213712786450798,0.5697000005730877,0.8135802469135802
scifact,1,topic_balanced__mmr_relevance,Topic-balanced budget + Relevance–diversity MMR,mmr_relevance,Relevance–diversity MMR,topic_balanced,Topic-balanced budget,Balance likely relevance with non-redundant documents.,"Equalize total feedback across query clusters, not raw query counts.",1620,12.0,0.08433048433048433,0.2,0.5498667498886776,0.5194356261022928,0.8222222222222222,0.6678320224492487,0.6232870370370371,0.8833333333333333,-0.00573102828839156,-0.002612433862433816,-0.01666666666666672,0.008024691358024692,0.06666666666666667,0.007893778917230206,0.7391539341873593,0.7925925925925926
scifact,1,topic_balanced__mmr_uncertainty,Topic-balanced budget + Uncertainty–diversity MMR,mmr_uncertainty,Uncertainty–diversity MMR,topic_balanced,Topic-balanced budget,Cover multiple uncertain semantic regions.,"Equalize total feedback across query clusters, not raw query counts.",1620,12.0,0.07920227920227921,0.4,0.5307021469629304,0.5010141093474427,0.7,0.6461778934501056,0.6065476190476191,0.8083333333333333,-0.027385157287534656,-0.019351851851851842,-0.09166666666666667,0.0024691358024691358,0.02962962962962963,0.03617734261500983,0.7104611701435513,0.8074074074074075
scifact,1,topic_balanced__farthest_first,Topic-balanced budget + Semantic k-center coverage,farthest_first,Semantic k-center coverage,topic_balanced,Topic-balanced budget,Cover the candidate manifold with farthest-first traversal.,"Equalize total feedback across query clusters, not raw query counts.",1620,12.0,0.07692307692307693,0.6,0.5326961234232663,0.5024691358024691,0.7111111111111111,0.6475311164471589,0.6089351851851852,0.8666666666666667,-0.02603193429048134,-0.016964285714285765,-0.033333333333333326,0.0,0.0,0.051216104810620534,0.8839348130755954,0.7685185185185185
scifact,1,topic_balanced__cluster_representatives,Topic-balanced budget + Candidate-cluster representatives,cluster_representatives,Candidate-cluster representatives,topic_balanced,Topic-balanced budget,Take representative documents from multiple semantic clusters.,"Equalize total feedback across query clusters, not raw query counts.",1620,12.0,0.07863247863247863,0.4,0.5390465773324715,0.5053350970017636,0.7222222222222222,0.6565527224547117,0.6176851851851851,0.825,-0.017010328282928477,-0.00821428571428584,-0.07500000000000007,0.001851851851851852,0.022222222222222223,0.025802278996985634,0.6887509266535441,0.7617283950617284
scifact,1,topic_balanced__center_outlier_mix,Topic-balanced budget + Typical–outlier mixture,center_outlier_mix,Typical–outlier mixture,topic_balanced,Topic-balanced budget,Label both dense-region representatives and unusual candidates.,"Equalize total feedback across query clusters, not raw query counts.",1620,12.0,0.07977207977207977,0.6,0.5417847427148849,0.5152116402116401,0.7666666666666667,0.6427502321364224,0.6097420634920635,0.825,-0.030812818601217873,-0.016157407407407454,-0.07500000000000007,0.0030864197530864196,0.02962962962962963,0.043648718536635975,0.7404836888666506,0.7407407407407407
scifact,1,topic_balanced__hard_negative,Topic-balanced budget + Hard-negative proxy,hard_negative,Hard-negative proxy,topic_balanced,Topic-balanced budget,Prioritize high retrieval score but low relevance probability.,"Equalize total feedback across query clusters, not raw query counts.",1620,12.0,0.07692307692307693,0.4,0.5223893548816941,0.4895061728395061,0.8555555555555555,0.6723718561216827,0.6249074074074075,0.8583333333333333,-0.0011911946159575137,-0.0009920634920634885,-0.04166666666666674,0.0,0.0,0.007437187764379714,0.6783802683706637,0.8179012345679012
scifact,1,topic_balanced__leverage,Topic-balanced budget + Feature-space leverage,leverage,Feature-space leverage,topic_balanced,Topic-balanced budget,Select statistically influential examples in the student feature space.,"Equalize total feedback across query clusters, not raw query counts.",1620,12.0,0.08205128205128205,0.6,0.5454754887829213,0.5116931216931216,0.9111111111111111,0.6837443095191037,0.6392592592592592,0.9,0.010181258781463476,0.013359788359788238,0.0,0.005555555555555556,0.05925925925925926,0.07091546827628288,0.7334165608441389,0.758641975308642
scifact,1,topic_balanced__d_optimal,Topic-balanced budget + D-optimal experimental design,d_optimal,D-optimal experimental design,topic_balanced,Topic-balanced budget,Choose a set that maximizes feature-space information volume.,"Equalize total feedback across query clusters, not raw query counts.",1620,12.0,0.08091168091168091,0.8,0.5528460580227103,0.5149029982363316,0.7666666666666667,0.660730473010432,0.6277777777777778,0.8166666666666667,-0.01283257772720825,0.0018783068783068124,-0.08333333333333337,0.004320987654320987,0.044444444444444446,0.052468660878546444,0.725429955235234,0.7401234567901235
scifact,1,topic_balanced__portfolio,Topic-balanced budget + Diversified policy portfolio,portfolio,Diversified policy portfolio,topic_balanced,Topic-balanced budget,"Hedge across exploitation, uncertainty, disagreement, coverage and diversity.","Equalize total feedback across query clusters, not raw query counts.",1620,12.0,0.08262108262108261,0.6,0.5483518135006287,0.5292592592592592,0.6333333333333333,0.6438618588799815,0.6109722222222221,0.7666666666666667,-0.029701191857658737,-0.014927248677248817,-0.1333333333333333,0.006172839506172839,0.05925925925925926,0.027720482371471546,0.6307804352707334,0.808641975308642
scifact,2,uniform__random,Uniform per-query budget + Random exploration,random,Random exploration,uniform,Uniform per-query budget,A random but reproducible sample is a strong unbiased control.,Give every query the same number of feedback calls.,1620,12.0,0.07806267806267807,0.4,0.5663147876683611,0.537336860670194,0.8844444444444444,0.678840340262153,0.6332804232804233,0.9,0.008598752987971525,0.012010582010582027,-0.033333333333333326,0.0012345679012345679,0.014814814814814815,0.03183646117463524,0.6890900697973039,0.85
scifact,2,uniform__top_base,Uniform per-query budget + Top current-retriever candidates,top_base,Top current-retriever candidates,uniform,Uniform per-query budget,Exploit the current retriever's highest-scoring documents.,Give every query the same number of feedback calls.,1620,12.0,0.08660968660968661,0.2,0.5701579838811227,0.5385802469135803,0.8177777777777777,0.671611362294967,0.6282142857142857,0.9,0.001369775020785502,0.00694444444444442,-0.033333333333333326,0.010493827160493827,0.07407407407407407,0.0012950844234890409,0.5349436395146229,0.8358024691358025
scifact,2,uniform__uniform_rank,Uniform per-query budget + Uniform rank coverage,uniform_rank,Uniform rank coverage,uniform,Uniform per-query budget,Spread labels across the whole candidate ranking instead of only its head.,Give every query the same number of feedback calls.,1620,12.0,0.07806267806267807,0.4,0.5679307043717791,0.539320987654321,0.7748148148148148,0.6892718242760377,0.6517063492063493,0.85,0.019030237001856243,0.030436507936507984,-0.08333333333333337,0.0012345679012345679,0.014814814814814815,0.011465733801877057,0.6537144892745548,0.8450617283950618
scifact,2,uniform__head_tail,Uniform per-query budget + Head–tail mixture,head_tail,Head–tail mixture,uniform,Uniform per-query budget,Label both likely positives/hard negatives and clear negatives.,Give every query the same number of feedback calls.,1620,12.0,0.08433048433048433,0.2,0.5666351877209641,0.5380511463844797,0.8844444444444444,0.6870368727788774,0.6434920634920636,0.9333333333333333,0.01679528550469589,0.022222222222222254,0.0,0.008024691358024692,0.06666666666666667,0.09128857817914751,0.6732460668793431,0.8407407407407408
scifact,2,uniform__top_bm25,Uniform per-query budget + Lexical-first selection,top_bm25,Lexical-first selection,uniform,Uniform per-query budget,Spend feedback on BM25's strongest candidates.,Give every query the same number of feedback calls.,1620,12.0,0.0849002849002849,0.2,0.5663231656840425,0.5404320987654321,0.8844444444444444,0.6738507511115888,0.6268915343915343,0.9,0.003609163837407281,0.005621693121693028,-0.033333333333333326,0.008641975308641974,0.06666666666666667,0.0023812264939885083,0.5905867742167579,0.8240740740740741
scifact,2,uniform__top_lsa,Uniform per-query budget + Semantic-first selection,top_lsa,Semantic-first selection,uniform,Uniform per-query budget,Spend feedback on latent-semantic candidates.,Give every query the same number of feedback calls.,1620,12.0,0.08433048433048433,0.0,0.5531349030710822,0.5256172839506172,0.8622222222222221,0.6702415872741815,0.6212698412698413,0.9333333333333333,0.0,0.0,0.0,0.008024691358024692,0.06666666666666667,0.012020956954838317,0.34761040293508105,0.7734567901234568
scifact,2,uniform__top_char,Uniform per-query budget + Character-robust selection,top_char,Character-robust selection,uniform,Uniform per-query budget,Favor candidates supported by character-level similarity.,Give every query the same number of feedback calls.,1620,12.0,0.08547008547008547,0.2,0.5661752259174078,0.5409876543209876,0.8281481481481481,0.6889226593249683,0.6512698412698412,0.9,0.01868107205078684,0.029999999999999916,-0.033333333333333326,0.009259259259259259,0.05925925925925926,0.008828877887608092,0.5728978774613804,0.8358024691358025
scifact,2,uniform__top_title,Uniform per-query budget + Title-focused selection,top_title,Title-focused selection,uniform,Uniform per-query budget,Favor concise title evidence before full-document evidence.,Give every query the same number of feedback calls.,1620,12.0,0.08376068376068375,0.2,0.5586468609349636,0.5269753086419753,0.8622222222222221,0.7005856575196645,0.6632142857142858,0.9166666666666666,0.030344070245483024,0.04194444444444445,-0.01666666666666672,0.007407407407407408,0.06666666666666667,0.006057293437145375,0.6555065700301418,0.8154320987654321
scifact,2,uniform__rrf_consensus,Uniform per-query budget + Multi-retriever consensus,rrf_consensus,Multi-retriever consensus,uniform,Uniform per-query budget,Reward candidates jointly supported by several retrievers.,Give every query the same number of feedback calls.,1620,12.0,0.0849002849002849,0.2,0.56350546997368,0.5328924162257496,0.8622222222222221,0.683402943507143,0.6443253968253969,0.9,0.013161356232961552,0.023055555555555607,-0.033333333333333326,0.008641975308641974,0.05925925925925926,0.0016153997477189993,0.5210736123500047,0.8314814814814815
scifact,2,uniform__retriever_disagreement,Uniform per-query budget + Retriever disagreement,retriever_disagreement,Retriever disagreement,uniform,Uniform per-query budget,"Label pairs on which lexical, character and semantic retrievers disagree.",Give every query the same number of feedback calls.,1620,12.0,0.07977207977207977,0.0,0.5531349030710822,0.5256172839506172,0.8622222222222221,0.6702415872741815,0.6212698412698413,0.9333333333333333,0.0,0.0,0.0,0.0030864197530864196,0.02962962962962963,0.03285923342645904,0.45090511043866477,0.7888888888888889
scifact,2,uniform__uncertainty,Uniform per-query budget + Current-model uncertainty,uncertainty,Current-model uncertainty,uniform,Uniform per-query budget,Label candidates nearest the current model's decision boundary.,Give every query the same number of feedback calls.,1620,12.0,0.07806267806267807,0.4,0.5596191475763698,0.5315343915343915,0.8548148148148148,0.6877384163384112,0.6462169312169312,0.8666666666666667,0.01749682906422967,0.02494708994708994,-0.06666666666666665,0.0012345679012345679,0.014814814814814815,0.034368969555254335,0.6423599112916876,0.8277777777777777
scifact,2,uniform__committee,Uniform per-query budget + Bootstrap committee disagreement,committee,Bootstrap committee disagreement,uniform,Uniform per-query budget,Use epistemic disagreement across cheap student replicas.,Give every query the same number of feedback calls.,1620,12.0,0.07977207977207977,0.4,0.5630391037897247,0.5357671957671958,0.9066666666666666,0.6745007805774315,0.626825396825397,0.9333333333333333,0.004259193303249975,0.005555555555555647,0.0,0.0030864197530864196,0.02962962962962963,0.04259473769753067,0.6197859311545336,0.7475308641975309
scifact,2,uniform__false_positive,Uniform per-query budget + Likely false-positive hunting,false_positive,Likely false-positive hunting,uniform,Uniform per-query budget,Inspect high-ranked candidates the current model distrusts.,Give every query the same number of feedback calls.,1620,12.0,0.07806267806267807,0.0,0.5531349030710822,0.5256172839506172,0.8622222222222221,0.6702415872741815,0.6212698412698413,0.9333333333333333,0.0,0.0,0.0,0.0012345679012345679,0.014814814814814815,0.009909777398462648,0.5973716933418203,0.8092592592592592
scifact,2,uniform__false_negative,Uniform per-query budget + Likely false-negative hunting,false_negative,Likely false-negative hunting,uniform,Uniform per-query budget,Inspect low-ranked candidates the current model considers promising.,Give every query the same number of feedback calls.,1620,12.0,0.08376068376068375,0.2,0.5534146861645197,0.5331746031746031,0.84,0.6683644267238852,0.6194841269841269,0.9166666666666666,-0.0018771605502962974,-0.0017857142857143904,-0.01666666666666672,0.007407407407407408,0.044444444444444446,0.09239139862266588,0.6521148211426205,0.8148148148148148
scifact,2,uniform__coverage,Uniform per-query budget + Query-term coverage,coverage,Query-term coverage,uniform,Uniform per-query budget,Prefer documents covering more of the query's content.,Give every query the same number of feedback calls.,1620,12.0,0.0849002849002849,0.2,0.5706912909889584,0.5415696649029982,0.8844444444444444,0.66274254899348,0.6074272486772487,0.9,-0.007499038280701531,-0.013842592592592573,-0.033333333333333326,0.008641975308641974,0.06666666666666667,0.003469871665224617,0.5777599064288316,0.8141975308641975
scifact,2,uniform__rank_strata,Uniform per-query budget + Rank-stratified sampling,rank_strata,Rank-stratified sampling,uniform,Uniform per-query budget,Guarantee supervision from each rank band.,Give every query the same number of feedback calls.,1620,12.0,0.07806267806267807,0.4,0.5607625916959031,0.532989417989418,0.7748148148148148,0.6867648370467777,0.6450396825396826,0.8833333333333333,0.016523249772596227,0.023769841269841274,-0.050000000000000044,0.0012345679012345679,0.014814814814814815,0.011324933097686297,0.642691233643779,0.8290123456790124
scifact,2,uniform__mmr_relevance,Uniform per-query budget + Relevance–diversity MMR,mmr_relevance,Relevance–diversity MMR,uniform,Uniform per-query budget,Balance likely relevance with non-redundant documents.,Give every query the same number of feedback calls.,1620,12.0,0.0849002849002849,0.2,0.56386051547957,0.5380246913580247,0.84,0.6870652999136644,0.6446031746031745,0.9,0.016823712639482902,0.023333333333333206,-0.033333333333333326,0.008641975308641974,0.05925925925925926,0.007069463089660362,0.7432436945261779,0.8253086419753086
scifact,2,uniform__mmr_uncertainty,Uniform per-query budget + Uncertainty–diversity MMR,mmr_uncertainty,Uncertainty–diversity MMR,uniform,Uniform per-query budget,Cover multiple uncertain semantic regions.,Give every query the same number of feedback calls.,1620,12.0,0.07749287749287749,0.6,0.5634599636169134,0.5374955908289242,0.8059259259259259,0.6880827674289515,0.6418452380952381,0.8666666666666667,0.017841180154769987,0.020575396825396775,-0.06666666666666665,0.0006172839506172839,0.007407407407407408,0.04541837554654957,0.7738430773770367,0.8320987654320988
scifact,2,uniform__farthest_first,Uniform per-query budget + Semantic k-center coverage,farthest_first,Semantic k-center coverage,uniform,Uniform per-query budget,Cover the candidate manifold with farthest-first traversal.,Give every query the same number of feedback calls.,1620,12.0,0.07692307692307693,0.8,0.5683148933200781,0.5588888888888889,0.84,0.6622810463741088,0.6126785714285714,0.8833333333333333,-0.007960540900072699,-0.0085912698412699,-0.050000000000000044,0.0,0.0,0.046465924014279875,0.8823481542092783,0.7895061728395062
scifact,2,uniform__cluster_representatives,Uniform per-query budget + Candidate-cluster representatives,cluster_representatives,Candidate-cluster representatives,uniform,Uniform per-query budget,Take representative documents from multiple semantic clusters.,Give every query the same number of feedback calls.,1620,12.0,0.07920227920227921,0.4,0.5584399056841723,0.5302733686067019,0.7837037037037037,0.6764587582135271,0.6303174603174604,0.8666666666666667,0.006217170939345595,0.009047619047619082,-0.06666666666666665,0.0024691358024691358,0.014814814814814815,0.025932358702023824,0.6927092093008536,0.7672839506172839
scifact,2,uniform__center_outlier_mix,Uniform per-query budget + Typical–outlier mixture,center_outlier_mix,Typical–outlier mixture,uniform,Uniform per-query budget,Label both dense-region representatives and unusual candidates.,Give every query the same number of feedback calls.,1620,12.0,0.07863247863247863,0.4,0.5615296853384026,0.5334215167548501,0.9066666666666666,0.6712189450032241,0.6173809523809525,0.9166666666666666,0.000977357729042616,-0.0038888888888888307,-0.01666666666666672,0.001851851851851852,0.022222222222222223,0.040146209207581884,0.7277392400635614,0.7580246913580246
scifact,2,uniform__hard_negative,Uniform per-query budget + Hard-negative proxy,hard_negative,Hard-negative proxy,uniform,Uniform per-query budget,Prioritize high retrieval score but low relevance probability.,Give every query the same number of feedback calls.,1620,12.0,0.07806267806267807,0.2,0.5613207844923032,0.5271252204585538,0.8622222222222221,0.6697308269387394,0.6207142857142858,0.9166666666666666,-0.000510760335442062,-0.0005555555555555314,-0.01666666666666672,0.0012345679012345679,0.014814814814814815,0.006092790872962386,0.5789988659046315,0.8203703703703704
scifact,2,uniform__leverage,Uniform per-query budget + Feature-space leverage,leverage,Feature-space leverage,uniform,Uniform per-query budget,Select statistically influential examples in the student feature space.,Give every query the same number of feedback calls.,1620,12.0,0.08034188034188035,0.4,0.5634095163351335,0.5432098765432098,0.9066666666666666,0.6813190103238825,0.6370833333333333,0.9166666666666666,0.011077423049701052,0.01581349206349203,-0.01666666666666672,0.003703703703703704,0.037037037037037035,0.07492019007971257,0.7354156110021803,0.7777777777777778
scifact,2,uniform__d_optimal,Uniform per-query budget + D-optimal experimental design,d_optimal,D-optimal experimental design,uniform,Uniform per-query budget,Choose a set that maximizes feature-space information volume.,Give every query the same number of feedback calls.,1620,12.0,0.07977207977207977,0.2,0.5666097214583176,0.5426807760141094,0.8844444444444444,0.6808857020050684,0.6351587301587303,0.9333333333333333,0.010644114730886889,0.01388888888888895,0.0,0.0030864197530864196,0.02962962962962963,0.052071035129052624,0.7276307256133469,0.7611111111111111
scifact,2,uniform__portfolio,Uniform per-query budget + Diversified policy portfolio,portfolio,Diversified policy portfolio,uniform,Uniform per-query budget,"Hedge across exploitation, uncertainty, disagreement, coverage and diversity.",Give every query the same number of feedback calls.,1620,12.0,0.08205128205128205,0.2,0.5663943085147204,0.5408289241622575,0.8844444444444444,0.6803749416696264,0.6346031746031746,0.9333333333333333,0.010133354395444938,0.013333333333333308,0.0,0.005555555555555556,0.05185185185185185,0.02707258415074996,0.6667949868573083,0.8240740740740741
scifact,2,difficulty__random,Difficulty-adaptive budget + Random exploration,random,Random exploration,difficulty,Difficulty-adaptive budget,A random but reproducible sample is a strong unbiased control.,Allocate more labels to low-confidence/high-entropy queries.,1620,12.0,0.07806267806267807,0.4,0.5663147876683611,0.537336860670194,0.8770370370370371,0.684991511035962,0.6416137566137566,0.9,0.014749923761780526,0.02034391534391533,-0.033333333333333326,0.0012345679012345679,0.014814814814814815,0.03248304868185962,0.6881004808125673,0.8524691358024692
scifact,2,difficulty__top_base,Difficulty-adaptive budget + Top current-retriever candidates,top_base,Top current-retriever candidates,difficulty,Difficulty-adaptive budget,Exploit the current retriever's highest-scoring documents.,Allocate more labels to low-confidence/high-entropy queries.,1620,12.0,0.08603988603988603,0.2,0.5710699704353309,0.539320987654321,0.8622222222222221,0.6794339352928582,0.6387698412698413,0.9,0.009192348018676744,0.01749999999999996,-0.033333333333333326,0.009876543209876543,0.06666666666666667,0.0012812661168016034,0.52996929337581,0.8302469135802469
scifact,2,difficulty__uniform_rank,Difficulty-adaptive budget + Uniform rank coverage,uniform_rank,Uniform rank coverage,difficulty,Difficulty-adaptive budget,Spread labels across the whole candidate ranking instead of only its head.,Allocate more labels to low-confidence/high-entropy queries.,1620,12.0,0.07806267806267807,0.6,0.5683186773916111,0.541878306878307,0.6918518518518518,0.6735193850513767,0.6421031746031747,0.8,0.0032777977771951683,0.02083333333333337,-0.1333333333333333,0.0012345679012345679,0.014814814814814815,0.011153160605901553,0.6525255938371023,0.8432098765432099
scifact,2,difficulty__head_tail,Difficulty-adaptive budget + Head–tail mixture,head_tail,Head–tail mixture,difficulty,Difficulty-adaptive budget,Label both likely positives/hard negatives and clear negatives.,Allocate more labels to low-confidence/high-entropy queries.,1620,12.0,0.08262108262108261,0.2,0.566439565433414,0.537336860670194,0.8844444444444444,0.6936988038881284,0.6523809523809524,0.9333333333333333,0.023457216613946952,0.03111111111111109,0.0,0.006172839506172839,0.05925925925925926,0.09176684879226449,0.674143049231282,0.8364197530864198
scifact,2,difficulty__top_bm25,Difficulty-adaptive budget + Lexical-first selection,top_bm25,Lexical-first selection,difficulty,Difficulty-adaptive budget,Spend feedback on BM25's strongest candidates.,Allocate more labels to low-confidence/high-entropy queries.,1620,12.0,0.0849002849002849,0.2,0.5666789162227143,0.5404320987654321,0.8622222222222221,0.6740325625187321,0.6271031746031746,0.9,0.0037909752445506317,0.005833333333333246,-0.033333333333333326,0.008641975308641974,0.06666666666666667,0.002399333170902582,0.5836519550946023,0.8290123456790124
scifact,2,difficulty__top_lsa,Difficulty-adaptive budget + Semantic-first selection,top_lsa,Semantic-first selection,difficulty,Difficulty-adaptive budget,Spend feedback on latent-semantic candidates.,Allocate more labels to low-confidence/high-entropy queries.,1620,12.0,0.08433048433048433,0.0,0.5531349030710822,0.5256172839506172,0.8622222222222221,0.6702415872741815,0.6212698412698413,0.9333333333333333,0.0,0.0,0.0,0.008024691358024692,0.06666666666666667,0.012700660177219061,0.35028687009104975,0.7703703703703704
scifact,2,difficulty__top_char,Difficulty-adaptive budget + Character-robust selection,top_char,Character-robust selection,difficulty,Difficulty-adaptive budget,Favor candidates supported by character-level similarity.,Allocate more labels to low-confidence/high-entropy queries.,1620,12.0,0.08547008547008547,0.2,0.5594856704582082,0.5385185185185185,0.8281481481481481,0.6889226593249683,0.6512698412698412,0.9,0.01868107205078684,0.029999999999999916,-0.033333333333333326,0.009259259259259259,0.05925925925925926,0.009747775285332291,0.5671306889918115,0.8320987654320988
scifact,2,difficulty__top_title,Difficulty-adaptive budget + Title-focused selection,top_title,Title-focused selection,difficulty,Difficulty-adaptive budget,Favor concise title evidence before full-document evidence.,Allocate more labels to low-confidence/high-entropy queries.,1620,12.0,0.08376068376068375,0.2,0.5588778337085825,0.527716049382716,0.8622222222222221,0.6957679104143665,0.661547619047619,0.9166666666666666,0.025526323140184992,0.040277777777777746,-0.01666666666666672,0.007407407407407408,0.06666666666666667,0.006011432078149584,0.6539897674763644,0.8030864197530864
scifact,2,difficulty__rrf_consensus,Difficulty-adaptive budget + Multi-retriever consensus,rrf_consensus,Multi-retriever consensus,difficulty,Difficulty-adaptive budget,Reward candidates jointly supported by several retrievers.,Allocate more labels to low-confidence/high-entropy queries.,1620,12.0,0.08547008547008547,0.2,0.5677837107973203,0.5378659611992945,0.8622222222222221,0.6951096698365075,0.6550396825396825,0.9,0.024868082562325977,0.03376984126984117,-0.033333333333333326,0.009259259259259259,0.05925925925925926,0.001585023859400808,0.519280627645828,0.8296296296296296
scifact,2,difficulty__retriever_disagreement,Difficulty-adaptive budget + Retriever disagreement,retriever_disagreement,Retriever disagreement,difficulty,Difficulty-adaptive budget,"Label pairs on which lexical, character and semantic retrievers disagree.",Allocate more labels to low-confidence/high-entropy queries.,1620,12.0,0.08034188034188035,0.0,0.5531349030710822,0.5256172839506172,0.8622222222222221,0.6702415872741815,0.6212698412698413,0.9333333333333333,0.0,0.0,0.0,0.003703703703703704,0.044444444444444446,0.034841641415784386,0.4464805417590671,0.7907407407407407
scifact,2,difficulty__uncertainty,Difficulty-adaptive budget + Current-model uncertainty,uncertainty,Current-model uncertainty,difficulty,Difficulty-adaptive budget,Label candidates nearest the current model's decision boundary.,Allocate more labels to low-confidence/high-entropy queries.,1620,12.0,0.07806267806267807,0.4,0.5640692185874379,0.5370899470899471,0.8548148148148148,0.6876865086299381,0.6460317460317461,0.8666666666666667,0.017444921355756593,0.024761904761904763,-0.06666666666666665,0.0012345679012345679,0.014814814814814815,0.03388795977757301,0.6390679191659998,0.817283950617284
scifact,2,difficulty__committee,Difficulty-adaptive budget + Bootstrap committee disagreement,committee,Bootstrap committee disagreement,difficulty,Difficulty-adaptive budget,Use epistemic disagreement across cheap student replicas.,Allocate more labels to low-confidence/high-entropy queries.,1620,12.0,0.07863247863247863,0.4,0.5630391037897247,0.5357671957671958,0.9066666666666666,0.6739900202419894,0.6262698412698413,0.9333333333333333,0.003748432967807913,0.0050000000000000044,0.0,0.001851851851851852,0.022222222222222223,0.04361846156326341,0.6173846403757731,0.7438271604938271
scifact,2,difficulty__false_positive,Difficulty-adaptive budget + Likely false-positive hunting,false_positive,Likely false-positive hunting,difficulty,Difficulty-adaptive budget,Inspect high-ranked candidates the current model distrusts.,Allocate more labels to low-confidence/high-entropy queries.,1620,12.0,0.07749287749287749,0.0,0.5531349030710822,0.5256172839506172,0.8622222222222221,0.6702415872741815,0.6212698412698413,0.9333333333333333,0.0,0.0,0.0,0.0006172839506172839,0.007407407407407408,0.01031717069355058,0.5957709476903633,0.8030864197530864
scifact,2,difficulty__false_negative,Difficulty-adaptive budget + Likely false-negative hunting,false_negative,Likely false-negative hunting,difficulty,Difficulty-adaptive budget,Inspect low-ranked candidates the current model considers promising.,Allocate more labels to low-confidence/high-entropy queries.,1620,12.0,0.08319088319088319,0.0,0.5531349030710822,0.5256172839506172,0.8622222222222221,0.6702415872741815,0.6212698412698413,0.9333333333333333,0.0,0.0,0.0,0.006790123456790123,0.044444444444444446,0.0920796595973733,0.6522371311982472,0.8148148148148148
scifact,2,difficulty__coverage,Difficulty-adaptive budget + Query-term coverage,coverage,Query-term coverage,difficulty,Difficulty-adaptive budget,Prefer documents covering more of the query's content.,Allocate more labels to low-confidence/high-entropy queries.,1620,12.0,0.08376068376068375,0.4,0.5679037761490525,0.5401146384479718,0.7362962962962963,0.6565035534336406,0.6099206349206351,0.8333333333333334,-0.013738033840540842,-0.01134920634920622,-0.09999999999999998,0.007407407407407408,0.05925925925925926,0.0037106148254724197,0.5706716653373506,0.8049382716049382
scifact,2,difficulty__rank_strata,Difficulty-adaptive budget + Rank-stratified sampling,rank_strata,Rank-stratified sampling,difficulty,Difficulty-adaptive budget,Guarantee supervision from each rank band.,Allocate more labels to low-confidence/high-entropy queries.,1620,12.0,0.07806267806267807,0.4,0.5611596685080722,0.5333862433862434,0.7525925925925926,0.6858007220838471,0.6438095238095239,0.8833333333333333,0.015559134809665642,0.022539682539682637,-0.050000000000000044,0.0012345679012345679,0.014814814814814815,0.010908725048288886,0.6448530201558713,0.8265432098765432
scifact,2,difficulty__mmr_relevance,Difficulty-adaptive budget + Relevance–diversity MMR,mmr_relevance,Relevance–diversity MMR,difficulty,Difficulty-adaptive budget,Balance likely relevance with non-redundant documents.,Allocate more labels to low-confidence/high-entropy queries.,1620,12.0,0.08376068376068375,0.2,0.5639506956860489,0.5380246913580247,0.8622222222222221,0.685604508219036,0.6429365079365079,0.9,0.015362920944854475,0.021666666666666612,-0.033333333333333326,0.007407407407407408,0.05925925925925926,0.006322337558240066,0.7451082832283444,0.8123456790123457
scifact,2,difficulty__mmr_uncertainty,Difficulty-adaptive budget + Uncertainty–diversity MMR,mmr_uncertainty,Uncertainty–diversity MMR,difficulty,Difficulty-adaptive budget,Cover multiple uncertain semantic regions.,Allocate more labels to low-confidence/high-entropy queries.,1620,12.0,0.07749287749287749,1.0,0.5655620689461774,0.5478395061728395,0.7185185185185186,0.6477187089483472,0.6091666666666667,0.8,-0.022522878325834328,-0.01210317460317456,-0.1333333333333333,0.0006172839506172839,0.007407407407407408,0.04560932616392772,0.7723330722914802,0.8364197530864198
scifact,2,difficulty__farthest_first,Difficulty-adaptive budget + Semantic k-center coverage,farthest_first,Semantic k-center coverage,difficulty,Difficulty-adaptive budget,Cover the candidate manifold with farthest-first traversal.,Allocate more labels to low-confidence/high-entropy queries.,1620,12.0,0.07692307692307693,0.8,0.5676604005755812,0.5593827160493827,0.84,0.6653132065844307,0.6126984126984126,0.8833333333333333,-0.0049283806897507665,-0.008571428571428674,-0.050000000000000044,0.0,0.0,0.046914771272812364,0.8816604084438748,0.7919753086419753
scifact,2,difficulty__cluster_representatives,Difficulty-adaptive budget + Candidate-cluster representatives,cluster_representatives,Candidate-cluster representatives,difficulty,Difficulty-adaptive budget,Take representative documents from multiple semantic clusters.,Allocate more labels to low-confidence/high-entropy queries.,1620,12.0,0.07749287749287749,0.2,0.5644565369247118,0.5380511463844797,0.9066666666666666,0.6770373884113253,0.630436507936508,0.9166666666666666,0.006795801137143842,0.009166666666666656,-0.01666666666666672,0.0006172839506172839,0.007407407407407408,0.025710794145678298,0.6949568379808355,0.7592592592592593
scifact,2,difficulty__center_outlier_mix,Difficulty-adaptive budget + Typical–outlier mixture,center_outlier_mix,Typical–outlier mixture,difficulty,Difficulty-adaptive budget,Label both dense-region representatives and unusual candidates.,Allocate more labels to low-confidence/high-entropy queries.,1620,12.0,0.07977207977207977,0.2,0.5654580379076227,0.5389770723104056,0.9066666666666666,0.6708862176375162,0.6221031746031748,0.9333333333333333,0.0006446303633347306,0.0008333333333334636,0.0,0.0030864197530864196,0.037037037037037035,0.04053216090908757,0.7342052097673769,0.7512345679012346
scifact,2,difficulty__hard_negative,Difficulty-adaptive budget + Hard-negative proxy,hard_negative,Hard-negative proxy,difficulty,Difficulty-adaptive budget,Prioritize high retrieval score but low relevance probability.,Allocate more labels to low-confidence/high-entropy queries.,1620,12.0,0.07806267806267807,0.2,0.5584474110808867,0.5273721340388007,0.8622222222222221,0.6697308269387394,0.6207142857142858,0.9166666666666666,-0.000510760335442062,-0.0005555555555555314,-0.01666666666666672,0.0012345679012345679,0.014814814814814815,0.006709479181854813,0.5809022826177103,0.8179012345679012
scifact,2,difficulty__leverage,Difficulty-adaptive budget + Feature-space leverage,leverage,Feature-space leverage,difficulty,Difficulty-adaptive budget,Select statistically influential examples in the student feature space.,Allocate more labels to low-confidence/high-entropy queries.,1620,12.0,0.07977207977207977,0.2,0.5666181028104829,0.5385802469135802,0.8844444444444444,0.6812669329013131,0.6355555555555557,0.9333333333333333,0.011025345627131644,0.014285714285714346,0.0,0.0030864197530864196,0.02962962962962963,0.07455520423842066,0.7346728523572286,0.7796296296296297
scifact,2,difficulty__d_optimal,Difficulty-adaptive budget + D-optimal experimental design,d_optimal,D-optimal experimental design,difficulty,Difficulty-adaptive budget,Choose a set that maximizes feature-space information volume.,Allocate more labels to low-confidence/high-entropy queries.,1620,12.0,0.07977207977207977,0.2,0.5664373236596149,0.5421516754850089,0.8844444444444444,0.6808857020050685,0.6351587301587301,0.9333333333333333,0.010644114730887,0.01388888888888884,0.0,0.0030864197530864196,0.02962962962962963,0.05327284464865555,0.7279649209093164,0.7598765432098765
scifact,2,difficulty__portfolio,Difficulty-adaptive budget + Diversified policy portfolio,portfolio,Diversified policy portfolio,difficulty,Difficulty-adaptive budget,"Hedge across exploitation, uncertainty, disagreement, coverage and diversity.",Allocate more labels to low-confidence/high-entropy queries.,1620,12.0,0.08262108262108261,0.2,0.5663943085147204,0.5408289241622575,0.8844444444444444,0.6803749416696264,0.6346031746031746,0.9333333333333333,0.010133354395444938,0.013333333333333308,0.0,0.006172839506172839,0.05925925925925926,0.02686043010081774,0.6575723632618233,0.8271604938271605
scifact,2,disagreement__random,Disagreement-adaptive budget + Random exploration,random,Random exploration,disagreement,Disagreement-adaptive budget,A random but reproducible sample is a strong unbiased control.,Allocate more labels where retrievers and model replicas disagree.,1620,12.0,0.07806267806267807,0.4,0.5661801150152365,0.5369400352733686,0.8844444444444444,0.6790740909159809,0.6332804232804233,0.9,0.008832503641799438,0.012010582010582027,-0.033333333333333326,0.0012345679012345679,0.014814814814814815,0.03520698389153422,0.6860967960622576,0.8574074074074074
scifact,2,disagreement__top_base,Disagreement-adaptive budget + Top current-retriever candidates,top_base,Top current-retriever candidates,disagreement,Disagreement-adaptive budget,Exploit the current retriever's highest-scoring documents.,Allocate more labels where retrievers and model replicas disagree.,1620,12.0,0.08603988603988603,0.2,0.5708389976617121,0.539320987654321,0.8177777777777777,0.6794339352928582,0.6387698412698413,0.9,0.009192348018676744,0.01749999999999996,-0.033333333333333326,0.009876543209876543,0.06666666666666667,0.001268162918679508,0.5293227925896644,0.8462962962962963
scifact,2,disagreement__uniform_rank,Disagreement-adaptive budget + Uniform rank coverage,uniform_rank,Uniform rank coverage,disagreement,Disagreement-adaptive budget,Spread labels across the whole candidate ranking instead of only its head.,Allocate more labels where retrievers and model replicas disagree.,1620,12.0,0.07806267806267807,0.4,0.5679307043717791,0.539320987654321,0.757037037037037,0.6946925992025327,0.6592063492063491,0.8666666666666667,0.024451011928351196,0.037936507936507824,-0.06666666666666665,0.0012345679012345679,0.014814814814814815,0.013627656999929452,0.6467627194192674,0.8561728395061728
scifact,2,disagreement__head_tail,Disagreement-adaptive budget + Head–tail mixture,head_tail,Head–tail mixture,disagreement,Disagreement-adaptive budget,Label both likely positives/hard negatives and clear negatives.,Allocate more labels where retrievers and model replicas disagree.,1620,12.0,0.08148148148148149,0.2,0.5642609146371617,0.537336860670194,0.8844444444444444,0.6870368727788774,0.6434920634920636,0.9333333333333333,0.01679528550469589,0.022222222222222254,0.0,0.0049382716049382715,0.05185185185185185,0.09758566135977521,0.6749331838554806,0.837037037037037
scifact,2,disagreement__top_bm25,Disagreement-adaptive budget + Lexical-first selection,top_bm25,Lexical-first selection,disagreement,Disagreement-adaptive budget,Spend feedback on BM25's strongest candidates.,Allocate more labels where retrievers and model replicas disagree.,1620,12.0,0.0849002849002849,0.2,0.5666789162227143,0.5404320987654321,0.8844444444444444,0.6738507511115888,0.6268915343915343,0.9,0.003609163837407281,0.005621693121693028,-0.033333333333333326,0.008641975308641974,0.06666666666666667,0.002316067542558835,0.58462428279497,0.8339506172839506
scifact,2,disagreement__top_lsa,Disagreement-adaptive budget + Semantic-first selection,top_lsa,Semantic-first selection,disagreement,Disagreement-adaptive budget,Spend feedback on latent-semantic candidates.,Allocate more labels where retrievers and model replicas disagree.,1620,12.0,0.08262108262108261,0.0,0.5531349030710822,0.5256172839506172,0.8622222222222221,0.6702415872741815,0.6212698412698413,0.9333333333333333,0.0,0.0,0.0,0.006172839506172839,0.06666666666666667,0.014429936622395927,0.3478163527393783,0.7777777777777778
scifact,2,disagreement__top_char,Disagreement-adaptive budget + Character-robust selection,top_char,Character-robust selection,disagreement,Disagreement-adaptive budget,Favor candidates supported by character-level similarity.,Allocate more labels where retrievers and model replicas disagree.,1620,12.0,0.08547008547008547,0.2,0.5660850457109288,0.5409876543209876,0.8281481481481481,0.6889226593249683,0.6512698412698412,0.9,0.01868107205078684,0.029999999999999916,-0.033333333333333326,0.009259259259259259,0.05925925925925926,0.010606398148301208,0.5688748420664558,0.8364197530864198
scifact,2,disagreement__top_title,Disagreement-adaptive budget + Title-focused selection,top_title,Title-focused selection,disagreement,Disagreement-adaptive budget,Favor concise title evidence before full-document evidence.,Allocate more labels where retrievers and model replicas disagree.,1620,12.0,0.08319088319088319,0.2,0.5589866278695681,0.5280246913580248,0.8622222222222221,0.6952571500789245,0.6609920634920635,0.9166666666666666,0.02501556280474304,0.039722222222222214,-0.01666666666666672,0.006790123456790123,0.06666666666666667,0.005994278781207991,0.6509074707825978,0.817283950617284
scifact,2,disagreement__rrf_consensus,Disagreement-adaptive budget + Multi-retriever consensus,rrf_consensus,Multi-retriever consensus,disagreement,Disagreement-adaptive budget,Reward candidates jointly supported by several retrievers.,Allocate more labels where retrievers and model replicas disagree.,1620,12.0,0.08433048433048433,0.2,0.5660113110773353,0.5352733686067019,0.8622222222222221,0.6948118622273808,0.6547420634920635,0.9166666666666666,0.0245702749531993,0.03347222222222224,-0.01666666666666672,0.008024691358024692,0.05925925925925926,0.002225893846264592,0.5191814840115883,0.8425925925925926
scifact,2,disagreement__retriever_disagreement,Disagreement-adaptive budget + Retriever disagreement,retriever_disagreement,Retriever disagreement,disagreement,Disagreement-adaptive budget,"Label pairs on which lexical, character and semantic retrievers disagree.",Allocate more labels where retrievers and model replicas disagree.,1620,12.0,0.07920227920227921,0.0,0.5531349030710822,0.5256172839506172,0.8622222222222221,0.6702415872741815,0.6212698412698413,0.9333333333333333,0.0,0.0,0.0,0.0024691358024691358,0.02962962962962963,0.03579984918052768,0.445951345121419,0.8018518518518518
scifact,2,disagreement__uncertainty,Disagreement-adaptive budget + Current-model uncertainty,uncertainty,Current-model uncertainty,disagreement,Disagreement-adaptive budget,Label candidates nearest the current model's decision boundary.,Allocate more labels where retrievers and model replicas disagree.,1620,12.0,0.07806267806267807,0.4,0.5612265867927431,0.5336331569664904,0.8548148148148148,0.6755835865714216,0.6295502645502645,0.8666666666666667,0.005341999297240108,0.008280423280423221,-0.06666666666666665,0.0012345679012345679,0.014814814814814815,0.03724144829644097,0.6418426950772603,0.8240740740740741
scifact,2,disagreement__committee,Disagreement-adaptive budget + Bootstrap committee disagreement,committee,Bootstrap committee disagreement,disagreement,Disagreement-adaptive budget,Use epistemic disagreement across cheap student replicas.,Allocate more labels where retrievers and model replicas disagree.,1620,12.0,0.07806267806267807,0.4,0.5630391037897247,0.5357671957671958,0.9066666666666666,0.6745007805774315,0.626825396825397,0.9333333333333333,0.004259193303249975,0.005555555555555647,0.0,0.0012345679012345679,0.014814814814814815,0.04758613694597174,0.6164239210111123,0.7481481481481481
scifact,2,disagreement__false_positive,Disagreement-adaptive budget + Likely false-positive hunting,false_positive,Likely false-positive hunting,disagreement,Disagreement-adaptive budget,Inspect high-ranked candidates the current model distrusts.,Allocate more labels where retrievers and model replicas disagree.,1620,12.0,0.07749287749287749,0.0,0.5531349030710822,0.5256172839506172,0.8622222222222221,0.6702415872741815,0.6212698412698413,0.9333333333333333,0.0,0.0,0.0,0.0006172839506172839,0.007407407407407408,0.01027023685567173,0.5971455495666574,0.817283950617284
scifact,2,disagreement__false_negative,Disagreement-adaptive budget + Likely false-negative hunting,false_negative,Likely false-negative hunting,disagreement,Disagreement-adaptive budget,Inspect low-ranked candidates the current model considers promising.,Allocate more labels where retrievers and model replicas disagree.,1620,12.0,0.08319088319088319,0.2,0.5533245059580407,0.5331746031746031,0.84,0.6676340308765709,0.6186507936507937,0.9166666666666666,-0.0026075563976105665,-0.002619047619047632,-0.01666666666666672,0.006790123456790123,0.044444444444444446,0.0996946946706301,0.650650175191738,0.8141975308641975
scifact,2,disagreement__coverage,Disagreement-adaptive budget + Query-term coverage,coverage,Query-term coverage,disagreement,Disagreement-adaptive budget,Prefer documents covering more of the query's content.,Allocate more labels where retrievers and model replicas disagree.,1620,12.0,0.08376068376068375,0.4,0.56061806893602,0.5370987654320988,0.7362962962962963,0.6559927930981986,0.6093650793650794,0.8333333333333334,-0.014248794175982904,-0.011904761904761862,-0.09999999999999998,0.007407407407407408,0.05925925925925926,0.0033771957512255067,0.5736072055167623,0.8154320987654321
scifact,2,disagreement__rank_strata,Disagreement-adaptive budget + Rank-stratified sampling,rank_strata,Rank-stratified sampling,disagreement,Disagreement-adaptive budget,Guarantee supervision from each rank band.,Allocate more labels where retrievers and model replicas disagree.,1620,12.0,0.07806267806267807,0.4,0.5611596685080722,0.5333862433862434,0.757037037037037,0.686912348827406,0.6450396825396826,0.8666666666666667,0.016670761553224556,0.023769841269841274,-0.06666666666666665,0.0012345679012345679,0.014814814814814815,0.013175117491204062,0.6380641054224085,0.832716049382716
scifact,2,disagreement__mmr_relevance,Disagreement-adaptive budget + Relevance–diversity MMR,mmr_relevance,Relevance–diversity MMR,disagreement,Disagreement-adaptive budget,Balance likely relevance with non-redundant documents.,Allocate more labels where retrievers and model replicas disagree.,1620,12.0,0.08205128205128205,0.2,0.5662368739135187,0.5398765432098765,0.84,0.698233637281873,0.6547883597883597,0.9,0.02799205000769156,0.03351851851851839,-0.033333333333333326,0.005555555555555556,0.05185185185185185,0.006990247707308075,0.7421228583212252,0.8314814814814815
scifact,2,disagreement__mmr_uncertainty,Disagreement-adaptive budget + Uncertainty–diversity MMR,mmr_uncertainty,Uncertainty–diversity MMR,disagreement,Disagreement-adaptive budget,Cover multiple uncertain semantic regions.,Allocate more labels where retrievers and model replicas disagree.,1620,12.0,0.07749287749287749,0.8,0.5601531628792413,0.533395061728395,0.7185185185185186,0.666252962498472,0.6336309523809525,0.8166666666666667,-0.003988624775709493,0.012361111111111156,-0.1166666666666667,0.0006172839506172839,0.007407407407407408,0.047543609473440385,0.7736239932201526,0.8395061728395061
scifact,2,disagreement__farthest_first,Disagreement-adaptive budget + Semantic k-center coverage,farthest_first,Semantic k-center coverage,disagreement,Disagreement-adaptive budget,Cover the candidate manifold with farthest-first traversal.,Allocate more labels where retrievers and model replicas disagree.,1620,12.0,0.07692307692307693,0.8,0.5755403913697614,0.5637037037037037,0.8844444444444444,0.6626053188565574,0.6095502645502645,0.8833333333333333,-0.007636268417624104,-0.011719576719576796,-0.050000000000000044,0.0,0.0,0.04876876730977753,0.8828507154076187,0.7858024691358024
scifact,2,disagreement__cluster_representatives,Disagreement-adaptive budget + Candidate-cluster representatives,cluster_representatives,Candidate-cluster representatives,disagreement,Disagreement-adaptive budget,Take representative documents from multiple semantic clusters.,Allocate more labels where retrievers and model replicas disagree.,1620,12.0,0.07692307692307693,0.4,0.5585457256093024,0.5306790123456789,0.8548148148148148,0.6726051576093712,0.629484126984127,0.8666666666666667,0.0023635703351897464,0.00821428571428573,-0.06666666666666665,0.0,0.0,0.02679979635609521,0.6977441244655185,0.7679012345679013
scifact,2,disagreement__center_outlier_mix,Disagreement-adaptive budget + Typical–outlier mixture,center_outlier_mix,Typical–outlier mixture,disagreement,Disagreement-adaptive budget,Label both dense-region representatives and unusual candidates.,Allocate more labels where retrievers and model replicas disagree.,1620,12.0,0.07863247863247863,0.4,0.5608067294867222,0.5328924162257495,0.9066666666666666,0.6794339352928581,0.6332142857142858,0.9166666666666666,0.009192348018676633,0.011944444444444535,-0.01666666666666672,0.001851851851851852,0.022222222222222223,0.04297878304381429,0.7333158749121207,0.7561728395061729
scifact,2,disagreement__hard_negative,Disagreement-adaptive budget + Hard-negative proxy,hard_negative,Hard-negative proxy,disagreement,Disagreement-adaptive budget,Prioritize high retrieval score but low relevance probability.,Allocate more labels where retrievers and model replicas disagree.,1620,12.0,0.07806267806267807,0.2,0.5581815184287513,0.5271252204585538,0.8622222222222221,0.6697308269387394,0.6207142857142858,0.9166666666666666,-0.000510760335442062,-0.0005555555555555314,-0.01666666666666672,0.0012345679012345679,0.014814814814814815,0.006176771315527551,0.5767590207082254,0.8308641975308642
scifact,2,disagreement__leverage,Disagreement-adaptive budget + Feature-space leverage,leverage,Feature-space leverage,disagreement,Disagreement-adaptive budget,Select statistically influential examples in the student feature space.,Allocate more labels where retrievers and model replicas disagree.,1620,12.0,0.07863247863247863,0.2,0.5689230449076946,0.5421516754850089,0.8844444444444444,0.6819973287486274,0.636388888888889,0.9333333333333333,0.011755741474445913,0.015119047619047699,0.0,0.001851851851851852,0.022222222222222223,0.08047467363469395,0.7394494785202874,0.7858024691358024
scifact,2,disagreement__d_optimal,Disagreement-adaptive budget + D-optimal experimental design,d_optimal,D-optimal experimental design,disagreement,Disagreement-adaptive budget,Choose a set that maximizes feature-space information volume.,Allocate more labels where retrievers and model replicas disagree.,1620,12.0,0.07863247863247863,0.2,0.5669456315212746,0.5426807760141094,0.8844444444444444,0.6816160978523824,0.6359920634920635,0.9333333333333333,0.011374510578200936,0.014722222222222192,0.0,0.001851851851851852,0.022222222222222223,0.05390037309240412,0.7294866544229013,0.7703703703703704
scifact,2,disagreement__portfolio,Disagreement-adaptive budget + Diversified policy portfolio,portfolio,Diversified policy portfolio,disagreement,Disagreement-adaptive budget,"Hedge across exploitation, uncertainty, disagreement, coverage and diversity.",Allocate more labels where retrievers and model replicas disagree.,1620,12.0,0.08034188034188035,0.2,0.5665723214357055,0.5402469135802469,0.8844444444444444,0.6781927791101021,0.6318253968253968,0.9333333333333333,0.007951191835920635,0.01055555555555554,0.0,0.003703703703703704,0.037037037037037035,0.029019256506437136,0.6624076944810373,0.832716049382716
scifact,2,topic_balanced__random,Topic-balanced budget + Random exploration,random,Random exploration,topic_balanced,Topic-balanced budget,A random but reproducible sample is a strong unbiased control.,"Equalize total feedback across query clusters, not raw query counts.",1620,12.0,0.07806267806267807,0.4,0.5640014642189841,0.5369400352733686,0.8844444444444444,0.678840340262153,0.6332804232804233,0.9,0.008598752987971525,0.012010582010582027,-0.033333333333333326,0.0012345679012345679,0.014814814814814815,0.03191531907629084,0.6889421107592406,0.8518518518518519
scifact,2,topic_balanced__top_base,Topic-balanced budget + Top current-retriever candidates,top_base,Top current-retriever candidates,topic_balanced,Topic-balanced budget,Exploit the current retriever's highest-scoring documents.,"Equalize total feedback across query clusters, not raw query counts.",1620,12.0,0.08660968660968661,0.2,0.5710699704353309,0.539320987654321,0.8177777777777777,0.6781005116243474,0.6321031746031746,0.9,0.007858924350165886,0.01083333333333325,-0.033333333333333326,0.010493827160493827,0.07407407407407407,0.0013553591054162862,0.5343692809343338,0.8074074074074075
scifact,2,topic_balanced__uniform_rank,Topic-balanced budget + Uniform rank coverage,uniform_rank,Uniform rank coverage,topic_balanced,Topic-balanced budget,Spread labels across the whole candidate ranking instead of only its head.,"Equalize total feedback across query clusters, not raw query counts.",1620,12.0,0.07806267806267807,0.4,0.5658422337820058,0.539320987654321,0.7525925925925926,0.6946925992025327,0.6592063492063491,0.8666666666666667,0.024451011928351196,0.037936507936507824,-0.06666666666666665,0.0012345679012345679,0.014814814814814815,0.011786287875823033,0.6554698074305499,0.8425925925925926
scifact,2,topic_balanced__head_tail,Topic-balanced budget + Head–tail mixture,head_tail,Head–tail mixture,topic_balanced,Topic-balanced budget,Label both likely positives/hard negatives and clear negatives.,"Equalize total feedback across query clusters, not raw query counts.",1620,12.0,0.08547008547008547,0.2,0.5668661604945829,0.5380511463844797,0.8844444444444444,0.6936988038881284,0.6523809523809524,0.9333333333333333,0.023457216613946952,0.03111111111111109,0.0,0.009259259259259259,0.05925925925925926,0.08888329146084963,0.6756100074008659,0.8320987654320988
scifact,2,topic_balanced__top_bm25,Topic-balanced budget + Lexical-first selection,top_bm25,Lexical-first selection,topic_balanced,Topic-balanced budget,Spend feedback on BM25's strongest candidates.,"Equalize total feedback across query clusters, not raw query counts.",1620,12.0,0.08547008547008547,0.2,0.5668844333983362,0.5404320987654321,0.8622222222222221,0.6738507511115888,0.6268915343915343,0.9,0.003609163837407281,0.005621693121693028,-0.033333333333333326,0.009259259259259259,0.06666666666666667,0.002507732532642506,0.5896738492780261,0.817283950617284
scifact,2,topic_balanced__top_lsa,Topic-balanced budget + Semantic-first selection,top_lsa,Semantic-first selection,topic_balanced,Topic-balanced budget,Spend feedback on latent-semantic candidates.,"Equalize total feedback across query clusters, not raw query counts.",1620,12.0,0.0849002849002849,0.0,0.5531349030710822,0.5256172839506172,0.8622222222222221,0.6702415872741815,0.6212698412698413,0.9333333333333333,0.0,0.0,0.0,0.008641975308641974,0.05925925925925926,0.011395215730608246,0.3488410047358937,0.7555555555555555
scifact,2,topic_balanced__top_char,Topic-balanced budget + Character-robust selection,top_char,Character-robust selection,topic_balanced,Topic-balanced budget,Favor candidates supported by character-level similarity.,"Equalize total feedback across query clusters, not raw query counts.",1620,12.0,0.0849002849002849,0.2,0.5738617289763792,0.5520987654320987,0.8059259259259259,0.6896530551722826,0.6521031746031747,0.9,0.01941146789810111,0.03083333333333338,-0.033333333333333326,0.008641975308641974,0.05925925925925926,0.009506555729442173,0.5716016432753316,0.817283950617284
scifact,2,topic_balanced__top_title,Topic-balanced budget + Title-focused selection,top_title,Title-focused selection,topic_balanced,Topic-balanced budget,Favor concise title evidence before full-document evidence.,"Equalize total feedback across query clusters, not raw query counts.",1620,12.0,0.08376068376068375,0.2,0.5605790665911785,0.5303350970017636,0.8622222222222221,0.7000748971842226,0.6626587301587301,0.9166666666666666,0.029833309910041073,0.04138888888888881,-0.01666666666666672,0.007407407407407408,0.05925925925925926,0.005946034671347818,0.6556773583094279,0.782716049382716
scifact,2,topic_balanced__rrf_consensus,Topic-balanced budget + Multi-retriever consensus,rrf_consensus,Multi-retriever consensus,topic_balanced,Topic-balanced budget,Reward candidates jointly supported by several retrievers.,"Equalize total feedback across query clusters, not raw query counts.",1620,12.0,0.08547008547008547,0.2,0.5686948216200266,0.5397178130511464,0.8355555555555556,0.6885772681664537,0.6463095238095239,0.9,0.01833568089227222,0.025039682539682584,-0.033333333333333326,0.009259259259259259,0.05925925925925926,0.0016204027114091095,0.5236399270870068,0.8111111111111111
scifact,2,topic_balanced__retriever_disagreement,Topic-balanced budget + Retriever disagreement,retriever_disagreement,Retriever disagreement,topic_balanced,Topic-balanced budget,"Label pairs on which lexical, character and semantic retrievers disagree.","Equalize total feedback across query clusters, not raw query counts.",1620,12.0,0.08205128205128205,0.0,0.5531349030710822,0.5256172839506172,0.8622222222222221,0.6702415872741815,0.6212698412698413,0.9333333333333333,0.0,0.0,0.0,0.005555555555555556,0.044444444444444446,0.03183360309512527,0.4509392621340575,0.7703703703703704
scifact,2,topic_balanced__uncertainty,Topic-balanced budget + Current-model uncertainty,uncertainty,Current-model uncertainty,topic_balanced,Topic-balanced budget,Label candidates nearest the current model's decision boundary.,"Equalize total feedback across query clusters, not raw query counts.",1620,12.0,0.07806267806267807,0.4,0.5640692185874379,0.5370899470899471,0.8770370370370371,0.6878859281190396,0.6462169312169312,0.8666666666666667,0.01764434084485811,0.02494708994708994,-0.06666666666666665,0.0012345679012345679,0.014814814814814815,0.03559591387525017,0.6411187286730166,0.8160493827160494
scifact,2,topic_balanced__committee,Topic-balanced budget + Bootstrap committee disagreement,committee,Bootstrap committee disagreement,topic_balanced,Topic-balanced budget,Use epistemic disagreement across cheap student replicas.,"Equalize total feedback across query clusters, not raw query counts.",1620,12.0,0.07920227920227921,0.4,0.5630391037897247,0.5357671957671958,0.9066666666666666,0.6739900202419894,0.6262698412698413,0.9166666666666666,0.003748432967807913,0.0050000000000000044,-0.01666666666666672,0.0024691358024691358,0.022222222222222223,0.04281844643898952,0.6162732927887528,0.7327160493827161
scifact,2,topic_balanced__false_positive,Topic-balanced budget + Likely false-positive hunting,false_positive,Likely false-positive hunting,topic_balanced,Topic-balanced budget,Inspect high-ranked candidates the current model distrusts.,"Equalize total feedback across query clusters, not raw query counts.",1620,12.0,0.07806267806267807,0.0,0.5531349030710822,0.5256172839506172,0.8622222222222221,0.6702415872741815,0.6212698412698413,0.9333333333333333,0.0,0.0,0.0,0.0012345679012345679,0.014814814814814815,0.009852599361796438,0.6000663912958569,0.7913580246913581
scifact,2,topic_balanced__false_negative,Topic-balanced budget + Likely false-negative hunting,false_negative,Likely false-negative hunting,topic_balanced,Topic-balanced budget,Inspect low-ranked candidates the current model considers promising.,"Equalize total feedback across query clusters, not raw query counts.",1620,12.0,0.08376068376068375,0.2,0.5534146861645197,0.5331746031746031,0.84,0.667026439876355,0.6194841269841269,0.9166666666666666,-0.0032151473978264677,-0.0017857142857143904,-0.01666666666666672,0.007407407407407408,0.044444444444444446,0.0907810048924552,0.6509474136211254,0.808641975308642
scifact,2,topic_balanced__coverage,Topic-balanced budget + Query-term coverage,coverage,Query-term coverage,topic_balanced,Topic-balanced budget,Prefer documents covering more of the query's content.,"Equalize total feedback across query clusters, not raw query counts.",1620,12.0,0.08547008547008547,0.2,0.5627304431108722,0.5304585537918871,0.8622222222222221,0.663253309328922,0.6079828042328043,0.9,-0.006988277945259469,-0.013287037037037042,-0.033333333333333326,0.009259259259259259,0.06666666666666667,0.0035532561349280087,0.5760884943935606,0.8030864197530864
scifact,2,topic_balanced__rank_strata,Topic-balanced budget + Rank-stratified sampling,rank_strata,Rank-stratified sampling,topic_balanced,Topic-balanced budget,Guarantee supervision from each rank band.,"Equalize total feedback across query clusters, not raw query counts.",1620,12.0,0.07806267806267807,0.4,0.5581451802095733,0.5333862433862434,0.7525925925925926,0.6858007220838471,0.6438095238095239,0.9,0.015559134809665642,0.022539682539682637,-0.033333333333333326,0.0012345679012345679,0.014814814814814815,0.011456561861214814,0.6476469130427749,0.8265432098765432
scifact,2,topic_balanced__mmr_relevance,Topic-balanced budget + Relevance–diversity MMR,mmr_relevance,Relevance–diversity MMR,topic_balanced,Topic-balanced budget,Balance likely relevance with non-redundant documents.,"Equalize total feedback across query clusters, not raw query counts.",1620,12.0,0.0849002849002849,0.2,0.5639506956860489,0.5380246913580247,0.84,0.6870652999136644,0.6446031746031745,0.9,0.016823712639482902,0.023333333333333206,-0.033333333333333326,0.008641975308641974,0.05185185185185185,0.007182032458576155,0.7443131625652313,0.804320987654321
scifact,2,topic_balanced__mmr_uncertainty,Topic-balanced budget + Uncertainty–diversity MMR,mmr_uncertainty,Uncertainty–diversity MMR,topic_balanced,Topic-balanced budget,Cover multiple uncertain semantic regions.,"Equalize total feedback across query clusters, not raw query counts.",1620,12.0,0.07749287749287749,0.6,0.5637807387529523,0.5378042328042328,0.7837037037037037,0.6935035423554462,0.6493452380952381,0.8666666666666667,0.023261955081264718,0.028075396825396837,-0.06666666666666665,0.0006172839506172839,0.007407407407407408,0.045614329569133714,0.7749915635144269,0.8339506172839506
scifact,2,topic_balanced__farthest_first,Topic-balanced budget + Semantic k-center coverage,farthest_first,Semantic k-center coverage,topic_balanced,Topic-balanced budget,Cover the candidate manifold with farthest-first traversal.,"Equalize total feedback across query clusters, not raw query counts.",1620,12.0,0.07692307692307693,0.8,0.5747385561271423,0.5611111111111111,0.8133333333333334,0.6619832387649821,0.6123809523809525,0.8833333333333333,-0.008258348509199376,-0.008888888888888835,-0.050000000000000044,0.0,0.0,0.0447051997905896,0.8813857877696002,0.7932098765432098
scifact,2,topic_balanced__cluster_representatives,Topic-balanced budget + Candidate-cluster representatives,cluster_representatives,Candidate-cluster representatives,topic_balanced,Topic-balanced budget,Take representative documents from multiple semantic clusters.,"Equalize total feedback across query clusters, not raw query counts.",1620,12.0,0.08262108262108261,0.2,0.5657805312200854,0.5397178130511463,0.9066666666666666,0.6794339352928581,0.6332142857142858,0.9166666666666666,0.009192348018676633,0.011944444444444535,-0.01666666666666672,0.006172839506172839,0.02962962962962963,0.024401418735951554,0.681126801835166,0.7611111111111111
scifact,2,topic_balanced__center_outlier_mix,Topic-balanced budget + Typical–outlier mixture,center_outlier_mix,Typical–outlier mixture,topic_balanced,Topic-balanced budget,Label both dense-region representatives and unusual candidates.,"Equalize total feedback across query clusters, not raw query counts.",1620,12.0,0.07977207977207977,0.4,0.561315037348382,0.5334215167548501,0.9066666666666666,0.672552368671735,0.6240476190476192,0.9166666666666666,0.002310781397553474,0.002777777777777879,-0.01666666666666672,0.0030864197530864196,0.037037037037037035,0.039205750823020934,0.7324438589590567,0.7574074074074074
scifact,2,topic_balanced__hard_negative,Topic-balanced budget + Hard-negative proxy,hard_negative,Hard-negative proxy,topic_balanced,Topic-balanced budget,Prioritize high retrieval score but low relevance probability.,"Equalize total feedback across query clusters, not raw query counts.",1620,12.0,0.07806267806267807,0.2,0.5611960067272501,0.5271252204585538,0.8622222222222221,0.6693495960424946,0.6203174603174604,0.9166666666666666,-0.0008919912316869283,-0.0009523809523809268,-0.01666666666666672,0.0012345679012345679,0.014814814814814815,0.006235020911252057,0.5790911890842296,0.8104938271604938
scifact,2,topic_balanced__leverage,Topic-balanced budget + Feature-space leverage,leverage,Feature-space leverage,topic_balanced,Topic-balanced budget,Select statistically influential examples in the student feature space.,"Equalize total feedback across query clusters, not raw query counts.",1620,12.0,0.08091168091168091,0.2,0.5670803041743993,0.5426807760141094,0.8844444444444444,0.6812669329013131,0.6355555555555557,0.9333333333333333,0.011025345627131644,0.014285714285714346,0.0,0.004320987654320987,0.02962962962962963,0.07115204212842165,0.7320734589188187,0.7759259259259259
scifact,2,topic_balanced__d_optimal,Topic-balanced budget + D-optimal experimental design,d_optimal,D-optimal experimental design,topic_balanced,Topic-balanced budget,Choose a set that maximizes feature-space information volume.,"Equalize total feedback across query clusters, not raw query counts.",1620,12.0,0.07977207977207977,0.2,0.5669456315212746,0.5426807760141094,0.8844444444444444,0.6799937107733817,0.6342063492063493,0.9333333333333333,0.009752123499200183,0.012936507936508024,0.0,0.0030864197530864196,0.02962962962962963,0.05153153707951675,0.7257505231433444,0.75
scifact,2,topic_balanced__portfolio,Topic-balanced budget + Diversified policy portfolio,portfolio,Diversified policy portfolio,topic_balanced,Topic-balanced budget,"Hedge across exploitation, uncertainty, disagreement, coverage and diversity.","Equalize total feedback across query clusters, not raw query counts.",1620,12.0,0.08262108262108261,0.2,0.567252701973102,0.5432098765432098,0.8844444444444444,0.6807241066206957,0.6350396825396826,0.9166666666666666,0.01048251934651423,0.013769841269841265,-0.01666666666666672,0.006172839506172839,0.05185185185185185,0.026568464953222393,0.661080288445508,0.812962962962963
