dataset,seed,config_id,direction,selector,selector_title,allocation,allocation_title,selector_hypothesis,allocation_hypothesis,budget_total,budget_mean,label_positive_rate_train,alpha,val_ndcg10,val_mrr10,val_recall100,test_ndcg10,test_mrr10,test_recall100,delta_base_ndcg10,delta_base_mrr10,delta_base_recall100,feedback_positive_rate,queries_with_positive_rate,mean_rank_percentile,semantic_diversity,unique_doc_fraction
cranfield,0,uniform__random,Uniform per-query budget + Random exploration,random,Random exploration,uniform,Uniform per-query budget,A random but reproducible sample is a strong unbiased control.,Give every query the same number of feedback calls.,816,12.0,0.08257918552036199,0.4,0.03756147473213398,0.06521739130434782,0.09945734146501409,0.0020522834902887655,0.0032258064516129032,0.0932283666154634,-0.0021917226102674435,-0.0032258064516129032,0.022370013499045757,0.006127450980392157,0.07352941176470588,0.06823238438250971,0.7691819501273772,0.7463235294117647
cranfield,0,uniform__top_base,Uniform per-query budget + Top current-retriever candidates,top_base,Top current-retriever candidates,uniform,Uniform per-query budget,Exploit the current retriever's highest-scoring documents.,Give every query the same number of feedback calls.,816,12.0,0.08597285067873303,0.0,0.02885158342353471,0.03260869565217391,0.1239039093898429,0.004244006100556209,0.0064516129032258064,0.07085835311641764,0.0,0.0,0.0,0.00980392156862745,0.04411764705882353,0.004324692210146025,0.526463657946271,0.7512254901960784
cranfield,0,uniform__uniform_rank,Uniform per-query budget + Uniform rank coverage,uniform_rank,Uniform rank coverage,uniform,Uniform per-query budget,Spread labels across the whole candidate ranking instead of only its head.,Give every query the same number of feedback calls.,816,12.0,0.08257918552036199,0.2,0.034749495311902,0.03695652173913044,0.11532489249880554,0.004244006100556209,0.0064516129032258064,0.0643520458036587,0.0,0.0,-0.006506307312758933,0.006127450980392157,0.04411764705882353,0.028613750695013533,0.6994534336468753,0.7328431372549019
cranfield,0,uniform__head_tail,Uniform per-query budget + Head–tail mixture,head_tail,Head–tail mixture,uniform,Uniform per-query budget,Label both likely positives/hard negatives and clear negatives.,Give every query the same number of feedback calls.,816,12.0,0.083710407239819,0.2,0.035810311959240414,0.03985507246376811,0.12602348631760393,0.0047206990289343905,0.008602150537634409,0.07449262207326723,0.00047669292837818154,0.002150537634408602,0.0036342689568495956,0.007352941176470588,0.04411764705882353,0.1247573515363768,0.7155565049718408,0.7242647058823529
cranfield,0,uniform__top_bm25,Uniform per-query budget + Lexical-first selection,top_bm25,Lexical-first selection,uniform,Uniform per-query budget,Spend feedback on BM25's strongest candidates.,Give every query the same number of feedback calls.,816,12.0,0.08484162895927602,0.0,0.02885158342353471,0.03260869565217391,0.1239039093898429,0.004244006100556209,0.0064516129032258064,0.07085835311641764,0.0,0.0,0.0,0.00857843137254902,0.029411764705882353,0.00699466518035122,0.5942876792567617,0.7475490196078431
cranfield,0,uniform__top_lsa,Uniform per-query budget + Semantic-first selection,top_lsa,Semantic-first selection,uniform,Uniform per-query budget,Spend feedback on latent-semantic candidates.,Give every query the same number of feedback calls.,816,12.0,0.08823529411764706,0.2,0.032129843586196125,0.03260869565217391,0.1234659415605707,0.0,0.0,0.08814993250477121,-0.004244006100556209,-0.0064516129032258064,0.017291579388353573,0.012254901960784314,0.04411764705882353,0.013253512700983123,0.4024671709493679,0.7536764705882353
cranfield,0,uniform__top_char,Uniform per-query budget + Character-robust selection,top_char,Character-robust selection,uniform,Uniform per-query budget,Favor candidates supported by character-level similarity.,Give every query the same number of feedback calls.,816,12.0,0.08597285067873303,0.4,0.035754211442671206,0.05797101449275362,0.10252038385030711,0.0,0.0,0.06661546338965693,-0.004244006100556209,-0.0064516129032258064,-0.004242889726760707,0.00980392156862745,0.029411764705882353,0.012177814090368794,0.5868458776351284,0.7230392156862745
cranfield,0,uniform__top_title,Uniform per-query budget + Title-focused selection,top_title,Title-focused selection,uniform,Uniform per-query budget,Favor concise title evidence before full-document evidence.,Give every query the same number of feedback calls.,816,12.0,0.08484162895927602,0.2,0.03410845145011917,0.03260869565217391,0.1176927292656193,0.00448568321002502,0.005376344086021505,0.05774915049108597,0.0002416771094688108,-0.0010752688172043015,-0.013109202625331669,0.00857843137254902,0.04411764705882353,0.012987216167590198,0.6225879684309749,0.7316176470588235
cranfield,0,uniform__rrf_consensus,Uniform per-query budget + Multi-retriever consensus,rrf_consensus,Multi-retriever consensus,uniform,Uniform per-query budget,Reward candidates jointly supported by several retrievers.,Give every query the same number of feedback calls.,816,12.0,0.08710407239819004,0.0,0.02885158342353471,0.03260869565217391,0.1239039093898429,0.004244006100556209,0.0064516129032258064,0.07085835311641764,0.0,0.0,0.0,0.011029411764705883,0.04411764705882353,0.004919478268015618,0.5236525073209229,0.7512254901960784
cranfield,0,uniform__retriever_disagreement,Uniform per-query budget + Retriever disagreement,retriever_disagreement,Retriever disagreement,uniform,Uniform per-query budget,"Label pairs on which lexical, character and semantic retrievers disagree.",Give every query the same number of feedback calls.,816,12.0,0.08710407239819004,0.4,0.0339211216355739,0.043478260869565216,0.07466297555811623,0.007023498467965368,0.012096774193548387,0.07734254992319509,0.0027794923674091592,0.00564516129032258,0.006484196806777448,0.011029411764705883,0.058823529411764705,0.041680679674826415,0.5510702365461517,0.7242647058823529
cranfield,0,uniform__uncertainty,Uniform per-query budget + Current-model uncertainty,uncertainty,Current-model uncertainty,uniform,Uniform per-query budget,Label candidates nearest the current model's decision boundary.,Give every query the same number of feedback calls.,816,12.0,0.07918552036199095,0.2,0.03444037797951196,0.03695652173913044,0.13045351920032228,0.004649022026465829,0.00819252432155658,0.05588139459107201,0.0004050159259096197,0.0017409114183307732,-0.014976958525345627,0.0024509803921568627,0.029411764705882353,0.12010417133569717,0.819127248490558,0.7487745098039216
cranfield,0,uniform__committee,Uniform per-query budget + Bootstrap committee disagreement,committee,Bootstrap committee disagreement,uniform,Uniform per-query budget,Use epistemic disagreement across cheap student replicas.,Give every query the same number of feedback calls.,816,12.0,0.07918552036199095,0.2,0.03522910986297719,0.03881987577639751,0.10028409357053858,0.004431439446937679,0.007258064516129033,0.10011869850579527,0.00018743334638147025,0.0008064516129032261,0.029260345389377634,0.0024509803921568627,0.029411764705882353,0.09474466931001813,0.7768543853479273,0.6360294117647058
cranfield,0,uniform__false_positive,Uniform per-query budget + Likely false-positive hunting,false_positive,Likely false-positive hunting,uniform,Uniform per-query budget,Inspect high-ranked candidates the current model distrusts.,Give every query the same number of feedback calls.,816,12.0,0.083710407239819,0.2,0.029144837713227994,0.03260869565217391,0.12401398686564925,0.0,0.0,0.06746497230368197,-0.004244006100556209,-0.0064516129032258064,-0.003393380812735672,0.007352941176470588,0.029411764705882353,0.00469435247428277,0.5184101258568904,0.7622549019607843
cranfield,0,uniform__false_negative,Uniform per-query budget + Likely false-negative hunting,false_negative,Likely false-negative hunting,uniform,Uniform per-query budget,Inspect low-ranked candidates the current model considers promising.,Give every query the same number of feedback calls.,816,12.0,0.07918552036199095,0.2,0.03432588079449294,0.03695652173913044,0.12501873659162663,0.004431439446937679,0.007258064516129033,0.06331750686589396,0.00018743334638147025,0.0008064516129032261,-0.007540846250523675,0.0024509803921568627,0.029411764705882353,0.20989256848891577,0.8126011911560508,0.7267156862745098
cranfield,0,uniform__coverage,Uniform per-query budget + Query-term coverage,coverage,Query-term coverage,uniform,Uniform per-query budget,Prefer documents covering more of the query's content.,Give every query the same number of feedback calls.,816,12.0,0.08597285067873303,0.0,0.02885158342353471,0.03260869565217391,0.1239039093898429,0.004244006100556209,0.0064516129032258064,0.07085835311641764,0.0,0.0,0.0,0.00980392156862745,0.07352941176470588,0.010594925897962907,0.5903548469000003,0.7107843137254902
cranfield,0,uniform__rank_strata,Uniform per-query budget + Rank-stratified sampling,rank_strata,Rank-stratified sampling,uniform,Uniform per-query budget,Guarantee supervision from each rank band.,Give every query the same number of feedback calls.,816,12.0,0.08257918552036199,0.2,0.03199342148364895,0.05434782608695652,0.1125776397515528,0.0,0.0,0.044360657263883066,-0.004244006100556209,-0.0064516129032258064,-0.026497695852534572,0.006127450980392157,0.04411764705882353,0.03055929217268439,0.7415094660485492,0.7046568627450981
cranfield,0,uniform__mmr_relevance,Uniform per-query budget + Relevance–diversity MMR,mmr_relevance,Relevance–diversity MMR,uniform,Uniform per-query budget,Balance likely relevance with non-redundant documents.,Give every query the same number of feedback calls.,816,12.0,0.07918552036199095,0.0,0.02885158342353471,0.03260869565217391,0.1239039093898429,0.004244006100556209,0.0064516129032258064,0.07085835311641764,0.0,0.0,0.0,0.0024509803921568627,0.014705882352941176,0.018156349951145696,0.7563630079521853,0.7340686274509803
cranfield,0,uniform__mmr_uncertainty,Uniform per-query budget + Uncertainty–diversity MMR,mmr_uncertainty,Uncertainty–diversity MMR,uniform,Uniform per-query budget,Cover multiple uncertain semantic regions.,Give every query the same number of feedback calls.,816,12.0,0.08031674208144797,0.6,0.03539095340585217,0.03985507246376811,0.15394834633965068,0.004920867234314513,0.009408602150537633,0.039850114043662434,0.0006768611337583039,0.0029569892473118265,-0.031008239072755205,0.003676470588235294,0.04411764705882353,0.11204869658047077,0.8879882018355763,0.7267156862745098
cranfield,0,uniform__farthest_first,Uniform per-query budget + Semantic k-center coverage,farthest_first,Semantic k-center coverage,uniform,Uniform per-query budget,Cover the candidate manifold with farthest-first traversal.,Give every query the same number of feedback calls.,816,12.0,0.08031674208144797,0.4,0.037782083787739694,0.06304347826086956,0.15227220208038622,0.005462138696698522,0.011827956989247313,0.05252292510357027,0.0012181325961423128,0.005376344086021507,-0.01833542801284737,0.003676470588235294,0.029411764705882353,0.08931537140526023,0.9103801513419432,0.6936274509803921
cranfield,0,uniform__cluster_representatives,Uniform per-query budget + Candidate-cluster representatives,cluster_representatives,Candidate-cluster representatives,uniform,Uniform per-query budget,Take representative documents from multiple semantic clusters.,Give every query the same number of feedback calls.,816,12.0,0.08144796380090498,0.2,0.03457850834831144,0.03695652173913044,0.12401398686564925,0.002191722610267444,0.0032258064516129032,0.08575734301540754,-0.002052283490288765,-0.0032258064516129032,0.014898989898989898,0.004901960784313725,0.029411764705882353,0.050726883040339336,0.7597617989077288,0.6605392156862745
cranfield,0,uniform__center_outlier_mix,Uniform per-query budget + Typical–outlier mixture,center_outlier_mix,Typical–outlier mixture,uniform,Uniform per-query budget,Label both dense-region representatives and unusual candidates.,Give every query the same number of feedback calls.,816,12.0,0.08710407239819004,0.4,0.03746787239475057,0.043478260869565216,0.10322105430801083,0.0,0.0,0.06867639528929852,-0.004244006100556209,-0.0064516129032258064,-0.0021819578271191215,0.011029411764705883,0.04411764705882353,0.06873344228255983,0.7627189422354979,0.6397058823529411
cranfield,0,uniform__hard_negative,Uniform per-query budget + Hard-negative proxy,hard_negative,Hard-negative proxy,uniform,Uniform per-query budget,Prioritize high retrieval score but low relevance probability.,Give every query the same number of feedback calls.,816,12.0,0.08484162895927602,0.0,0.02885158342353471,0.03260869565217391,0.1239039093898429,0.004244006100556209,0.0064516129032258064,0.07085835311641764,0.0,0.0,0.0,0.00857843137254902,0.04411764705882353,0.004476234901185129,0.5220185932429398,0.7573529411764706
cranfield,0,uniform__leverage,Uniform per-query budget + Feature-space leverage,leverage,Feature-space leverage,uniform,Uniform per-query budget,Select statistically influential examples in the student feature space.,Give every query the same number of feedback calls.,816,12.0,0.08257918552036199,0.2,0.0359484423280399,0.03985507246376811,0.12501873659162663,0.005028996076216182,0.01003584229390681,0.08326234697202439,0.0007849899756599728,0.0035842293906810036,0.012403993855606754,0.006127450980392157,0.029411764705882353,0.11177101066591692,0.7763869990320766,0.6887254901960784
cranfield,0,uniform__d_optimal,Uniform per-query budget + D-optimal experimental design,d_optimal,D-optimal experimental design,uniform,Uniform per-query budget,Choose a set that maximizes feature-space information volume.,Give every query the same number of feedback calls.,816,12.0,0.08597285067873303,0.4,0.03912208062555268,0.07971014492753623,0.08787227265488134,0.008071605275666917,0.016935483870967744,0.10338057999348321,0.003827599175110708,0.010483870967741938,0.032522226877065574,0.00980392156862745,0.04411764705882353,0.09049968976600498,0.7593219832462423,0.6862745098039216
cranfield,0,uniform__portfolio,Uniform per-query budget + Diversified policy portfolio,portfolio,Diversified policy portfolio,uniform,Uniform per-query budget,"Hedge across exploitation, uncertainty, disagreement, coverage and diversity.",Give every query the same number of feedback calls.,816,12.0,0.08257918552036199,0.4,0.043452517141615854,0.07246376811594202,0.09319697778777063,0.002191722610267444,0.0032258064516129032,0.05517153097798259,-0.002052283490288765,-0.0032258064516129032,-0.01568682213843505,0.006127450980392157,0.029411764705882353,0.06016377155102935,0.7335370787802864,0.7365196078431373
cranfield,0,difficulty__random,Difficulty-adaptive budget + Random exploration,random,Random exploration,difficulty,Difficulty-adaptive budget,A random but reproducible sample is a strong unbiased control.,Allocate more labels to low-confidence/high-entropy queries.,816,12.0,0.08257918552036199,0.4,0.03756147473213398,0.06521739130434782,0.09140412017649868,0.002137233014657711,0.0035842293906810036,0.08919610855094726,-0.002106773085898498,-0.002867383512544803,0.018337755434529618,0.006127450980392157,0.07352941176470588,0.07045999096304763,0.7657116292154088,0.7352941176470589
cranfield,0,difficulty__top_base,Difficulty-adaptive budget + Top current-retriever candidates,top_base,Top current-retriever candidates,difficulty,Difficulty-adaptive budget,Exploit the current retriever's highest-scoring documents.,Allocate more labels to low-confidence/high-entropy queries.,816,12.0,0.08484162895927602,0.2,0.034749495311902,0.03695652173913044,0.1265715316226825,0.0,0.0,0.06466159288739932,-0.004244006100556209,-0.0064516129032258064,-0.006196760229018314,0.00857843137254902,0.04411764705882353,0.00423183774246889,0.5306157558499014,0.7708333333333334
cranfield,0,difficulty__uniform_rank,Difficulty-adaptive budget + Uniform rank coverage,uniform_rank,Uniform rank coverage,difficulty,Difficulty-adaptive budget,Spread labels across the whole candidate ranking instead of only its head.,Allocate more labels to low-confidence/high-entropy queries.,816,12.0,0.08144796380090498,0.2,0.034749495311902,0.03695652173913044,0.11170170409300845,0.004328955624925155,0.006810035842293906,0.06441604989992086,8.49495243689458e-05,0.0003584229390680999,-0.006442303216496775,0.004901960784313725,0.058823529411764705,0.02999604025892183,0.6961416501332732,0.741421568627451
cranfield,0,difficulty__head_tail,Difficulty-adaptive budget + Head–tail mixture,head_tail,Head–tail mixture,difficulty,Difficulty-adaptive budget,Label both likely positives/hard negatives and clear negatives.,Allocate more labels to low-confidence/high-entropy queries.,816,12.0,0.08257918552036199,0.2,0.032929693548180025,0.03985507246376811,0.1234659415605707,0.0047206990289343905,0.008602150537634409,0.07314853605176186,0.00047669292837818154,0.002150537634408602,0.0022901829353442205,0.006127450980392157,0.04411764705882353,0.13400415287298315,0.7137302467051674,0.7291666666666666
cranfield,0,difficulty__top_bm25,Difficulty-adaptive budget + Lexical-first selection,top_bm25,Lexical-first selection,difficulty,Difficulty-adaptive budget,Spend feedback on BM25's strongest candidates.,Allocate more labels to low-confidence/high-entropy queries.,816,12.0,0.08484162895927602,0.0,0.02885158342353471,0.03260869565217391,0.1239039093898429,0.004244006100556209,0.0064516129032258064,0.07085835311641764,0.0,0.0,0.0,0.00857843137254902,0.04411764705882353,0.006828229728282667,0.5985683362711879,0.7573529411764706
cranfield,0,difficulty__top_lsa,Difficulty-adaptive budget + Semantic-first selection,top_lsa,Semantic-first selection,difficulty,Difficulty-adaptive budget,Spend feedback on latent-semantic candidates.,Allocate more labels to low-confidence/high-entropy queries.,816,12.0,0.08597285067873303,0.4,0.03298047539223091,0.057004830917874394,0.0845465276411568,0.0025289764186669467,0.005376344086021505,0.09550807615323745,-0.0017150296818892624,-0.0010752688172043015,0.02464972303681981,0.00980392156862745,0.04411764705882353,0.014660330087530846,0.40621816432651353,0.7720588235294118
cranfield,0,difficulty__top_char,Difficulty-adaptive budget + Character-robust selection,top_char,Character-robust selection,difficulty,Difficulty-adaptive budget,Favor candidates supported by character-level similarity.,Allocate more labels to low-confidence/high-entropy queries.,816,12.0,0.08710407239819004,0.4,0.038256081044931015,0.047273982056590745,0.08405937625886475,0.0,0.0,0.07761253083833727,-0.004244006100556209,-0.0064516129032258064,0.006754177721919635,0.011029411764705883,0.04411764705882353,0.01212963578747768,0.5865860557293191,0.7303921568627451
cranfield,0,difficulty__top_title,Difficulty-adaptive budget + Title-focused selection,top_title,Title-focused selection,difficulty,Difficulty-adaptive budget,Favor concise title evidence before full-document evidence.,Allocate more labels to low-confidence/high-entropy queries.,816,12.0,0.08144796380090498,0.2,0.03410845145011917,0.03260869565217391,0.11070515162586775,0.00448568321002502,0.005376344086021505,0.05774915049108597,0.0002416771094688108,-0.0010752688172043015,-0.013109202625331669,0.004901960784313725,0.04411764705882353,0.013716903679511127,0.6291985865682364,0.7487745098039216
cranfield,0,difficulty__rrf_consensus,Difficulty-adaptive budget + Multi-retriever consensus,rrf_consensus,Multi-retriever consensus,difficulty,Difficulty-adaptive budget,Reward candidates jointly supported by several retrievers.,Allocate more labels to low-confidence/high-entropy queries.,816,12.0,0.08597285067873303,0.4,0.03748067477339361,0.06521739130434782,0.04360707493699821,0.0075226093817987024,0.013978494623655914,0.08304007820136852,0.0032786032812424934,0.007526881720430108,0.012181725084950884,0.00980392156862745,0.04411764705882353,0.004829252686570673,0.5251880888553226,0.7622549019607843
cranfield,0,difficulty__retriever_disagreement,Difficulty-adaptive budget + Retriever disagreement,retriever_disagreement,Retriever disagreement,difficulty,Difficulty-adaptive budget,"Label pairs on which lexical, character and semantic retrievers disagree.",Allocate more labels to low-confidence/high-entropy queries.,816,12.0,0.083710407239819,0.2,0.03552236415267048,0.03881987577639751,0.12297879017827866,0.004419676908886118,0.007168458781362007,0.07150886747660941,0.00017567080832990925,0.0007168458781362007,0.0006505143601917701,0.007352941176470588,0.04411764705882353,0.04360081898231132,0.5561393543201334,0.7377450980392157
cranfield,0,difficulty__uncertainty,Difficulty-adaptive budget + Current-model uncertainty,uncertainty,Current-model uncertainty,difficulty,Difficulty-adaptive budget,Label candidates nearest the current model's decision boundary.,Allocate more labels to low-confidence/high-entropy queries.,816,12.0,0.07805429864253394,0.2,0.03432588079449294,0.03695652173913044,0.12602348631760393,0.004649022026465829,0.00819252432155658,0.046536796536796536,0.0004050159259096197,0.0017409114183307732,-0.024321556579621102,0.0012254901960784314,0.014705882352941176,0.12155128336128067,0.8172129857189515,0.7340686274509803
cranfield,0,difficulty__committee,Difficulty-adaptive budget + Bootstrap committee disagreement,committee,Bootstrap committee disagreement,difficulty,Difficulty-adaptive budget,Use epistemic disagreement across cheap student replicas.,Allocate more labels to low-confidence/high-entropy queries.,816,12.0,0.07805429864253394,0.6,0.03493206162535329,0.05331262939958593,0.09389257375190878,0.004631607652317802,0.008064516129032258,0.04146185355862775,0.0003876015517615926,0.0016129032258064514,-0.02939649955778989,0.0012254901960784314,0.014705882352941176,0.09492774819042168,0.7801471904796713,0.6348039215686274
cranfield,0,difficulty__false_positive,Difficulty-adaptive budget + Likely false-positive hunting,false_positive,Likely false-positive hunting,difficulty,Difficulty-adaptive budget,Inspect high-ranked candidates the current model distrusts.,Allocate more labels to low-confidence/high-entropy queries.,816,12.0,0.083710407239819,0.2,0.035042749601595286,0.03695652173913044,0.12501873659162663,0.0,0.0,0.07341735325606294,-0.004244006100556209,-0.0064516129032258064,0.002559000139645301,0.007352941176470588,0.029411764705882353,0.004560328070439545,0.5185686825391125,0.7647058823529411
cranfield,0,difficulty__false_negative,Difficulty-adaptive budget + Likely false-negative hunting,false_negative,Likely false-negative hunting,difficulty,Difficulty-adaptive budget,Inspect low-ranked candidates the current model considers promising.,Allocate more labels to low-confidence/high-entropy queries.,816,12.0,0.07805429864253394,0.2,0.03432588079449294,0.03695652173913044,0.12501873659162663,0.004431439446937679,0.007258064516129033,0.06331750686589396,0.00018743334638147025,0.0008064516129032261,-0.007540846250523675,0.0012254901960784314,0.014705882352941176,0.21768174590725525,0.8146424652899013,0.7095588235294118
cranfield,0,difficulty__coverage,Difficulty-adaptive budget + Query-term coverage,coverage,Query-term coverage,difficulty,Difficulty-adaptive budget,Prefer documents covering more of the query's content.,Allocate more labels to low-confidence/high-entropy queries.,816,12.0,0.083710407239819,0.0,0.02885158342353471,0.03260869565217391,0.1239039093898429,0.004244006100556209,0.0064516129032258064,0.07085835311641764,0.0,0.0,0.0,0.007352941176470588,0.058823529411764705,0.010742089546778622,0.5883446377428139,0.7230392156862745
cranfield,0,difficulty__rank_strata,Difficulty-adaptive budget + Rank-stratified sampling,rank_strata,Rank-stratified sampling,difficulty,Difficulty-adaptive budget,Guarantee supervision from each rank band.,Allocate more labels to low-confidence/high-entropy queries.,816,12.0,0.08144796380090498,0.2,0.03789133337201624,0.058695652173913045,0.10559006211180125,0.0,0.0,0.04877693990597216,-0.004244006100556209,-0.0064516129032258064,-0.02208141321044548,0.004901960784313725,0.04411764705882353,0.03183383721054769,0.7368315278607256,0.7034313725490197
cranfield,0,difficulty__mmr_relevance,Difficulty-adaptive budget + Relevance–diversity MMR,mmr_relevance,Relevance–diversity MMR,difficulty,Difficulty-adaptive budget,Balance likely relevance with non-redundant documents.,Allocate more labels to low-confidence/high-entropy queries.,816,12.0,0.08031674208144797,0.2,0.034749495311902,0.03695652173913044,0.10737120935330653,0.0022824438942284074,0.0035842293906810036,0.058916352464739564,-0.0019615622063278017,-0.002867383512544803,-0.011942000651678074,0.003676470588235294,0.029411764705882353,0.017643904057787915,0.7508670310763752,0.741421568627451
cranfield,0,difficulty__mmr_uncertainty,Difficulty-adaptive budget + Uncertainty–diversity MMR,mmr_uncertainty,Uncertainty–diversity MMR,difficulty,Difficulty-adaptive budget,Cover multiple uncertain semantic regions.,Allocate more labels to low-confidence/high-entropy queries.,816,12.0,0.08031674208144797,0.6,0.03527645622083315,0.03985507246376811,0.10479375696767003,0.004920867234314513,0.009408602150537633,0.05463506028022157,0.0006768611337583039,0.0029569892473118265,-0.01622329283619607,0.003676470588235294,0.04411764705882353,0.11215906962752342,0.8868453450062695,0.7352941176470589
cranfield,0,difficulty__farthest_first,Difficulty-adaptive budget + Semantic k-center coverage,farthest_first,Semantic k-center coverage,difficulty,Difficulty-adaptive budget,Cover the candidate manifold with farthest-first traversal.,Allocate more labels to low-confidence/high-entropy queries.,816,12.0,0.07918552036199095,0.4,0.037782083787739694,0.06304347826086956,0.11710596167117907,0.006011991156578103,0.014516129032258065,0.044458408974538004,0.0017679850560218943,0.008064516129032258,-0.026399944141879635,0.0024509803921568627,0.029411764705882353,0.09121799059942656,0.9108081468764473,0.6936274509803921
cranfield,0,difficulty__cluster_representatives,Difficulty-adaptive budget + Candidate-cluster representatives,cluster_representatives,Candidate-cluster representatives,difficulty,Difficulty-adaptive budget,Take representative documents from multiple semantic clusters.,Allocate more labels to low-confidence/high-entropy queries.,816,12.0,0.07918552036199095,0.2,0.03444037797951196,0.03695652173913044,0.12246119183459336,0.002191722610267444,0.0032258064516129032,0.08282479169575943,-0.002052283490288765,-0.0032258064516129032,0.011966438579341793,0.0024509803921568627,0.029411764705882353,0.05227210445731294,0.761868442682659,0.6593137254901961
cranfield,0,difficulty__center_outlier_mix,Difficulty-adaptive budget + Typical–outlier mixture,center_outlier_mix,Typical–outlier mixture,difficulty,Difficulty-adaptive budget,Label both dense-region representatives and unusual candidates.,Allocate more labels to low-confidence/high-entropy queries.,816,12.0,0.08484162895927602,0.4,0.03832481897303373,0.04710144927536231,0.08403946863026147,0.0027465521819877744,0.0064516129032258064,0.05830773169482847,-0.0014974539185684346,0.0,-0.012550621421589171,0.00857843137254902,0.058823529411764705,0.07167584485575265,0.7686828585232005,0.6433823529411765
cranfield,0,difficulty__hard_negative,Difficulty-adaptive budget + Hard-negative proxy,hard_negative,Hard-negative proxy,difficulty,Difficulty-adaptive budget,Prioritize high retrieval score but low relevance probability.,Allocate more labels to low-confidence/high-entropy queries.,816,12.0,0.08484162895927602,0.2,0.034749495311902,0.03695652173913044,0.12501873659162663,0.0,0.0,0.061077363496718336,-0.004244006100556209,-0.0064516129032258064,-0.009780989619699303,0.00857843137254902,0.04411764705882353,0.004364109579838959,0.524299054461367,0.7683823529411765
cranfield,0,difficulty__leverage,Difficulty-adaptive budget + Feature-space leverage,leverage,Feature-space leverage,difficulty,Difficulty-adaptive budget,Select statistically influential examples in the student feature space.,Allocate more labels to low-confidence/high-entropy queries.,816,12.0,0.08144796380090498,0.2,0.035810311959240414,0.03985507246376811,0.1234659415605707,0.0053401330674397235,0.011648745519713262,0.08326234697202439,0.0010961269668835144,0.005197132616487456,0.012403993855606754,0.004901960784313725,0.029411764705882353,0.11643470648457022,0.7777454239480636,0.7095588235294118
cranfield,0,difficulty__d_optimal,Difficulty-adaptive budget + D-optimal experimental design,d_optimal,D-optimal experimental design,difficulty,Difficulty-adaptive budget,Choose a set that maximizes feature-space information volume.,Allocate more labels to low-confidence/high-entropy queries.,816,12.0,0.08257918552036199,0.4,0.03890319597862593,0.07971014492753623,0.08424908424908424,0.0079747273584616,0.016436251920122887,0.09360075408462505,0.003730721257905391,0.009984639016897081,0.022742400968207413,0.006127450980392157,0.04411764705882353,0.09287095661549007,0.7603009273024166,0.6911764705882353
cranfield,0,difficulty__portfolio,Difficulty-adaptive budget + Diversified policy portfolio,portfolio,Diversified policy portfolio,difficulty,Difficulty-adaptive budget,"Hedge across exploitation, uncertainty, disagreement, coverage and diversity.",Allocate more labels to low-confidence/high-entropy queries.,816,12.0,0.08257918552036199,0.4,0.03544420056197334,0.04710144927536231,0.09009138772565882,0.0047206990289343905,0.008602150537634409,0.04979518689196108,0.00047669292837818154,0.002150537634408602,-0.02106316622445656,0.006127450980392157,0.04411764705882353,0.060098073134819664,0.7342963516712189,0.741421568627451
cranfield,0,disagreement__random,Disagreement-adaptive budget + Random exploration,random,Random exploration,disagreement,Disagreement-adaptive budget,A random but reproducible sample is a strong unbiased control.,Allocate more labels where retrievers and model replicas disagree.,816,12.0,0.08031674208144797,0.4,0.037980833285522236,0.06521739130434782,0.08985132514544278,0.004431439446937679,0.007258064516129033,0.0878520225294419,0.00018743334638147025,0.0008064516129032261,0.016993669413024257,0.003676470588235294,0.04411764705882353,0.0709347699348833,0.7660299644750708,0.7352941176470589
cranfield,0,disagreement__top_base,Disagreement-adaptive budget + Top current-retriever candidates,top_base,Top current-retriever candidates,disagreement,Disagreement-adaptive budget,Exploit the current retriever's highest-scoring documents.,Allocate more labels where retrievers and model replicas disagree.,816,12.0,0.08484162895927602,0.2,0.034749495311902,0.03695652173913044,0.1265715316226825,0.0,0.0,0.06331750686589396,-0.004244006100556209,-0.0064516129032258064,-0.007540846250523675,0.00857843137254902,0.04411764705882353,0.004286148311460719,0.5230801213970956,0.7659313725490197
cranfield,0,disagreement__uniform_rank,Disagreement-adaptive budget + Uniform rank coverage,uniform_rank,Uniform rank coverage,disagreement,Disagreement-adaptive budget,Spread labels across the whole candidate ranking instead of only its head.,Allocate more labels where retrievers and model replicas disagree.,816,12.0,0.08144796380090498,0.2,0.034749495311902,0.03695652173913044,0.11687768752986145,0.0020522834902887655,0.0032258064516129032,0.0672845971233068,-0.0021917226102674435,-0.0032258064516129032,-0.0035737559931108415,0.004901960784313725,0.058823529411764705,0.032513595021822876,0.6898370372021899,0.7475490196078431
cranfield,0,disagreement__head_tail,Disagreement-adaptive budget + Head–tail mixture,head_tail,Head–tail mixture,disagreement,Disagreement-adaptive budget,Label both likely positives/hard negatives and clear negatives.,Allocate more labels where retrievers and model replicas disagree.,816,12.0,0.08257918552036199,0.4,0.0397120468713653,0.07971014492753623,0.0895328030877903,0.009183833153781048,0.02258064516129032,0.09706861239119302,0.0049398270532248385,0.016129032258064516,0.026210259274775383,0.006127450980392157,0.04411764705882353,0.13463047585066626,0.7143939891282249,0.7303921568627451
cranfield,0,disagreement__top_bm25,Disagreement-adaptive budget + Lexical-first selection,top_bm25,Lexical-first selection,disagreement,Disagreement-adaptive budget,Spend feedback on BM25's strongest candidates.,Allocate more labels where retrievers and model replicas disagree.,816,12.0,0.083710407239819,0.0,0.02885158342353471,0.03260869565217391,0.1239039093898429,0.004244006100556209,0.0064516129032258064,0.07085835311641764,0.0,0.0,0.0,0.007352941176470588,0.029411764705882353,0.006897432108720143,0.5865133959142601,0.7389705882352942
cranfield,0,disagreement__top_lsa,Disagreement-adaptive budget + Semantic-first selection,top_lsa,Semantic-first selection,disagreement,Disagreement-adaptive budget,Spend feedback on latent-semantic candidates.,Allocate more labels where retrievers and model replicas disagree.,816,12.0,0.08597285067873303,0.4,0.031227721633212528,0.05555555555555556,0.0881697160469539,0.004419676908886118,0.007168458781362007,0.09257552483358936,0.00017567080832990925,0.0007168458781362007,0.021717171717171718,0.00980392156862745,0.04411764705882353,0.015902463638899373,0.40213978422038693,0.7671568627450981
cranfield,0,disagreement__top_char,Disagreement-adaptive budget + Character-robust selection,top_char,Character-robust selection,disagreement,Disagreement-adaptive budget,Favor candidates supported by character-level similarity.,Allocate more labels where retrievers and model replicas disagree.,816,12.0,0.08484162895927602,0.4,0.04569764630521228,0.07106625258799172,0.08802763022711871,0.0,0.0,0.06954801470930504,-0.004244006100556209,-0.0064516129032258064,-0.0013103384071126017,0.00857843137254902,0.029411764705882353,0.013844796547702714,0.5787511426298058,0.7156862745098039
cranfield,0,disagreement__top_title,Disagreement-adaptive budget + Title-focused selection,top_title,Title-focused selection,disagreement,Disagreement-adaptive budget,Favor concise title evidence before full-document evidence.,Allocate more labels where retrievers and model replicas disagree.,816,12.0,0.08144796380090498,0.2,0.03368909289673092,0.03260869565217391,0.11070515162586775,0.00448568321002502,0.005376344086021505,0.05774915049108597,0.0002416771094688108,-0.0010752688172043015,-0.013109202625331669,0.004901960784313725,0.04411764705882353,0.013675732866806142,0.611436457866255,0.7328431372549019
cranfield,0,disagreement__rrf_consensus,Disagreement-adaptive budget + Multi-retriever consensus,rrf_consensus,Multi-retriever consensus,disagreement,Disagreement-adaptive budget,Reward candidates jointly supported by several retrievers.,Allocate more labels where retrievers and model replicas disagree.,816,12.0,0.08597285067873303,0.4,0.03748067477339361,0.06521739130434782,0.05155021874970724,0.005949422287046643,0.008602150537634409,0.08502420518549551,0.0017054161864904337,0.002150537634408602,0.014165852069077875,0.00980392156862745,0.04411764705882353,0.0048239968132738975,0.5185029210851473,0.7475490196078431
cranfield,0,disagreement__retriever_disagreement,Disagreement-adaptive budget + Retriever disagreement,retriever_disagreement,Retriever disagreement,disagreement,Disagreement-adaptive budget,"Label pairs on which lexical, character and semantic retrievers disagree.",Allocate more labels where retrievers and model replicas disagree.,816,12.0,0.08484162895927602,0.4,0.03405925200437338,0.043478260869565216,0.08915572918130463,0.007203311128542921,0.012992831541218637,0.0724142345110087,0.0029593050279867117,0.006541218637992831,0.0015558813945910632,0.00857843137254902,0.058823529411764705,0.04835386369742599,0.5517607462756774,0.7401960784313726
cranfield,0,disagreement__uncertainty,Disagreement-adaptive budget + Current-model uncertainty,uncertainty,Current-model uncertainty,disagreement,Disagreement-adaptive budget,Label candidates nearest the current model's decision boundary.,Allocate more labels where retrievers and model replicas disagree.,816,12.0,0.07918552036199095,0.2,0.03444037797951196,0.03695652173913044,0.12757628134865986,0.004649022026465829,0.00819252432155658,0.07508262346972025,0.0004050159259096197,0.0017409114183307732,0.004224270353302612,0.0024509803921568627,0.029411764705882353,0.12297036425740111,0.8175378573291442,0.7463235294117647
cranfield,0,disagreement__committee,Disagreement-adaptive budget + Bootstrap committee disagreement,committee,Bootstrap committee disagreement,disagreement,Disagreement-adaptive budget,Use epistemic disagreement across cheap student replicas.,Allocate more labels where retrievers and model replicas disagree.,816,12.0,0.07805429864253394,0.2,0.03522910986297719,0.03881987577639751,0.10028409357053858,0.004431439446937679,0.007258064516129033,0.09659963692221755,0.00018743334638147025,0.0008064516129032261,0.025741283805799917,0.0012254901960784314,0.014705882352941176,0.09767130477463498,0.7792575359344482,0.6360294117647058
cranfield,0,disagreement__false_positive,Disagreement-adaptive budget + Likely false-positive hunting,false_positive,Likely false-positive hunting,disagreement,Disagreement-adaptive budget,Inspect high-ranked candidates the current model distrusts.,Allocate more labels where retrievers and model replicas disagree.,816,12.0,0.083710407239819,0.2,0.034749495311902,0.03695652173913044,0.12501873659162663,0.0,0.0,0.06466159288739932,-0.004244006100556209,-0.0064516129032258064,-0.006196760229018314,0.007352941176470588,0.029411764705882353,0.004604127111972547,0.5111806295154726,0.7708333333333334
cranfield,0,disagreement__false_negative,Disagreement-adaptive budget + Likely false-negative hunting,false_negative,Likely false-negative hunting,disagreement,Disagreement-adaptive budget,Inspect low-ranked candidates the current model considers promising.,Allocate more labels where retrievers and model replicas disagree.,816,12.0,0.07918552036199095,0.2,0.03432588079449294,0.03695652173913044,0.12501873659162663,0.004431439446937679,0.007258064516129033,0.06792580179676955,0.00018743334638147025,0.0008064516129032261,-0.0029325513196480912,0.0024509803921568627,0.029411764705882353,0.21893001135949994,0.8102587040732888,0.7279411764705882
cranfield,0,disagreement__coverage,Disagreement-adaptive budget + Query-term coverage,coverage,Query-term coverage,disagreement,Disagreement-adaptive budget,Prefer documents covering more of the query's content.,Allocate more labels where retrievers and model replicas disagree.,816,12.0,0.083710407239819,1.0,0.03396846647985112,0.05434782608695652,0.15007705423306444,0.0023665781322374214,0.004608294930875576,0.057656053623795556,-0.0018774279683187877,-0.0018433179723502304,-0.013202299492622083,0.007352941176470588,0.058823529411764705,0.010776253161477107,0.586799830198288,0.7132352941176471
cranfield,0,disagreement__rank_strata,Disagreement-adaptive budget + Rank-stratified sampling,rank_strata,Rank-stratified sampling,disagreement,Disagreement-adaptive budget,Guarantee supervision from each rank band.,Allocate more labels where retrievers and model replicas disagree.,816,12.0,0.08144796380090498,0.2,0.04065745459805763,0.058695652173913045,0.1081476068688345,0.0,0.0,0.04743285388446679,-0.004244006100556209,-0.0064516129032258064,-0.02342549923195085,0.004901960784313725,0.04411764705882353,0.034008885423342385,0.7357846835956854,0.7046568627450981
cranfield,0,disagreement__mmr_relevance,Disagreement-adaptive budget + Relevance–diversity MMR,mmr_relevance,Relevance–diversity MMR,disagreement,Disagreement-adaptive budget,Balance likely relevance with non-redundant documents.,Allocate more labels where retrievers and model replicas disagree.,816,12.0,0.07918552036199095,0.2,0.03457850834831144,0.03695652173913044,0.10374802094750944,0.0022824438942284074,0.0035842293906810036,0.05062142158916352,-0.0019615622063278017,-0.002867383512544803,-0.020236931527254115,0.0024509803921568627,0.029411764705882353,0.016397390514612198,0.7501528118463123,0.7487745098039216
cranfield,0,disagreement__mmr_uncertainty,Disagreement-adaptive budget + Uncertainty–diversity MMR,mmr_uncertainty,Uncertainty–diversity MMR,disagreement,Disagreement-adaptive budget,Cover multiple uncertain semantic regions.,Allocate more labels where retrievers and model replicas disagree.,816,12.0,0.08031674208144797,0.6,0.03492424849460796,0.03881987577639751,0.14084912671869193,0.004920867234314513,0.009408602150537633,0.033398501140436625,0.0006768611337583039,0.0029569892473118265,-0.037459851975981014,0.003676470588235294,0.04411764705882353,0.11431922617496229,0.8866871122051688,0.7254901960784313
cranfield,0,disagreement__farthest_first,Disagreement-adaptive budget + Semantic k-center coverage,farthest_first,Semantic k-center coverage,disagreement,Disagreement-adaptive budget,Cover the candidate manifold with farthest-first traversal.,Allocate more labels where retrievers and model replicas disagree.,816,12.0,0.07805429864253394,0.4,0.03795307075133025,0.06304347826086956,0.11192997823432604,0.0056797144600193505,0.012903225806451613,0.060587441232602526,0.0014357083594631415,0.0064516129032258064,-0.010270911883815112,0.0012254901960784314,0.014705882352941176,0.09109272647137735,0.9095491214710123,0.6936274509803921
cranfield,0,disagreement__cluster_representatives,Disagreement-adaptive budget + Candidate-cluster representatives,cluster_representatives,Candidate-cluster representatives,disagreement,Disagreement-adaptive budget,Take representative documents from multiple semantic clusters.,Allocate more labels where retrievers and model replicas disagree.,816,12.0,0.07918552036199095,0.4,0.037379933055076614,0.06304347826086956,0.10331809423881035,0.0,0.0,0.08230926779313875,-0.004244006100556209,-0.0064516129032258064,0.011450914676721116,0.0024509803921568627,0.029411764705882353,0.05098792355434567,0.7638342406819848,0.6544117647058824
cranfield,0,disagreement__center_outlier_mix,Disagreement-adaptive budget + Typical–outlier mixture,center_outlier_mix,Typical–outlier mixture,disagreement,Disagreement-adaptive budget,Label both dense-region representatives and unusual candidates.,Allocate more labels where retrievers and model replicas disagree.,816,12.0,0.083710407239819,0.4,0.03832481897303373,0.04710144927536231,0.09158172745129267,0.003057689173211316,0.008064516129032258,0.06368407578084997,-0.001186316927344893,0.0016129032258064514,-0.007174277335567664,0.007352941176470588,0.04411764705882353,0.07340589677001916,0.76947501652381,0.6360294117647058
cranfield,0,disagreement__hard_negative,Disagreement-adaptive budget + Hard-negative proxy,hard_negative,Hard-negative proxy,disagreement,Disagreement-adaptive budget,Prioritize high retrieval score but low relevance probability.,Allocate more labels where retrievers and model replicas disagree.,816,12.0,0.08484162895927602,0.2,0.034749495311902,0.03695652173913044,0.1265715316226825,0.0,0.0,0.07111320579062513,-0.004244006100556209,-0.0064516129032258064,0.00025485267420749524,0.00857843137254902,0.029411764705882353,0.004462219263408698,0.5120679102838039,0.7732843137254902
cranfield,0,disagreement__leverage,Disagreement-adaptive budget + Feature-space leverage,leverage,Feature-space leverage,disagreement,Disagreement-adaptive budget,Select statistically influential examples in the student feature space.,Allocate more labels where retrievers and model replicas disagree.,816,12.0,0.08144796380090498,0.4,0.045599134940139806,0.10144927536231883,0.08757248718885548,0.009010400975468196,0.021812596006144394,0.07875180375180377,0.004766394874911987,0.015360983102918589,0.007893450635386129,0.004901960784313725,0.029411764705882353,0.1146205605245104,0.7783928084022859,0.7022058823529411
cranfield,0,disagreement__d_optimal,Disagreement-adaptive budget + D-optimal experimental design,d_optimal,D-optimal experimental design,disagreement,Disagreement-adaptive budget,Choose a set that maximizes feature-space information volume.,Allocate more labels where retrievers and model replicas disagree.,816,12.0,0.08257918552036199,0.4,0.03806883863331845,0.07971014492753623,0.08313425704730051,0.0079747273584616,0.016436251920122887,0.1110098682679328,0.003730721257905391,0.009984639016897081,0.04015151515151516,0.006127450980392157,0.04411764705882353,0.09333347163948358,0.759899724055739,0.6801470588235294
cranfield,0,disagreement__portfolio,Disagreement-adaptive budget + Diversified policy portfolio,portfolio,Diversified policy portfolio,disagreement,Disagreement-adaptive budget,"Hedge across exploitation, uncertainty, disagreement, coverage and diversity.",Allocate more labels where retrievers and model replicas disagree.,816,12.0,0.08144796380090498,0.4,0.03789673104350254,0.05434782608695652,0.09275900995849845,0.005028996076216182,0.01003584229390681,0.04621095750128008,0.0007849899756599728,0.0035842293906810036,-0.02464739561513756,0.004901960784313725,0.029411764705882353,0.062493867368674745,0.7331003967453452,0.7438725490196079
cranfield,0,topic_balanced__random,Topic-balanced budget + Random exploration,random,Random exploration,topic_balanced,Topic-balanced budget,A random but reproducible sample is a strong unbiased control.,"Equalize total feedback across query clusters, not raw query counts.",816,12.0,0.08144796380090498,0.4,0.03756147473213398,0.06521739130434782,0.1212416739270959,0.0022824438942284074,0.0035842293906810036,0.10993343573988736,-0.0019615622063278017,-0.002867383512544803,0.03907508262346972,0.004901960784313725,0.058823529411764705,0.06815705010119606,0.7668249309062958,0.7389705882352942
cranfield,0,topic_balanced__top_base,Topic-balanced budget + Top current-retriever candidates,top_base,Top current-retriever candidates,topic_balanced,Topic-balanced budget,Exploit the current retriever's highest-scoring documents.,"Equalize total feedback across query clusters, not raw query counts.",816,12.0,0.08484162895927602,0.0,0.02885158342353471,0.03260869565217391,0.1239039093898429,0.004244006100556209,0.0064516129032258064,0.07085835311641764,0.0,0.0,0.0,0.00857843137254902,0.04411764705882353,0.004442947533200769,0.5232835394494674,0.7475490196078431
cranfield,0,topic_balanced__uniform_rank,Topic-balanced budget + Uniform rank coverage,uniform_rank,Uniform rank coverage,topic_balanced,Topic-balanced budget,Spread labels across the whole candidate ranking instead of only its head.,"Equalize total feedback across query clusters, not raw query counts.",816,12.0,0.08257918552036199,0.2,0.034749495311902,0.03695652173913044,0.1192068800764453,0.004244006100556209,0.0064516129032258064,0.0643520458036587,0.0,0.0,-0.006506307312758933,0.006127450980392157,0.07352941176470588,0.027551191694596234,0.6985197181210798,0.7450980392156863
cranfield,0,topic_balanced__head_tail,Topic-balanced budget + Head–tail mixture,head_tail,Head–tail mixture,topic_balanced,Topic-balanced budget,Label both likely positives/hard negatives and clear negatives.,"Equalize total feedback across query clusters, not raw query counts.",816,12.0,0.08257918552036199,0.2,0.035810311959240414,0.03985507246376811,0.12602348631760393,0.005028996076216182,0.01003584229390681,0.07449262207326723,0.0007849899756599728,0.0035842293906810036,0.0036342689568495956,0.006127450980392157,0.04411764705882353,0.12552996323096985,0.7206909630228492,0.7120098039215687
cranfield,0,topic_balanced__top_bm25,Topic-balanced budget + Lexical-first selection,top_bm25,Lexical-first selection,topic_balanced,Topic-balanced budget,Spend feedback on BM25's strongest candidates.,"Equalize total feedback across query clusters, not raw query counts.",816,12.0,0.08484162895927602,0.0,0.02885158342353471,0.03260869565217391,0.1239039093898429,0.004244006100556209,0.0064516129032258064,0.07085835311641764,0.0,0.0,0.0,0.00857843137254902,0.04411764705882353,0.007426520992143482,0.5859612609971973,0.7389705882352942
cranfield,0,topic_balanced__top_lsa,Topic-balanced budget + Semantic-first selection,top_lsa,Semantic-first selection,topic_balanced,Topic-balanced budget,Spend feedback on latent-semantic candidates.,"Equalize total feedback across query clusters, not raw query counts.",816,12.0,0.08710407239819004,0.4,0.032208343003027974,0.05652173913043478,0.07005377401796839,0.004558300742504865,0.00783410138248848,0.09550807615323745,0.00031429464194865624,0.0013824884792626732,0.02464972303681981,0.011029411764705883,0.058823529411764705,0.013088829231028463,0.40400026190806837,0.7426470588235294
cranfield,0,topic_balanced__top_char,Topic-balanced budget + Character-robust selection,top_char,Character-robust selection,topic_balanced,Topic-balanced budget,Favor candidates supported by character-level similarity.,"Equalize total feedback across query clusters, not raw query counts.",816,12.0,0.08597285067873303,0.4,0.03609849316980669,0.04865424430641822,0.1009675888192512,0.0,0.0,0.07826420890937019,-0.004244006100556209,-0.0064516129032258064,0.007405855792952554,0.00980392156862745,0.029411764705882353,0.013228985754882587,0.5826265493079144,0.6997549019607843
cranfield,0,topic_balanced__top_title,Topic-balanced budget + Title-focused selection,top_title,Title-focused selection,topic_balanced,Topic-balanced budget,Favor concise title evidence before full-document evidence.,"Equalize total feedback across query clusters, not raw query counts.",816,12.0,0.08144796380090498,0.2,0.03368909289673092,0.03260869565217391,0.11070515162586775,0.00448568321002502,0.005376344086021505,0.05774915049108597,0.0002416771094688108,-0.0010752688172043015,-0.013109202625331669,0.004901960784313725,0.04411764705882353,0.012894362357317233,0.6202242382089881,0.7291666666666666
cranfield,0,topic_balanced__rrf_consensus,Topic-balanced budget + Multi-retriever consensus,rrf_consensus,Multi-retriever consensus,topic_balanced,Topic-balanced budget,Reward candidates jointly supported by several retrievers.,"Equalize total feedback across query clusters, not raw query counts.",816,12.0,0.08597285067873303,0.4,0.03748067477339361,0.06521739130434782,0.05636388334598053,0.0,0.0,0.07062328352650933,-0.004244006100556209,-0.0064516129032258064,-0.00023506958990830717,0.00980392156862745,0.04411764705882353,0.004980796546328301,0.5153468595269848,0.7352941176470589
cranfield,0,topic_balanced__retriever_disagreement,Topic-balanced budget + Retriever disagreement,retriever_disagreement,Retriever disagreement,topic_balanced,Topic-balanced budget,"Label pairs on which lexical, character and semantic retrievers disagree.","Equalize total feedback across query clusters, not raw query counts.",816,12.0,0.08484162895927602,0.4,0.0339211216355739,0.043478260869565216,0.0735481483563325,0.007023498467965368,0.012096774193548387,0.0695468509984639,0.0027794923674091592,0.00564516129032258,-0.0013115021179537362,0.00857843137254902,0.058823529411764705,0.04162461683154106,0.5506488325841287,0.7254901960784313
cranfield,0,topic_balanced__uncertainty,Topic-balanced budget + Current-model uncertainty,uncertainty,Current-model uncertainty,topic_balanced,Topic-balanced budget,Label candidates nearest the current model's decision boundary.,"Equalize total feedback across query clusters, not raw query counts.",816,12.0,0.07918552036199095,0.2,0.03444037797951196,0.03695652173913044,0.12501873659162663,0.004649022026465829,0.00819252432155658,0.050121025927477546,0.0004050159259096197,0.0017409114183307732,-0.020737327188940093,0.0024509803921568627,0.029411764705882353,0.11734922719644565,0.8161807919249815,0.7328431372549019
cranfield,0,topic_balanced__committee,Topic-balanced budget + Bootstrap committee disagreement,committee,Bootstrap committee disagreement,topic_balanced,Topic-balanced budget,Use epistemic disagreement across cheap student replicas.,"Equalize total feedback across query clusters, not raw query counts.",816,12.0,0.07805429864253394,0.4,0.0349320616253533,0.04710144927536231,0.11091359620771385,0.004529123830305277,0.0076164874551971325,0.06538658474142345,0.00028511772974906813,0.001164874551971326,-0.00547176837499419,0.0012254901960784314,0.014705882352941176,0.09249341181095909,0.7716683473657159,0.6311274509803921
cranfield,0,topic_balanced__false_positive,Topic-balanced budget + Likely false-positive hunting,false_positive,Likely false-positive hunting,topic_balanced,Topic-balanced budget,Inspect high-ranked candidates the current model distrusts.,"Equalize total feedback across query clusters, not raw query counts.",816,12.0,0.083710407239819,0.2,0.029144837713227994,0.03260869565217391,0.12501873659162663,0.0,0.0,0.06880905832518736,-0.004244006100556209,-0.0064516129032258064,-0.002049294791230283,0.007352941176470588,0.029411764705882353,0.004830128348925535,0.5121183683547903,0.7377450980392157
cranfield,0,topic_balanced__false_negative,Topic-balanced budget + Likely false-negative hunting,false_negative,Likely false-negative hunting,topic_balanced,Topic-balanced budget,Inspect low-ranked candidates the current model considers promising.,"Equalize total feedback across query clusters, not raw query counts.",816,12.0,0.07918552036199095,0.2,0.03432588079449294,0.03695652173913044,0.12501873659162663,0.004431439446937679,0.007258064516129033,0.06625005818554205,0.00018743334638147025,0.0008064516129032261,-0.004608294930875584,0.0024509803921568627,0.029411764705882353,0.20346640999995025,0.8112295690704795,0.7230392156862745
cranfield,0,topic_balanced__coverage,Topic-balanced budget + Query-term coverage,coverage,Query-term coverage,topic_balanced,Topic-balanced budget,Prefer documents covering more of the query's content.,"Equalize total feedback across query clusters, not raw query counts.",816,12.0,0.08484162895927602,0.0,0.02885158342353471,0.03260869565217391,0.1239039093898429,0.004244006100556209,0.0064516129032258064,0.07085835311641764,0.0,0.0,0.0,0.00857843137254902,0.07352941176470588,0.010994370369350208,0.5910322350614211,0.6985294117647058
cranfield,0,topic_balanced__rank_strata,Topic-balanced budget + Rank-stratified sampling,rank_strata,Rank-stratified sampling,topic_balanced,Topic-balanced budget,Guarantee supervision from each rank band.,"Equalize total feedback across query clusters, not raw query counts.",816,12.0,0.08257918552036199,0.2,0.03199342148364895,0.05434782608695652,0.1125776397515528,0.0,0.0,0.0466008006330587,-0.004244006100556209,-0.0064516129032258064,-0.024257552483358938,0.006127450980392157,0.04411764705882353,0.029887419413117802,0.7407841805149528,0.6924019607843137
cranfield,0,topic_balanced__mmr_relevance,Topic-balanced budget + Relevance–diversity MMR,mmr_relevance,Relevance–diversity MMR,topic_balanced,Topic-balanced budget,Balance likely relevance with non-redundant documents.,"Equalize total feedback across query clusters, not raw query counts.",816,12.0,0.07918552036199095,0.2,0.034749495311902,0.03695652173913044,0.10530081597856533,0.0022824438942284074,0.0035842293906810036,0.06872178001210259,-0.0019615622063278017,-0.002867383512544803,-0.0021365731043150454,0.0024509803921568627,0.014705882352941176,0.01671186564307587,0.7579644602887771,0.7365196078431373
cranfield,0,topic_balanced__mmr_uncertainty,Topic-balanced budget + Uncertainty–diversity MMR,mmr_uncertainty,Uncertainty–diversity MMR,topic_balanced,Topic-balanced budget,Cover multiple uncertain semantic regions.,"Equalize total feedback across query clusters, not raw query counts.",816,12.0,0.08144796380090498,0.6,0.03698156531355658,0.03985507246376811,0.13609120348250783,0.004920867234314513,0.009408602150537633,0.06404366243075921,0.0006768611337583039,0.0029569892473118265,-0.006814690685658431,0.004901960784313725,0.058823529411764705,0.10975889569404078,0.885946223840994,0.7352941176470589
cranfield,0,topic_balanced__farthest_first,Topic-balanced budget + Semantic k-center coverage,farthest_first,Semantic k-center coverage,topic_balanced,Topic-balanced budget,Cover the candidate manifold with farthest-first traversal.,"Equalize total feedback across query clusters, not raw query counts.",816,12.0,0.07918552036199095,0.4,0.03766758660272068,0.06304347826086956,0.14166143603483755,0.005632017106827751,0.012672811059907833,0.05252292510357027,0.001388011006271542,0.0062211981566820266,-0.01833542801284737,0.0024509803921568627,0.029411764705882353,0.08955538857216928,0.9101066834786359,0.6899509803921569
cranfield,0,topic_balanced__cluster_representatives,Topic-balanced budget + Candidate-cluster representatives,cluster_representatives,Candidate-cluster representatives,topic_balanced,Topic-balanced budget,Take representative documents from multiple semantic clusters.,"Equalize total feedback across query clusters, not raw query counts.",816,12.0,0.07918552036199095,0.2,0.03444037797951196,0.03695652173913044,0.11314442164825796,0.004244006100556209,0.0064516129032258064,0.08640902108644044,0.0,0.0,0.015550667970022802,0.0024509803921568627,0.029411764705882353,0.04671666522820791,0.7464411320055232,0.6433823529411765
cranfield,0,topic_balanced__center_outlier_mix,Topic-balanced budget + Typical–outlier mixture,center_outlier_mix,Typical–outlier mixture,topic_balanced,Topic-balanced budget,Label both dense-region representatives and unusual candidates.,"Equalize total feedback across query clusters, not raw query counts.",816,12.0,0.083710407239819,0.4,0.03846294934183322,0.04710144927536231,0.08278255560864257,0.002239716836670235,0.004032258064516129,0.06867639528929852,-0.002004289263885974,-0.0024193548387096775,-0.0021819578271191215,0.007352941176470588,0.04411764705882353,0.07006317304045546,0.775925304959802,0.6323529411764706
cranfield,0,topic_balanced__hard_negative,Topic-balanced budget + Hard-negative proxy,hard_negative,Hard-negative proxy,topic_balanced,Topic-balanced budget,Prioritize high retrieval score but low relevance probability.,"Equalize total feedback across query clusters, not raw query counts.",816,12.0,0.08484162895927602,0.0,0.02885158342353471,0.03260869565217391,0.1239039093898429,0.004244006100556209,0.0064516129032258064,0.07085835311641764,0.0,0.0,0.0,0.00857843137254902,0.04411764705882353,0.004645297705542808,0.5189308099010411,0.7475490196078431
cranfield,0,topic_balanced__leverage,Topic-balanced budget + Feature-space leverage,leverage,Feature-space leverage,topic_balanced,Topic-balanced budget,Select statistically influential examples in the student feature space.,"Equalize total feedback across query clusters, not raw query counts.",816,12.0,0.08144796380090498,0.4,0.03806883863331845,0.07971014492753623,0.0938632978274922,0.00851822295032338,0.01912442396313364,0.1174614811711586,0.004274216849767171,0.012672811059907835,0.046603128054740955,0.004901960784313725,0.029411764705882353,0.10695401958975137,0.7665138604009852,0.6936274509803921
cranfield,0,topic_balanced__d_optimal,Topic-balanced budget + D-optimal experimental design,d_optimal,D-optimal experimental design,topic_balanced,Topic-balanced budget,Choose a set that maximizes feature-space information volume.,"Equalize total feedback across query clusters, not raw query counts.",816,12.0,0.08257918552036199,0.4,0.03912208062555268,0.07971014492753623,0.08623984710941233,0.007839246675028678,0.015860215053763442,0.11054903877484522,0.003595240574472469,0.009408602150537636,0.03969068565842758,0.006127450980392157,0.04411764705882353,0.08913667083663099,0.7641340476625106,0.6629901960784313
cranfield,0,topic_balanced__portfolio,Topic-balanced budget + Diversified policy portfolio,portfolio,Diversified policy portfolio,topic_balanced,Topic-balanced budget,"Hedge across exploitation, uncertainty, disagreement, coverage and diversity.","Equalize total feedback across query clusters, not raw query counts.",816,12.0,0.08144796380090498,0.4,0.04174203145864626,0.06884057971014493,0.09431180498955434,0.0022824438942284074,0.0035842293906810036,0.08742959549411161,-0.0019615622063278017,-0.002867383512544803,0.016571242377693973,0.004901960784313725,0.029411764705882353,0.05803777810697462,0.7336033950833714,0.7524509803921569
cranfield,1,uniform__random,Uniform per-query budget + Random exploration,random,Random exploration,uniform,Uniform per-query budget,A random but reproducible sample is a strong unbiased control.,Give every query the same number of feedback calls.,816,12.0,0.08031674208144797,0.6,0.006045920848294592,0.007246376811594202,0.0763366216051638,0.0032537893924603598,0.004608294930875576,0.043365975422427025,-0.020217883823500923,-0.026843317972350227,-0.10084107201042684,0.003676470588235294,0.04411764705882353,0.06808259221268635,0.7682296239277896,0.7450980392156863
cranfield,1,uniform__top_base,Uniform per-query budget + Top current-retriever candidates,top_base,Top current-retriever candidates,uniform,Uniform per-query budget,Exploit the current retriever's highest-scoring documents.,Give every query the same number of feedback calls.,816,12.0,0.08144796380090498,0.4,0.0034086203903771887,0.007246376811594202,0.03414322250639386,0.010607089786474726,0.021774193548387093,0.119840397058139,-0.012864583429486556,-0.00967741935483871,-0.024366650374714874,0.004901960784313725,0.029411764705882353,0.004298412989751965,0.5204943129244972,0.7230392156862745
cranfield,1,uniform__uniform_rank,Uniform per-query budget + Uniform rank coverage,uniform_rank,Uniform rank coverage,uniform,Uniform per-query budget,Spread labels across the whole candidate ranking instead of only its head.,Give every query the same number of feedback calls.,816,12.0,0.08031674208144797,1.0,0.003917391680537726,0.007246376811594202,0.059782608695652176,0.0029331622780315756,0.0064516129032258064,0.11837877624167946,-0.020538510937929706,-0.024999999999999998,-0.02582827119117441,0.003676470588235294,0.04411764705882353,0.02762302164645756,0.7020838041515911,0.7316176470588235
cranfield,1,uniform__head_tail,Uniform per-query budget + Head–tail mixture,head_tail,Head–tail mixture,uniform,Uniform per-query budget,Label both likely positives/hard negatives and clear negatives.,Give every query the same number of feedback calls.,816,12.0,0.07918552036199095,1.0,0.006566070357730663,0.008695652173913044,0.04134697357203751,0.0,0.0,0.05373463901689708,-0.023471673215961282,-0.031451612903225803,-0.09047240841595679,0.0024509803921568627,0.029411764705882353,0.12093546862403552,0.7058206963188508,0.7120098039215687
cranfield,1,uniform__top_bm25,Uniform per-query budget + Lexical-first selection,top_bm25,Lexical-first selection,uniform,Uniform per-query budget,Spend feedback on BM25's strongest candidates.,Give every query the same number of feedback calls.,816,12.0,0.083710407239819,1.0,0.0037018746800704786,0.008695652173913044,0.10867574454530975,0.0,0.0,0.06431247963506027,-0.023471673215961282,-0.031451612903225803,-0.0798945677977936,0.007352941176470588,0.04411764705882353,0.006438420902864605,0.5796139132888878,0.7156862745098039
cranfield,1,uniform__top_lsa,Uniform per-query budget + Semantic-first selection,top_lsa,Semantic-first selection,uniform,Uniform per-query budget,Spend feedback on latent-semantic candidates.,Give every query the same number of feedback calls.,816,12.0,0.07805429864253394,0.6,0.009840615564128815,0.02608695652173913,0.05946291560102303,0.002955659493702052,0.004608294930875576,0.05173131080389145,-0.02051601372225923,-0.026843317972350227,-0.09247573662896241,0.0012254901960784314,0.014705882352941176,0.011401700842029908,0.4062975521254189,0.7193627450980392
cranfield,1,uniform__top_char,Uniform per-query budget + Character-robust selection,top_char,Character-robust selection,uniform,Uniform per-query budget,Favor candidates supported by character-level similarity.,Give every query the same number of feedback calls.,816,12.0,0.08257918552036199,1.0,0.008486522825915254,0.014492753623188404,0.06133540372670807,0.0,0.0,0.07850422427035329,-0.023471673215961282,-0.031451612903225803,-0.06570282316250058,0.006127450980392157,0.014705882352941176,0.011313226512249778,0.5933193774784312,0.6887254901960784
cranfield,1,uniform__top_title,Uniform per-query budget + Title-focused selection,top_title,Title-focused selection,uniform,Uniform per-query budget,Favor concise title evidence before full-document evidence.,Give every query the same number of feedback calls.,816,12.0,0.07918552036199095,1.0,0.01561511000389849,0.02608695652173913,0.1372670807453416,0.002239716836670235,0.004032258064516129,0.08178123399897594,-0.021231956379291046,-0.027419354838709675,-0.06242581343387793,0.0024509803921568627,0.029411764705882353,0.012662229000353346,0.6126974369673168,0.7303921568627451
cranfield,1,uniform__rrf_consensus,Uniform per-query budget + Multi-retriever consensus,rrf_consensus,Multi-retriever consensus,uniform,Uniform per-query budget,Reward candidates jointly supported by several retrievers.,Give every query the same number of feedback calls.,816,12.0,0.08144796380090498,0.4,0.007340189356035973,0.011645962732919254,0.03493015935471178,0.012068193732955838,0.018817204301075266,0.0874499604338314,-0.011403479483005444,-0.012634408602150538,-0.056757086999022474,0.004901960784313725,0.029411764705882353,0.0047784463739862625,0.5120917298995397,0.7279411764705882
cranfield,1,uniform__retriever_disagreement,Uniform per-query budget + Retriever disagreement,retriever_disagreement,Retriever disagreement,uniform,Uniform per-query budget,"Label pairs on which lexical, character and semantic retrievers disagree.",Give every query the same number of feedback calls.,816,12.0,0.07918552036199095,1.0,0.004906310493431968,0.004347826086956522,0.05615942028985508,0.0,0.0,0.10953020993343573,-0.023471673215961282,-0.031451612903225803,-0.034676837499418134,0.0024509803921568627,0.029411764705882353,0.047254514752649794,0.5898928147028474,0.7071078431372549
cranfield,1,uniform__uncertainty,Uniform per-query budget + Current-model uncertainty,uncertainty,Current-model uncertainty,uniform,Uniform per-query budget,Label candidates nearest the current model's decision boundary.,Give every query the same number of feedback calls.,816,12.0,0.08144796380090498,1.0,0.007309892881352933,0.010869565217391304,0.06702898550724638,0.0,0.0,0.1067300307219662,-0.023471673215961282,-0.031451612903225803,-0.03747701671088767,0.004901960784313725,0.04411764705882353,0.1285792364939755,0.7978878205313402,0.7058823529411765
cranfield,1,uniform__committee,Uniform per-query budget + Bootstrap committee disagreement,committee,Bootstrap committee disagreement,uniform,Uniform per-query budget,Use epistemic disagreement across cheap student replicas.,Give every query the same number of feedback calls.,816,12.0,0.07805429864253394,1.0,0.006566070357730663,0.008695652173913044,0.07867494824016563,0.0,0.0,0.10572196620583717,-0.023471673215961282,-0.031451612903225803,-0.0384850812270167,0.0012254901960784314,0.014705882352941176,0.06798711061185482,0.7433070452774272,0.678921568627451
cranfield,1,uniform__false_positive,Uniform per-query budget + Likely false-positive hunting,false_positive,Likely false-positive hunting,uniform,Uniform per-query budget,Inspect high-ranked candidates the current model distrusts.,Give every query the same number of feedback calls.,816,12.0,0.08031674208144797,0.4,0.006037497559719764,0.021739130434782608,0.018925831202046037,0.007619732022050665,0.013261648745519713,0.12833694083694086,-0.015851941193910618,-0.01818996415770609,-0.01587010659591301,0.003676470588235294,0.014705882352941176,0.004924734141312393,0.5408048018374864,0.7218137254901961
cranfield,1,uniform__false_negative,Uniform per-query budget + Likely false-negative hunting,false_negative,Likely false-negative hunting,uniform,Uniform per-query budget,Inspect low-ranked candidates the current model considers promising.,Give every query the same number of feedback calls.,816,12.0,0.07918552036199095,1.0,0.006045920848294592,0.007246376811594202,0.05615942028985508,0.0,0.0,0.06371927803379417,-0.023471673215961282,-0.031451612903225803,-0.0804877693990597,0.0024509803921568627,0.029411764705882353,0.20470153518459377,0.7965208292007446,0.696078431372549
cranfield,1,uniform__coverage,Uniform per-query budget + Query-term coverage,coverage,Query-term coverage,uniform,Uniform per-query budget,Prefer documents covering more of the query's content.,Give every query the same number of feedback calls.,816,12.0,0.08144796380090498,1.0,0.009569207230351312,0.043478260869565216,0.12135690396559962,0.0,0.0,0.11243075920495277,-0.023471673215961282,-0.031451612903225803,-0.0317762882279011,0.004901960784313725,0.04411764705882353,0.01070617504563986,0.5945168128784966,0.6850490196078431
cranfield,1,uniform__rank_strata,Uniform per-query budget + Rank-stratified sampling,rank_strata,Rank-stratified sampling,uniform,Uniform per-query budget,Guarantee supervision from each rank band.,Give every query the same number of feedback calls.,816,12.0,0.07918552036199095,0.8,0.0034086203903771887,0.007246376811594202,0.10296506562491217,0.012876776620326411,0.02795698924731183,0.09856107154494252,-0.01059489659563487,-0.0034946236559139747,-0.04564597588791135,0.0024509803921568627,0.029411764705882353,0.02959221506527826,0.705895263920812,0.6740196078431373
cranfield,1,uniform__mmr_relevance,Uniform per-query budget + Relevance–diversity MMR,mmr_relevance,Relevance–diversity MMR,uniform,Uniform per-query budget,Balance likely relevance with non-redundant documents.,Give every query the same number of feedback calls.,816,12.0,0.07918552036199095,0.4,0.009569207230351312,0.043478260869565216,0.04254798909530367,0.011802478559436476,0.022401433691756272,0.10973211376437184,-0.011669194656524806,-0.009050179211469531,-0.03447493366848203,0.0024509803921568627,0.029411764705882353,0.01553630558591263,0.7520532485316781,0.7095588235294118
cranfield,1,uniform__mmr_uncertainty,Uniform per-query budget + Uncertainty–diversity MMR,mmr_uncertainty,Uncertainty–diversity MMR,uniform,Uniform per-query budget,Cover multiple uncertain semantic regions.,Give every query the same number of feedback calls.,816,12.0,0.07805429864253394,0.0,0.0,0.0,0.033543183159551446,0.023471673215961282,0.031451612903225803,0.14420704743285387,0.0,0.0,0.0,0.0012254901960784314,0.014705882352941176,0.11887517607971734,0.8775758454028297,0.7328431372549019
cranfield,1,uniform__farthest_first,Uniform per-query budget + Semantic k-center coverage,farthest_first,Semantic k-center coverage,uniform,Uniform per-query budget,Cover the candidate manifold with farthest-first traversal.,Give every query the same number of feedback calls.,816,12.0,0.07805429864253394,0.6,0.013954749454971797,0.049689440993788817,0.0572463768115942,0.005293736067404822,0.01003584229390681,0.04169866871479775,-0.01817793714855646,-0.021415770609318992,-0.10250837871805613,0.0012254901960784314,0.014705882352941176,0.08496965548279238,0.9114859042798772,0.6875
cranfield,1,uniform__cluster_representatives,Uniform per-query budget + Candidate-cluster representatives,cluster_representatives,Candidate-cluster representatives,uniform,Uniform per-query budget,Take representative documents from multiple semantic clusters.,Give every query the same number of feedback calls.,816,12.0,0.08257918552036199,1.0,0.007309892881352933,0.010869565217391304,0.07246376811594203,0.0,0.0,0.10034562211981567,-0.023471673215961282,-0.031451612903225803,-0.0438614253130382,0.006127450980392157,0.07352941176470588,0.05165541800213795,0.765503028736395,0.6225490196078431
cranfield,1,uniform__center_outlier_mix,Uniform per-query budget + Typical–outlier mixture,center_outlier_mix,Typical–outlier mixture,uniform,Uniform per-query budget,Label both dense-region representatives and unusual candidates.,Give every query the same number of feedback calls.,816,12.0,0.08144796380090498,0.8,0.004385542224620485,0.006211180124223602,0.07246376811594203,0.0,0.0,0.05954301075268817,-0.023471673215961282,-0.031451612903225803,-0.0846640366801657,0.004901960784313725,0.04411764705882353,0.06744137735051267,0.7605740445501664,0.6090686274509803
cranfield,1,uniform__hard_negative,Uniform per-query budget + Hard-negative proxy,hard_negative,Hard-negative proxy,uniform,Uniform per-query budget,Prioritize high retrieval score but low relevance probability.,Give every query the same number of feedback calls.,816,12.0,0.08031674208144797,1.0,0.004784603615175656,0.014492753623188404,0.05225752508361204,0.013836324964403571,0.008640552995391704,0.07551319648093842,-0.00963534825155771,-0.0228110599078341,-0.06869385095191545,0.003676470588235294,0.014705882352941176,0.004569963935543509,0.5332690898109885,0.7267156862745098
cranfield,1,uniform__leverage,Uniform per-query budget + Feature-space leverage,leverage,Feature-space leverage,uniform,Uniform per-query budget,Select statistically influential examples in the student feature space.,Give every query the same number of feedback calls.,816,12.0,0.08031674208144797,1.0,0.005657681883943502,0.006211180124223602,0.03913043478260869,0.0,0.0,0.04298195084485407,-0.023471673215961282,-0.031451612903225803,-0.1012250965879998,0.003676470588235294,0.014705882352941176,0.11253836466109052,0.7830655513440862,0.6666666666666666
cranfield,1,uniform__d_optimal,Uniform per-query budget + D-optimal experimental design,d_optimal,D-optimal experimental design,uniform,Uniform per-query budget,Choose a set that maximizes feature-space information volume.,Give every query the same number of feedback calls.,816,12.0,0.07918552036199095,1.0,0.005657681883943502,0.006211180124223602,0.03913043478260869,0.0,0.0,0.04298195084485407,-0.023471673215961282,-0.031451612903225803,-0.1012250965879998,0.0024509803921568627,0.014705882352941176,0.08915156257503173,0.7646345583831563,0.6482843137254902
cranfield,1,uniform__portfolio,Uniform per-query budget + Diversified policy portfolio,portfolio,Diversified policy portfolio,uniform,Uniform per-query budget,"Hedge across exploitation, uncertainty, disagreement, coverage and diversity.",Give every query the same number of feedback calls.,816,12.0,0.07918552036199095,0.6,0.013156626673861454,0.043478260869565216,0.059803921568627454,0.0,0.0,0.04803827444956477,-0.023471673215961282,-0.031451612903225803,-0.0961687729832891,0.0024509803921568627,0.014705882352941176,0.0618649160891187,0.7310953946674571,0.7181372549019608
cranfield,1,difficulty__random,Difficulty-adaptive budget + Random exploration,random,Random exploration,difficulty,Difficulty-adaptive budget,A random but reproducible sample is a strong unbiased control.,Allocate more labels to low-confidence/high-entropy queries.,816,12.0,0.07918552036199095,0.6,0.007309892881352933,0.010869565217391304,0.07323103154305201,0.003477069500790675,0.005376344086021505,0.037989631336405524,-0.019994603715170606,-0.0260752688172043,-0.10621741609644834,0.0024509803921568627,0.029411764705882353,0.07021997343091403,0.7694428010898477,0.7426470588235294
cranfield,1,difficulty__top_base,Difficulty-adaptive budget + Top current-retriever candidates,top_base,Top current-retriever candidates,difficulty,Difficulty-adaptive budget,Exploit the current retriever's highest-scoring documents.,Allocate more labels to low-confidence/high-entropy queries.,816,12.0,0.08257918552036199,1.0,0.005089677962520154,0.008695652173913044,0.08700828157349896,0.00638587501080624,0.0064516129032258064,0.07588122003444583,-0.01708579820515504,-0.024999999999999998,-0.06832582739840803,0.006127450980392157,0.04411764705882353,0.004221326068920248,0.5204293876886368,0.7291666666666666
cranfield,1,difficulty__uniform_rank,Difficulty-adaptive budget + Uniform rank coverage,uniform_rank,Uniform rank coverage,difficulty,Difficulty-adaptive budget,Spread labels across the whole candidate ranking instead of only its head.,Allocate more labels to low-confidence/high-entropy queries.,816,12.0,0.08031674208144797,0.8,0.006045920848294592,0.007246376811594202,0.10056162933400783,0.0,0.0,0.08412058371735791,-0.023471673215961282,-0.031451612903225803,-0.06008646371549596,0.003676470588235294,0.04411764705882353,0.029265475915927514,0.7004523619132883,0.7193627450980392
cranfield,1,difficulty__head_tail,Difficulty-adaptive budget + Head–tail mixture,head_tail,Head–tail mixture,difficulty,Difficulty-adaptive budget,Label both likely positives/hard negatives and clear negatives.,Allocate more labels to low-confidence/high-entropy queries.,816,12.0,0.08031674208144797,1.0,0.005657681883943502,0.006211180124223602,0.03154305200341006,0.0,0.0,0.05373463901689708,-0.023471673215961282,-0.031451612903225803,-0.09047240841595679,0.003676470588235294,0.029411764705882353,0.13052127283870005,0.7126942338312373,0.7181372549019608
cranfield,1,difficulty__top_bm25,Difficulty-adaptive budget + Lexical-first selection,top_bm25,Lexical-first selection,difficulty,Difficulty-adaptive budget,Spend feedback on BM25's strongest candidates.,Allocate more labels to low-confidence/high-entropy queries.,816,12.0,0.08484162895927602,1.0,0.008025030294763834,0.004830917874396135,0.10217531828785024,0.006158737618675312,0.016129032258064516,0.11876396453009357,-0.017312935597285972,-0.015322580645161288,-0.025443082902760303,0.00857843137254902,0.058823529411764705,0.0065654374512971615,0.5789566373123842,0.7218137254901961
cranfield,1,difficulty__top_lsa,Difficulty-adaptive budget + Semantic-first selection,top_lsa,Semantic-first selection,difficulty,Difficulty-adaptive budget,Spend feedback on latent-semantic candidates.,Allocate more labels to low-confidence/high-entropy queries.,816,12.0,0.08031674208144797,0.8,0.007031072023645929,0.010265700483091788,0.05255754475703325,0.0025289764186669467,0.005376344086021505,0.042933947772657445,-0.020942696797294335,-0.0260752688172043,-0.10127309966019643,0.003676470588235294,0.029411764705882353,0.01211211720810217,0.4081344188136213,0.7267156862745098
cranfield,1,difficulty__top_char,Difficulty-adaptive budget + Character-robust selection,top_char,Character-robust selection,difficulty,Difficulty-adaptive budget,Favor candidates supported by character-level similarity.,Allocate more labels to low-confidence/high-entropy queries.,816,12.0,0.08257918552036199,0.6,0.0037018746800704786,0.008695652173913044,0.05949336256241626,0.008518326534599706,0.008064516129032258,0.06360407066052226,-0.014953346681361576,-0.023387096774193546,-0.08060297677233161,0.006127450980392157,0.014705882352941176,0.012292567129228629,0.5893259732162252,0.6936274509803921
cranfield,1,difficulty__top_title,Difficulty-adaptive budget + Title-focused selection,top_title,Title-focused selection,difficulty,Difficulty-adaptive budget,Favor concise title evidence before full-document evidence.,Allocate more labels to low-confidence/high-entropy queries.,816,12.0,0.08031674208144797,1.0,0.006045920848294592,0.007246376811594202,0.14472049689440994,0.0020522834902887655,0.0032258064516129032,0.0767772773821161,-0.021419389725672516,-0.0282258064516129,-0.06742977005073778,0.003676470588235294,0.04411764705882353,0.013111604560239642,0.6176649502971593,0.7316176470588235
cranfield,1,difficulty__rrf_consensus,Difficulty-adaptive budget + Multi-retriever consensus,rrf_consensus,Multi-retriever consensus,difficulty,Difficulty-adaptive budget,Reward candidates jointly supported by several retrievers.,Allocate more labels to low-confidence/high-entropy queries.,816,12.0,0.08257918552036199,1.0,0.017035006375704854,0.06521739130434782,0.046583850931677016,0.0064880262664736435,0.008064516129032258,0.06815272541078993,-0.01698364694948764,-0.023387096774193546,-0.07605432202206394,0.006127450980392157,0.04411764705882353,0.004759174716823241,0.5160606455276994,0.7340686274509803
cranfield,1,difficulty__retriever_disagreement,Difficulty-adaptive budget + Retriever disagreement,retriever_disagreement,Retriever disagreement,difficulty,Difficulty-adaptive budget,"Label pairs on which lexical, character and semantic retrievers disagree.",Allocate more labels to low-confidence/high-entropy queries.,816,12.0,0.07918552036199095,1.0,0.005354399755233261,0.005434782608695652,0.05615942028985508,0.0,0.0,0.10953020993343573,-0.023471673215961282,-0.031451612903225803,-0.034676837499418134,0.0024509803921568627,0.029411764705882353,0.049552199302935133,0.5938371768330827,0.7120098039215687
cranfield,1,difficulty__uncertainty,Difficulty-adaptive budget + Current-model uncertainty,uncertainty,Current-model uncertainty,difficulty,Difficulty-adaptive budget,Label candidates nearest the current model's decision boundary.,Allocate more labels to low-confidence/high-entropy queries.,816,12.0,0.08144796380090498,1.0,0.007309892881352933,0.010869565217391304,0.06702898550724638,0.0,0.0,0.1013536866359447,-0.023471673215961282,-0.031451612903225803,-0.04285336079690917,0.004901960784313725,0.04411764705882353,0.1326209886693487,0.7965385203852373,0.7120098039215687
cranfield,1,difficulty__committee,Difficulty-adaptive budget + Bootstrap committee disagreement,committee,Bootstrap committee disagreement,difficulty,Difficulty-adaptive budget,Use epistemic disagreement across cheap student replicas.,Allocate more labels to low-confidence/high-entropy queries.,816,12.0,0.08031674208144797,1.0,0.006566070357730663,0.008695652173913044,0.07867494824016563,0.0,0.0,0.1067300307219662,-0.023471673215961282,-0.031451612903225803,-0.03747701671088767,0.003676470588235294,0.029411764705882353,0.06978373718904514,0.7425052392132142,0.6862745098039216
cranfield,1,difficulty__false_positive,Difficulty-adaptive budget + Likely false-positive hunting,false_positive,Likely false-positive hunting,difficulty,Difficulty-adaptive budget,Inspect high-ranked candidates the current model distrusts.,Allocate more labels to low-confidence/high-entropy queries.,816,12.0,0.08144796380090498,1.0,0.010997508815985092,0.043478260869565216,0.06599378881987578,0.04740271458385085,0.06267281105990784,0.10403022157054416,0.023931041367889566,0.031221198156682034,-0.04017682586230971,0.004901960784313725,0.029411764705882353,0.004795089729276358,0.5363601104301565,0.7169117647058824
cranfield,1,difficulty__false_negative,Difficulty-adaptive budget + Likely false-negative hunting,false_negative,Likely false-negative hunting,difficulty,Difficulty-adaptive budget,Inspect low-ranked candidates the current model considers promising.,Allocate more labels to low-confidence/high-entropy queries.,816,12.0,0.08031674208144797,1.0,0.007309892881352933,0.010869565217391304,0.06702898550724638,0.0,0.0,0.0959773425499232,-0.023471673215961282,-0.031451612903225803,-0.04822970488293067,0.003676470588235294,0.04411764705882353,0.21231113724848805,0.8003053454791799,0.6973039215686274
cranfield,1,difficulty__coverage,Difficulty-adaptive budget + Query-term coverage,coverage,Query-term coverage,difficulty,Difficulty-adaptive budget,Prefer documents covering more of the query's content.,Allocate more labels to low-confidence/high-entropy queries.,816,12.0,0.08144796380090498,1.0,0.006045920848294592,0.007246376811594202,0.08540372670807453,0.01944287282771,0.04301075268817204,0.09303431783270492,-0.004028800388251281,0.011559139784946236,-0.051172729600148945,0.004901960784313725,0.04411764705882353,0.01090502132679902,0.5948337873115259,0.6899509803921569
cranfield,1,difficulty__rank_strata,Difficulty-adaptive budget + Rank-stratified sampling,rank_strata,Rank-stratified sampling,difficulty,Difficulty-adaptive budget,Guarantee supervision from each rank band.,Allocate more labels to low-confidence/high-entropy queries.,816,12.0,0.07918552036199095,1.0,0.004906310493431968,0.004347826086956522,0.10046583850931676,0.0035498671983561323,0.01075268817204301,0.12158014476562863,-0.01992180601760515,-0.020698924731182795,-0.022626902667225238,0.0024509803921568627,0.029411764705882353,0.03104370700962403,0.6949070819160518,0.6825980392156863
cranfield,1,difficulty__mmr_relevance,Difficulty-adaptive budget + Relevance–diversity MMR,mmr_relevance,Relevance–diversity MMR,difficulty,Difficulty-adaptive budget,Balance likely relevance with non-redundant documents.,Allocate more labels to low-confidence/high-entropy queries.,816,12.0,0.07918552036199095,1.0,0.010312944033447662,0.008695652173913044,0.034161490683229816,0.010426836352262667,0.013978494623655914,0.08420611646418098,-0.013044836863698615,-0.01747311827956989,-0.060000930968672886,0.0024509803921568627,0.014705882352941176,0.015312932066473306,0.748518606319147,0.7218137254901961
cranfield,1,difficulty__mmr_uncertainty,Difficulty-adaptive budget + Uncertainty–diversity MMR,mmr_uncertainty,Uncertainty–diversity MMR,difficulty,Difficulty-adaptive budget,Cover multiple uncertain semantic regions.,Allocate more labels to low-confidence/high-entropy queries.,816,12.0,0.07918552036199095,0.8,0.003960539270585133,0.004830917874396135,0.07667762757276823,0.013619326219310572,0.04032258064516129,0.07186059907834103,-0.00985234699665071,0.008870967741935486,-0.07234644835451284,0.0024509803921568627,0.029411764705882353,0.1221705973148346,0.8769888115279815,0.7377450980392157
cranfield,1,difficulty__farthest_first,Difficulty-adaptive budget + Semantic k-center coverage,farthest_first,Semantic k-center coverage,difficulty,Difficulty-adaptive budget,Cover the candidate manifold with farthest-first traversal.,Allocate more labels to low-confidence/high-entropy queries.,816,12.0,0.07805429864253394,0.6,0.013954749454971797,0.049689440993788817,0.04710144927536231,0.0031565030527471107,0.0064516129032258064,0.03800243215565797,-0.020315170163214172,-0.024999999999999998,-0.10620461527719591,0.0012254901960784314,0.014705882352941176,0.08718675024369184,0.9117905488785576,0.6948529411764706
cranfield,1,difficulty__cluster_representatives,Difficulty-adaptive budget + Candidate-cluster representatives,cluster_representatives,Candidate-cluster representatives,difficulty,Difficulty-adaptive budget,Take representative documents from multiple semantic clusters.,Allocate more labels to low-confidence/high-entropy queries.,816,12.0,0.08144796380090498,1.0,0.007309892881352933,0.010869565217391304,0.07246376811594203,0.0,0.0,0.10034562211981567,-0.023471673215961282,-0.031451612903225803,-0.0438614253130382,0.004901960784313725,0.058823529411764705,0.053418757503523547,0.771111580378869,0.6151960784313726
cranfield,1,difficulty__center_outlier_mix,Difficulty-adaptive budget + Typical–outlier mixture,center_outlier_mix,Typical–outlier mixture,difficulty,Difficulty-adaptive budget,Label both dense-region representatives and unusual candidates.,Allocate more labels to low-confidence/high-entropy queries.,816,12.0,0.08031674208144797,0.8,0.004686484979326562,0.007246376811594202,0.07608695652173914,0.0,0.0,0.05954301075268817,-0.023471673215961282,-0.031451612903225803,-0.0846640366801657,0.003676470588235294,0.029411764705882353,0.0709557924054417,0.768916130065918,0.6102941176470589
cranfield,1,difficulty__hard_negative,Difficulty-adaptive budget + Hard-negative proxy,hard_negative,Hard-negative proxy,difficulty,Difficulty-adaptive budget,Prioritize high retrieval score but low relevance probability.,Allocate more labels to low-confidence/high-entropy queries.,816,12.0,0.08144796380090498,0.4,0.00412123323345873,0.010869565217391304,0.026172208013640237,0.007565913529341044,0.013440860215053762,0.1221925475957734,-0.01590575968662024,-0.01801075268817204,-0.022014499837080467,0.004901960784313725,0.029411764705882353,0.004497258102192599,0.530053928056184,0.7218137254901961
cranfield,1,difficulty__leverage,Difficulty-adaptive budget + Feature-space leverage,leverage,Feature-space leverage,difficulty,Difficulty-adaptive budget,Select statistically influential examples in the student feature space.,Allocate more labels to low-confidence/high-entropy queries.,816,12.0,0.08031674208144797,1.0,0.005657681883943502,0.006211180124223602,0.03913043478260869,0.0,0.0,0.04298195084485407,-0.023471673215961282,-0.031451612903225803,-0.1012250965879998,0.003676470588235294,0.014705882352941176,0.11611234630439796,0.780417742098079,0.6691176470588235
cranfield,1,difficulty__d_optimal,Difficulty-adaptive budget + D-optimal experimental design,d_optimal,D-optimal experimental design,difficulty,Difficulty-adaptive budget,Choose a set that maximizes feature-space information volume.,Allocate more labels to low-confidence/high-entropy queries.,816,12.0,0.07918552036199095,1.0,0.005657681883943502,0.006211180124223602,0.03913043478260869,0.0,0.0,0.04656618023553507,-0.023471673215961282,-0.031451612903225803,-0.09764086719731879,0.0024509803921568627,0.014705882352941176,0.0914737748749116,0.7644876171560848,0.6568627450980392
cranfield,1,difficulty__portfolio,Difficulty-adaptive budget + Diversified policy portfolio,portfolio,Diversified policy portfolio,difficulty,Difficulty-adaptive budget,"Hedge across exploitation, uncertainty, disagreement, coverage and diversity.",Allocate more labels to low-confidence/high-entropy queries.,816,12.0,0.08031674208144797,0.6,0.013156626673861454,0.043478260869565216,0.06290951163073925,0.0,0.0,0.04803827444956477,-0.023471673215961282,-0.031451612903225803,-0.0961687729832891,0.003676470588235294,0.029411764705882353,0.06091448241004757,0.7272606974138933,0.7193627450980392
cranfield,1,disagreement__random,Disagreement-adaptive budget + Random exploration,random,Random exploration,disagreement,Disagreement-adaptive budget,A random but reproducible sample is a strong unbiased control.,Allocate more labels where retrievers and model replicas disagree.,816,12.0,0.08031674208144797,0.6,0.007309892881352933,0.010869565217391304,0.07323103154305201,0.003477069500790675,0.005376344086021505,0.037989631336405524,-0.019994603715170606,-0.0260752688172043,-0.10621741609644834,0.003676470588235294,0.04411764705882353,0.07027428421904058,0.7665188075865016,0.7475490196078431
cranfield,1,disagreement__top_base,Disagreement-adaptive budget + Top current-retriever candidates,top_base,Top current-retriever candidates,disagreement,Disagreement-adaptive budget,Exploit the current retriever's highest-scoring documents.,Allocate more labels where retrievers and model replicas disagree.,816,12.0,0.08144796380090498,1.0,0.01610396372527834,0.04244306418219461,0.1006728778467909,0.0070997343967122645,0.03225806451612903,0.05336777917423079,-0.01637193881924902,0.0008064516129032279,-0.09083926825862308,0.004901960784313725,0.029411764705882353,0.004302791447616091,0.5205531097291147,0.7377450980392157
cranfield,1,disagreement__uniform_rank,Disagreement-adaptive budget + Uniform rank coverage,uniform_rank,Uniform rank coverage,disagreement,Disagreement-adaptive budget,Spread labels across the whole candidate ranking instead of only its head.,Allocate more labels where retrievers and model replicas disagree.,816,12.0,0.08031674208144797,0.0,0.0,0.0,0.033543183159551446,0.023471673215961282,0.031451612903225803,0.14420704743285387,0.0,0.0,0.0,0.003676470588235294,0.04411764705882353,0.029949613280740438,0.6887533349149367,0.7340686274509803
cranfield,1,disagreement__head_tail,Disagreement-adaptive budget + Head–tail mixture,head_tail,Head–tail mixture,disagreement,Disagreement-adaptive budget,Label both likely positives/hard negatives and clear negatives.,Allocate more labels where retrievers and model replicas disagree.,816,12.0,0.07918552036199095,1.0,0.005657681883943502,0.006211180124223602,0.03878942881500426,0.0,0.0,0.05373463901689708,-0.023471673215961282,-0.031451612903225803,-0.09047240841595679,0.0024509803921568627,0.029411764705882353,0.1278276477812552,0.7111146204611835,0.7193627450980392
cranfield,1,disagreement__top_bm25,Disagreement-adaptive budget + Lexical-first selection,top_bm25,Lexical-first selection,disagreement,Disagreement-adaptive budget,Spend feedback on BM25's strongest candidates.,Allocate more labels where retrievers and model replicas disagree.,816,12.0,0.083710407239819,1.0,0.01082210117489542,0.03623188405797101,0.08641901576684184,0.0062274357911080505,0.0064516129032258064,0.07052087697248988,-0.01724423742485323,-0.024999999999999998,-0.07368617046036399,0.007352941176470588,0.04411764705882353,0.006307900901518616,0.5713597842875648,0.7279411764705882
cranfield,1,disagreement__top_lsa,Disagreement-adaptive budget + Semantic-first selection,top_lsa,Semantic-first selection,disagreement,Disagreement-adaptive budget,Spend feedback on latent-semantic candidates.,Allocate more labels where retrievers and model replicas disagree.,816,12.0,0.07805429864253394,0.6,0.009998036830304898,0.026570048309178747,0.05946291560102303,0.0031584814629021874,0.005376344086021505,0.04712301587301587,-0.020313191753059096,-0.0260752688172043,-0.097084031559838,0.0012254901960784314,0.014705882352941176,0.013199203300709818,0.40348809124792323,0.7328431372549019
cranfield,1,disagreement__top_char,Disagreement-adaptive budget + Character-robust selection,top_char,Character-robust selection,disagreement,Disagreement-adaptive budget,Favor candidates supported by character-level similarity.,Allocate more labels where retrievers and model replicas disagree.,816,12.0,0.08257918552036199,0.6,0.0037018746800704786,0.008695652173913044,0.05638777250030446,0.011081458129205106,0.01129032258064516,0.06360407066052226,-0.012390215086756176,-0.02016129032258064,-0.08060297677233161,0.006127450980392157,0.029411764705882353,0.012645585718108159,0.5840165025609381,0.6911764705882353
cranfield,1,disagreement__top_title,Disagreement-adaptive budget + Title-focused selection,top_title,Title-focused selection,disagreement,Disagreement-adaptive budget,Favor concise title evidence before full-document evidence.,Allocate more labels where retrievers and model replicas disagree.,816,12.0,0.07918552036199095,1.0,0.007001851644519123,0.01570048309178744,0.1325569358178054,0.006296452419227446,0.01075268817204301,0.08894969278033793,-0.017175220796733837,-0.020698924731182795,-0.05525735465251594,0.0024509803921568627,0.029411764705882353,0.013605655116193435,0.609565689064124,0.7450980392156863
cranfield,1,disagreement__rrf_consensus,Disagreement-adaptive budget + Multi-retriever consensus,rrf_consensus,Multi-retriever consensus,disagreement,Disagreement-adaptive budget,Reward candidates jointly supported by several retrievers.,Allocate more labels where retrievers and model replicas disagree.,816,12.0,0.08031674208144797,1.0,0.010997508815985092,0.043478260869565216,0.08442028985507247,0.006977281235655829,0.008064516129032258,0.14346954568728762,-0.016494391980305452,-0.023387096774193546,-0.0007375017455662491,0.003676470588235294,0.029411764705882353,0.004788082019955504,0.509797760997625,0.741421568627451
cranfield,1,disagreement__retriever_disagreement,Disagreement-adaptive budget + Retriever disagreement,retriever_disagreement,Retriever disagreement,disagreement,Disagreement-adaptive budget,"Label pairs on which lexical, character and semantic retrievers disagree.",Allocate more labels where retrievers and model replicas disagree.,816,12.0,0.07918552036199095,1.0,0.004906310493431968,0.004347826086956522,0.05615942028985508,0.0,0.0,0.10953020993343573,-0.023471673215961282,-0.031451612903225803,-0.034676837499418134,0.0024509803921568627,0.029411764705882353,0.05115786275150729,0.5874724578769768,0.7071078431372549
cranfield,1,disagreement__uncertainty,Disagreement-adaptive budget + Current-model uncertainty,uncertainty,Current-model uncertainty,disagreement,Disagreement-adaptive budget,Label candidates nearest the current model's decision boundary.,Allocate more labels where retrievers and model replicas disagree.,816,12.0,0.08144796380090498,1.0,0.006566070357730663,0.008695652173913044,0.06702898550724638,0.0,0.0,0.10314580133128522,-0.023471673215961282,-0.031451612903225803,-0.04106124610156865,0.004901960784313725,0.04411764705882353,0.13351448435409397,0.8004691337837893,0.7132352941176471
cranfield,1,disagreement__committee,Disagreement-adaptive budget + Bootstrap committee disagreement,committee,Bootstrap committee disagreement,disagreement,Disagreement-adaptive budget,Use epistemic disagreement across cheap student replicas.,Allocate more labels where retrievers and model replicas disagree.,816,12.0,0.07805429864253394,1.0,0.006566070357730663,0.008695652173913044,0.07867494824016563,0.0,0.0,0.1067300307219662,-0.023471673215961282,-0.031451612903225803,-0.03747701671088767,0.0012254901960784314,0.014705882352941176,0.07164168226368287,0.7436180912396487,0.6838235294117647
cranfield,1,disagreement__false_positive,Disagreement-adaptive budget + Likely false-positive hunting,false_positive,Likely false-positive hunting,disagreement,Disagreement-adaptive budget,Inspect high-ranked candidates the current model distrusts.,Allocate more labels where retrievers and model replicas disagree.,816,12.0,0.08144796380090498,1.0,0.007309892881352933,0.010869565217391304,0.08048654244306418,0.010241035957299803,0.014784946236559139,0.06522017409114184,-0.01323063725866148,-0.016666666666666663,-0.07898687334171203,0.004901960784313725,0.029411764705882353,0.004901958666011399,0.5307000442681944,0.7291666666666666
cranfield,1,disagreement__false_negative,Disagreement-adaptive budget + Likely false-negative hunting,false_negative,Likely false-negative hunting,disagreement,Disagreement-adaptive budget,Inspect low-ranked candidates the current model considers promising.,Allocate more labels where retrievers and model replicas disagree.,816,12.0,0.07918552036199095,1.0,0.006045920848294592,0.007246376811594202,0.05615942028985508,0.0,0.0,0.0959773425499232,-0.023471673215961282,-0.031451612903225803,-0.04822970488293067,0.0024509803921568627,0.029411764705882353,0.2110129413651485,0.7928824836716932,0.6948529411764706
cranfield,1,disagreement__coverage,Disagreement-adaptive budget + Query-term coverage,coverage,Query-term coverage,disagreement,Disagreement-adaptive budget,Prefer documents covering more of the query's content.,Allocate more labels where retrievers and model replicas disagree.,816,12.0,0.083710407239819,1.0,0.017936164343154502,0.043478260869565216,0.08128425283156741,0.004474166504495852,0.0035842293906810036,0.09129340641437417,-0.01899750671146543,-0.0278673835125448,-0.0529136410184797,0.007352941176470588,0.058823529411764705,0.010905022203337913,0.5898514657336122,0.6776960784313726
cranfield,1,disagreement__rank_strata,Disagreement-adaptive budget + Rank-stratified sampling,rank_strata,Rank-stratified sampling,disagreement,Disagreement-adaptive budget,Guarantee supervision from each rank band.,Allocate more labels where retrievers and model replicas disagree.,816,12.0,0.07918552036199095,0.8,0.009022660709313826,0.00966183574879227,0.08809523809523809,0.0027465521819877744,0.0064516129032258064,0.1134536610343062,-0.020725121033973507,-0.024999999999999998,-0.030753386398547675,0.0024509803921568627,0.029411764705882353,0.031957349940842275,0.6964115767794496,0.6691176470588235
cranfield,1,disagreement__mmr_relevance,Disagreement-adaptive budget + Relevance–diversity MMR,mmr_relevance,Relevance–diversity MMR,disagreement,Disagreement-adaptive budget,Balance likely relevance with non-redundant documents.,Allocate more labels where retrievers and model replicas disagree.,816,12.0,0.07918552036199095,0.4,0.009569207230351312,0.043478260869565216,0.03944239903319187,0.009354108553555222,0.018817204301075266,0.10858004003165293,-0.01411756466240606,-0.012634408602150538,-0.035627007401200936,0.0024509803921568627,0.029411764705882353,0.013777346295468947,0.7499645063105751,0.7303921568627451
cranfield,1,disagreement__mmr_uncertainty,Disagreement-adaptive budget + Uncertainty–diversity MMR,mmr_uncertainty,Uncertainty–diversity MMR,disagreement,Disagreement-adaptive budget,Cover multiple uncertain semantic regions.,Allocate more labels where retrievers and model replicas disagree.,816,12.0,0.07805429864253394,0.0,0.0,0.0,0.033543183159551446,0.023471673215961282,0.031451612903225803,0.14420704743285387,0.0,0.0,0.0,0.0012254901960784314,0.014705882352941176,0.12324629629067346,0.8760006059618557,0.7377450980392157
cranfield,1,disagreement__farthest_first,Disagreement-adaptive budget + Semantic k-center coverage,farthest_first,Semantic k-center coverage,disagreement,Disagreement-adaptive budget,Cover the candidate manifold with farthest-first traversal.,Allocate more labels where retrievers and model replicas disagree.,816,12.0,0.07805429864253394,0.6,0.014255692209677874,0.050724637681159424,0.0572463768115942,0.004079721012381567,0.01075268817204301,0.03800243215565797,-0.019391952203579716,-0.020698924731182795,-0.10620461527719591,0.0012254901960784314,0.014705882352941176,0.08600067938951884,0.91121246008312,0.6850490196078431
cranfield,1,disagreement__cluster_representatives,Disagreement-adaptive budget + Candidate-cluster representatives,cluster_representatives,Candidate-cluster representatives,disagreement,Disagreement-adaptive budget,Take representative documents from multiple semantic clusters.,Allocate more labels where retrievers and model replicas disagree.,816,12.0,0.08257918552036199,1.0,0.006566070357730663,0.008695652173913044,0.06702898550724638,0.0,0.0,0.10314580133128522,-0.023471673215961282,-0.031451612903225803,-0.04106124610156865,0.006127450980392157,0.07352941176470588,0.05138824536812072,0.7684616674395168,0.6286764705882353
cranfield,1,disagreement__center_outlier_mix,Disagreement-adaptive budget + Typical–outlier mixture,center_outlier_mix,Typical–outlier mixture,disagreement,Disagreement-adaptive budget,Label both dense-region representatives and unusual candidates.,Allocate more labels where retrievers and model replicas disagree.,816,12.0,0.08031674208144797,0.8,0.004385542224620485,0.006211180124223602,0.06884057971014493,0.0,0.0,0.06928763440860215,-0.023471673215961282,-0.031451612903225803,-0.07491941302425172,0.003676470588235294,0.04411764705882353,0.07052130778046216,0.7672433458706912,0.6090686274509803
cranfield,1,disagreement__hard_negative,Disagreement-adaptive budget + Hard-negative proxy,hard_negative,Hard-negative proxy,disagreement,Disagreement-adaptive budget,Prioritize high retrieval score but low relevance probability.,Allocate more labels where retrievers and model replicas disagree.,816,12.0,0.08031674208144797,1.0,0.005089677962520154,0.008695652173913044,0.0851966873706004,0.01083638582559659,0.016129032258064516,0.09637853186240282,-0.012635287390364692,-0.015322580645161288,-0.04782851557045105,0.003676470588235294,0.014705882352941176,0.004616390767635084,0.5277935591909815,0.7316176470588235
cranfield,1,disagreement__leverage,Disagreement-adaptive budget + Feature-space leverage,leverage,Feature-space leverage,disagreement,Disagreement-adaptive budget,Select statistically influential examples in the student feature space.,Allocate more labels where retrievers and model replicas disagree.,816,12.0,0.08031674208144797,1.0,0.005657681883943502,0.006211180124223602,0.03913043478260869,0.0,0.0,0.04298195084485407,-0.023471673215961282,-0.031451612903225803,-0.1012250965879998,0.003676470588235294,0.014705882352941176,0.11596781066527553,0.7799731186207604,0.6776960784313726
cranfield,1,disagreement__d_optimal,Disagreement-adaptive budget + D-optimal experimental design,d_optimal,D-optimal experimental design,disagreement,Disagreement-adaptive budget,Choose a set that maximizes feature-space information volume.,Allocate more labels where retrievers and model replicas disagree.,816,12.0,0.07918552036199095,1.0,0.005354399755233261,0.005434782608695652,0.03913043478260869,0.0,0.0,0.04298195084485407,-0.023471673215961282,-0.031451612903225803,-0.1012250965879998,0.0024509803921568627,0.014705882352941176,0.09270890071695927,0.7688329403891283,0.6531862745098039
cranfield,1,disagreement__portfolio,Disagreement-adaptive budget + Diversified policy portfolio,portfolio,Diversified policy portfolio,disagreement,Disagreement-adaptive budget,"Hedge across exploitation, uncertainty, disagreement, coverage and diversity.",Allocate more labels where retrievers and model replicas disagree.,816,12.0,0.07918552036199095,0.6,0.013156626673861454,0.043478260869565216,0.06580806235537694,0.005392272740845234,0.005376344086021505,0.06248719918074757,-0.018079400475116046,-0.0260752688172043,-0.08171984825210629,0.0024509803921568627,0.014705882352941176,0.06258759669521276,0.7248483817366993,0.7193627450980392
cranfield,1,topic_balanced__random,Topic-balanced budget + Random exploration,random,Random exploration,topic_balanced,Topic-balanced budget,A random but reproducible sample is a strong unbiased control.,"Equalize total feedback across query clusters, not raw query counts.",816,12.0,0.08031674208144797,0.6,0.006566070357730663,0.008695652173913044,0.07323103154305201,0.0029384646201115502,0.0035842293906810036,0.043365975422427025,-0.02053320859584973,-0.0278673835125448,-0.10084107201042684,0.003676470588235294,0.04411764705882353,0.06775848165738817,0.7690372169017792,0.7279411764705882
cranfield,1,topic_balanced__top_base,Topic-balanced budget + Top current-retriever candidates,top_base,Top current-retriever candidates,topic_balanced,Topic-balanced budget,Exploit the current retriever's highest-scoring documents.,"Equalize total feedback across query clusters, not raw query counts.",816,12.0,0.08031674208144797,1.0,0.008486522825915254,0.014492753623188404,0.08902691511387163,0.012973492549980191,0.019393241167434714,0.06485971465810175,-0.01049818066598109,-0.01205837173579109,-0.07934733277475212,0.003676470588235294,0.014705882352941176,0.004629530743056652,0.5147825253798681,0.6973039215686274
cranfield,1,topic_balanced__uniform_rank,Topic-balanced budget + Uniform rank coverage,uniform_rank,Uniform rank coverage,topic_balanced,Topic-balanced budget,Spread labels across the whole candidate ranking instead of only its head.,"Equalize total feedback across query clusters, not raw query counts.",816,12.0,0.07918552036199095,0.8,0.005354399755233261,0.005434782608695652,0.06749622926093514,0.003079368809337656,0.004032258064516129,0.07087173579109063,-0.020392304406623627,-0.027419354838709675,-0.07333531164176324,0.0024509803921568627,0.029411764705882353,0.030810697332901114,0.7004879134542802,0.7389705882352942
cranfield,1,topic_balanced__head_tail,Topic-balanced budget + Head–tail mixture,head_tail,Head–tail mixture,topic_balanced,Topic-balanced budget,Label both likely positives/hard negatives and clear negatives.,"Equalize total feedback across query clusters, not raw query counts.",816,12.0,0.07918552036199095,1.0,0.005657681883943502,0.006211180124223602,0.03697783461210571,0.0,0.0,0.05373463901689708,-0.023471673215961282,-0.031451612903225803,-0.09047240841595679,0.0024509803921568627,0.029411764705882353,0.12144003194921157,0.7119516493643031,0.7120098039215687
cranfield,1,topic_balanced__top_bm25,Topic-balanced budget + Lexical-first selection,top_bm25,Lexical-first selection,topic_balanced,Topic-balanced budget,Spend feedback on BM25's strongest candidates.,"Equalize total feedback across query clusters, not raw query counts.",816,12.0,0.083710407239819,0.4,0.0034086203903771887,0.007246376811594202,0.015601023017902813,0.017491320833235048,0.02217101894521249,0.12152050458502071,-0.005980352382726234,-0.009280593958013315,-0.022686542847833155,0.007352941176470588,0.04411764705882353,0.0064156457927881504,0.5673543521586586,0.7022058823529411
cranfield,1,topic_balanced__top_lsa,Topic-balanced budget + Semantic-first selection,top_lsa,Semantic-first selection,topic_balanced,Topic-balanced budget,Spend feedback on latent-semantic candidates.,"Equalize total feedback across query clusters, not raw query counts.",816,12.0,0.07805429864253394,0.8,0.007794162614997674,0.013457556935817806,0.06314840317397863,0.002239716836670235,0.004032258064516129,0.04395801331285202,-0.021231956379291046,-0.027419354838709675,-0.10024903412000186,0.0012254901960784314,0.014705882352941176,0.011844068473460628,0.401321781141793,0.7107843137254902
cranfield,1,topic_balanced__top_char,Topic-balanced budget + Character-robust selection,top_char,Character-robust selection,topic_balanced,Topic-balanced budget,Favor candidates supported by character-level similarity.,"Equalize total feedback across query clusters, not raw query counts.",816,12.0,0.08144796380090498,0.6,0.004784603615175656,0.014492753623188404,0.05328218243819266,0.011081458129205106,0.01129032258064516,0.06360407066052226,-0.012390215086756176,-0.02016129032258064,-0.08060297677233161,0.004901960784313725,0.014705882352941176,0.012056929881081861,0.5868663573089767,0.6825980392156863
cranfield,1,topic_balanced__top_title,Topic-balanced budget + Title-focused selection,top_title,Title-focused selection,topic_balanced,Topic-balanced budget,Favor concise title evidence before full-document evidence.,"Equalize total feedback across query clusters, not raw query counts.",816,12.0,0.07918552036199095,1.0,0.01765103641315508,0.03229813664596273,0.11987577639751552,0.004895554550904368,0.005376344086021505,0.08613351254480286,-0.018576118665056915,-0.0260752688172043,-0.058073534888051004,0.0024509803921568627,0.029411764705882353,0.013070433893624474,0.6040581857018611,0.7156862745098039
cranfield,1,topic_balanced__rrf_consensus,Topic-balanced budget + Multi-retriever consensus,rrf_consensus,Multi-retriever consensus,topic_balanced,Topic-balanced budget,Reward candidates jointly supported by several retrievers.,"Equalize total feedback across query clusters, not raw query counts.",816,12.0,0.08031674208144797,1.0,0.009446117950096953,0.02898550724637681,0.039337474120082816,0.002821668196819619,0.0032258064516129032,0.1309599450728483,-0.020650005019141663,-0.0282258064516129,-0.013247102360005564,0.003676470588235294,0.029411764705882353,0.00512358115292063,0.5037188093890163,0.7095588235294118
cranfield,1,topic_balanced__retriever_disagreement,Topic-balanced budget + Retriever disagreement,retriever_disagreement,Retriever disagreement,topic_balanced,Topic-balanced budget,"Label pairs on which lexical, character and semantic retrievers disagree.","Equalize total feedback across query clusters, not raw query counts.",816,12.0,0.07805429864253394,0.8,0.003018748779859882,0.005434782608695652,0.07580965496566519,0.0077397413718579,0.013978494623655914,0.06741551459293395,-0.015731931844103382,-0.01747311827956989,-0.07679153283991992,0.0012254901960784314,0.014705882352941176,0.045957194385575315,0.5947194539887064,0.7058823529411765
cranfield,1,topic_balanced__uncertainty,Topic-balanced budget + Current-model uncertainty,uncertainty,Current-model uncertainty,topic_balanced,Topic-balanced budget,Label candidates nearest the current model's decision boundary.,"Equalize total feedback across query clusters, not raw query counts.",816,12.0,0.08144796380090498,1.0,0.005657681883943502,0.006211180124223602,0.06702898550724638,0.0,0.0,0.10314580133128522,-0.023471673215961282,-0.031451612903225803,-0.04106124610156865,0.004901960784313725,0.04411764705882353,0.12523563644465277,0.7976801859981874,0.7083333333333334
cranfield,1,topic_balanced__committee,Topic-balanced budget + Bootstrap committee disagreement,committee,Bootstrap committee disagreement,topic_balanced,Topic-balanced budget,Use epistemic disagreement across cheap student replicas.,"Equalize total feedback across query clusters, not raw query counts.",816,12.0,0.07805429864253394,1.0,0.006566070357730663,0.008695652173913044,0.07246376811594203,0.0,0.0,0.1067300307219662,-0.023471673215961282,-0.031451612903225803,-0.03747701671088767,0.0012254901960784314,0.014705882352941176,0.06762182865949239,0.7376716145697761,0.6605392156862745
cranfield,1,topic_balanced__false_positive,Topic-balanced budget + Likely false-positive hunting,false_positive,Likely false-positive hunting,topic_balanced,Topic-balanced budget,Inspect high-ranked candidates the current model distrusts.,"Equalize total feedback across query clusters, not raw query counts.",816,12.0,0.08031674208144797,1.0,0.016819687271067026,0.021739130434782608,0.1130952380952381,0.0056248859874220535,0.004608294930875576,0.08842602290182935,-0.01784678722853923,-0.026843317972350227,-0.055781024531024515,0.003676470588235294,0.014705882352941176,0.005198039187520158,0.5358462537474492,0.7107843137254902
cranfield,1,topic_balanced__false_negative,Topic-balanced budget + Likely false-negative hunting,false_negative,Likely false-negative hunting,topic_balanced,Topic-balanced budget,Inspect low-ranked candidates the current model considers promising.,"Equalize total feedback across query clusters, not raw query counts.",816,12.0,0.07918552036199095,1.0,0.005657681883943502,0.006211180124223602,0.06702898550724638,0.0,0.0,0.05834293394777265,-0.023471673215961282,-0.031451612903225803,-0.08586411348508122,0.0024509803921568627,0.029411764705882353,0.20091206397788197,0.7940850424415925,0.6875
cranfield,1,topic_balanced__coverage,Topic-balanced budget + Query-term coverage,coverage,Query-term coverage,topic_balanced,Topic-balanced budget,Prefer documents covering more of the query's content.,"Equalize total feedback across query clusters, not raw query counts.",816,12.0,0.08144796380090498,0.0,0.0,0.0,0.033543183159551446,0.023471673215961282,0.031451612903225803,0.14420704743285387,0.0,0.0,0.0,0.004901960784313725,0.04411764705882353,0.010666756288093679,0.5848131732029074,0.6642156862745098
cranfield,1,topic_balanced__rank_strata,Topic-balanced budget + Rank-stratified sampling,rank_strata,Rank-stratified sampling,topic_balanced,Topic-balanced budget,Guarantee supervision from each rank band.,"Equalize total feedback across query clusters, not raw query counts.",816,12.0,0.07918552036199095,0.6,0.0037018746800704786,0.008695652173913044,0.09833712749313771,0.013510339104939305,0.03494623655913978,0.09230030721966206,-0.009961334111021977,0.003494623655913978,-0.051906740213191804,0.0024509803921568627,0.029411764705882353,0.03222189471125603,0.7108988696161438,0.6715686274509803
cranfield,1,topic_balanced__mmr_relevance,Topic-balanced budget + Relevance–diversity MMR,mmr_relevance,Relevance–diversity MMR,topic_balanced,Topic-balanced budget,Balance likely relevance with non-redundant documents.,"Equalize total feedback across query clusters, not raw query counts.",816,12.0,0.07918552036199095,0.4,0.009569207230351312,0.043478260869565216,0.03944239903319187,0.009136532790234395,0.018817204301075266,0.09763533957082345,-0.014335140425726887,-0.012634408602150538,-0.04657170786203042,0.0024509803921568627,0.029411764705882353,0.014585872052931319,0.7479230831651127,0.7058823529411765
cranfield,1,topic_balanced__mmr_uncertainty,Topic-balanced budget + Uncertainty–diversity MMR,mmr_uncertainty,Uncertainty–diversity MMR,topic_balanced,Topic-balanced budget,Cover multiple uncertain semantic regions.,"Equalize total feedback across query clusters, not raw query counts.",816,12.0,0.07805429864253394,0.0,0.0,0.0,0.033543183159551446,0.023471673215961282,0.031451612903225803,0.14420704743285387,0.0,0.0,0.0,0.0012254901960784314,0.014705882352941176,0.11762428269082424,0.8796969240202623,0.7328431372549019
cranfield,1,topic_balanced__farthest_first,Topic-balanced budget + Semantic k-center coverage,farthest_first,Semantic k-center coverage,topic_balanced,Topic-balanced budget,Cover the candidate manifold with farthest-first traversal.,"Equalize total feedback across query clusters, not raw query counts.",816,12.0,0.07805429864253394,0.6,0.013954749454971797,0.049689440993788817,0.0572463768115942,0.0031565030527471107,0.0064516129032258064,0.04069060419866872,-0.020315170163214172,-0.024999999999999998,-0.10351644323418516,0.0012254901960784314,0.014705882352941176,0.0843170532116703,0.9105187724618351,0.6973039215686274
cranfield,1,topic_balanced__cluster_representatives,Topic-balanced budget + Candidate-cluster representatives,cluster_representatives,Candidate-cluster representatives,topic_balanced,Topic-balanced budget,Take representative documents from multiple semantic clusters.,"Equalize total feedback across query clusters, not raw query counts.",816,12.0,0.08257918552036199,1.0,0.005657681883943502,0.006211180124223602,0.06702898550724638,0.0,0.0,0.10314580133128522,-0.023471673215961282,-0.031451612903225803,-0.04106124610156865,0.006127450980392157,0.07352941176470588,0.048163778276420106,0.7555908315321979,0.6176470588235294
cranfield,1,topic_balanced__center_outlier_mix,Topic-balanced budget + Typical–outlier mixture,center_outlier_mix,Typical–outlier mixture,topic_balanced,Topic-balanced budget,Label both dense-region representatives and unusual candidates.,"Equalize total feedback across query clusters, not raw query counts.",816,12.0,0.07918552036199095,0.8,0.004150453612585536,0.005434782608695652,0.06884057971014493,0.0,0.0,0.0635752688172043,-0.023471673215961282,-0.031451612903225803,-0.08063177861564957,0.0024509803921568627,0.029411764705882353,0.0696952627862201,0.7711520361549714,0.6127450980392157
cranfield,1,topic_balanced__hard_negative,Topic-balanced budget + Hard-negative proxy,hard_negative,Hard-negative proxy,topic_balanced,Topic-balanced budget,Prioritize high retrieval score but low relevance probability.,"Equalize total feedback across query clusters, not raw query counts.",816,12.0,0.08031674208144797,0.4,0.0037018746800704786,0.008695652173913044,0.016368286445012786,0.003818799772753642,0.008064516129032258,0.13654110226690874,-0.01965287344320764,-0.023387096774193546,-0.007665945165945126,0.003676470588235294,0.014705882352941176,0.004987804840008418,0.5273039972080904,0.7058823529411765
cranfield,1,topic_balanced__leverage,Topic-balanced budget + Feature-space leverage,leverage,Feature-space leverage,topic_balanced,Topic-balanced budget,Select statistically influential examples in the student feature space.,"Equalize total feedback across query clusters, not raw query counts.",816,12.0,0.07918552036199095,1.0,0.005657681883943502,0.006211180124223602,0.03913043478260869,0.0,0.0,0.04298195084485407,-0.023471673215961282,-0.031451612903225803,-0.1012250965879998,0.0024509803921568627,0.014705882352941176,0.11102380296763252,0.7778724528410855,0.6801470588235294
cranfield,1,topic_balanced__d_optimal,Topic-balanced budget + D-optimal experimental design,d_optimal,D-optimal experimental design,topic_balanced,Topic-balanced budget,Choose a set that maximizes feature-space information volume.,"Equalize total feedback across query clusters, not raw query counts.",816,12.0,0.07918552036199095,1.0,0.005354399755233261,0.005434782608695652,0.03913043478260869,0.0,0.0,0.04298195084485407,-0.023471673215961282,-0.031451612903225803,-0.1012250965879998,0.0024509803921568627,0.014705882352941176,0.08866189179175041,0.7699747865690905,0.6470588235294118
cranfield,1,topic_balanced__portfolio,Topic-balanced budget + Diversified policy portfolio,portfolio,Diversified policy portfolio,topic_balanced,Topic-balanced budget,"Hedge across exploitation, uncertainty, disagreement, coverage and diversity.","Equalize total feedback across query clusters, not raw query counts.",816,12.0,0.07918552036199095,0.6,0.013156626673861454,0.043478260869565216,0.07377907684813055,0.0,0.0,0.0479710701484895,-0.023471673215961282,-0.031451612903225803,-0.09623597728436437,0.0024509803921568627,0.014705882352941176,0.0598081246602769,0.7206064830808079,0.7230392156862745
cranfield,2,uniform__random,Uniform per-query budget + Random exploration,random,Random exploration,uniform,Uniform per-query budget,A random but reproducible sample is a strong unbiased control.,Give every query the same number of feedback calls.,816,12.0,0.07692307692307693,0.4,0.03413247809312125,0.02898550724637681,0.12654366094263791,0.011579168070052734,0.03225806451612903,0.09478926091829316,-0.009224510175829525,-0.008602150537634412,-0.016112382241414508,0.0,0.0,0.06304135158950207,0.759269028025515,0.7450980392156863
cranfield,2,uniform__top_base,Uniform per-query budget + Top current-retriever candidates,top_base,Top current-retriever candidates,uniform,Uniform per-query budget,Exploit the current retriever's highest-scoring documents.,Give every query the same number of feedback calls.,816,12.0,0.08031674208144797,0.0,0.031195166227723264,0.03695652173913044,0.07953632045703656,0.020803678245882258,0.04086021505376344,0.11090164315970767,0.0,0.0,0.0,0.003676470588235294,0.014705882352941176,0.00430629672665222,0.5260691418148139,0.7242647058823529
cranfield,2,uniform__uniform_rank,Uniform per-query budget + Uniform rank coverage,uniform_rank,Uniform rank coverage,uniform,Uniform per-query budget,Spread labels across the whole candidate ranking instead of only its head.,Give every query the same number of feedback calls.,816,12.0,0.08257918552036199,0.0,0.031195166227723264,0.03695652173913044,0.07953632045703656,0.020803678245882258,0.04086021505376344,0.11090164315970767,0.0,0.0,0.0,0.006127450980392157,0.058823529411764705,0.029943482110313342,0.6951224470839781,0.7218137254901961
cranfield,2,uniform__head_tail,Uniform per-query budget + Head–tail mixture,head_tail,Head–tail mixture,uniform,Uniform per-query budget,Label both likely positives/hard negatives and clear negatives.,Give every query the same number of feedback calls.,816,12.0,0.08031674208144797,0.0,0.031195166227723264,0.03695652173913044,0.07953632045703656,0.020803678245882258,0.04086021505376344,0.11090164315970767,0.0,0.0,0.0,0.003676470588235294,0.029411764705882353,0.11981246803028911,0.7200116892071331,0.7205882352941176
cranfield,2,uniform__top_bm25,Uniform per-query budget + Lexical-first selection,top_bm25,Lexical-first selection,uniform,Uniform per-query budget,Spend feedback on BM25's strongest candidates.,Give every query the same number of feedback calls.,816,12.0,0.08144796380090498,0.0,0.031195166227723264,0.03695652173913044,0.07953632045703656,0.020803678245882258,0.04086021505376344,0.11090164315970767,0.0,0.0,0.0,0.004901960784313725,0.029411764705882353,0.007005176999989678,0.5883435990442248,0.7156862745098039
cranfield,2,uniform__top_lsa,Uniform per-query budget + Semantic-first selection,top_lsa,Semantic-first selection,uniform,Uniform per-query budget,Spend feedback on latent-semantic candidates.,Give every query the same number of feedback calls.,816,12.0,0.08484162895927602,0.0,0.031195166227723264,0.03695652173913044,0.07953632045703656,0.020803678245882258,0.04086021505376344,0.11090164315970767,0.0,0.0,0.0,0.00857843137254902,0.029411764705882353,0.013829029731306374,0.4202871629420449,0.7107843137254902
cranfield,2,uniform__top_char,Uniform per-query budget + Character-robust selection,top_char,Character-robust selection,uniform,Uniform per-query budget,Favor candidates supported by character-level similarity.,Give every query the same number of feedback calls.,816,12.0,0.08031674208144797,1.0,0.031510530001486285,0.06159420289855072,0.06904761904761904,0.003057689173211316,0.008064516129032258,0.05585785182559375,-0.017745989072670942,-0.032795698924731186,-0.05504379133411392,0.003676470588235294,0.014705882352941176,0.012672740819991804,0.5821763441404876,0.7120098039215687
cranfield,2,uniform__top_title,Uniform per-query budget + Title-focused selection,top_title,Title-focused selection,uniform,Uniform per-query budget,Favor concise title evidence before full-document evidence.,Give every query the same number of feedback calls.,816,12.0,0.07918552036199095,0.0,0.031195166227723264,0.03695652173913044,0.07953632045703656,0.020803678245882258,0.04086021505376344,0.11090164315970767,0.0,0.0,0.0,0.0024509803921568627,0.014705882352941176,0.0135390811837187,0.6105678262298598,0.7230392156862745
cranfield,2,uniform__rrf_consensus,Uniform per-query budget + Multi-retriever consensus,rrf_consensus,Multi-retriever consensus,uniform,Uniform per-query budget,Reward candidates jointly supported by several retrievers.,Give every query the same number of feedback calls.,816,12.0,0.08144796380090498,1.0,0.03927056480452344,0.05217391304347826,0.11811594202898551,0.00998621909893145,0.018548387096774192,0.08089625428335105,-0.010817459146950809,-0.02231182795698925,-0.03000538887635662,0.004901960784313725,0.014705882352941176,0.004839764725343853,0.5143860444864806,0.7205882352941176
cranfield,2,uniform__retriever_disagreement,Uniform per-query budget + Retriever disagreement,retriever_disagreement,Retriever disagreement,uniform,Uniform per-query budget,"Label pairs on which lexical, character and semantic retrievers disagree.",Give every query the same number of feedback calls.,816,12.0,0.08257918552036199,0.0,0.031195166227723264,0.03695652173913044,0.07953632045703656,0.020803678245882258,0.04086021505376344,0.11090164315970767,0.0,0.0,0.0,0.006127450980392157,0.029411764705882353,0.04784930270968699,0.5674841487232376,0.6997549019607843
cranfield,2,uniform__uncertainty,Uniform per-query budget + Current-model uncertainty,uncertainty,Current-model uncertainty,uniform,Uniform per-query budget,Label candidates nearest the current model's decision boundary.,Give every query the same number of feedback calls.,816,12.0,0.07805429864253394,0.0,0.031195166227723264,0.03695652173913044,0.07953632045703656,0.020803678245882258,0.04086021505376344,0.11090164315970767,0.0,0.0,0.0,0.0012254901960784314,0.014705882352941176,0.118270752403666,0.821369122932939,0.7426470588235294
cranfield,2,uniform__committee,Uniform per-query budget + Bootstrap committee disagreement,committee,Bootstrap committee disagreement,uniform,Uniform per-query budget,Use epistemic disagreement across cheap student replicas.,Give every query the same number of feedback calls.,816,12.0,0.07805429864253394,0.0,0.031195166227723264,0.03695652173913044,0.07953632045703656,0.020803678245882258,0.04086021505376344,0.11090164315970767,0.0,0.0,0.0,0.0012254901960784314,0.014705882352941176,0.08300659272308443,0.7249316652031506,0.6776960784313726
cranfield,2,uniform__false_positive,Uniform per-query budget + Likely false-positive hunting,false_positive,Likely false-positive hunting,uniform,Uniform per-query budget,Inspect high-ranked candidates the current model distrusts.,Give every query the same number of feedback calls.,816,12.0,0.08031674208144797,0.0,0.031195166227723264,0.03695652173913044,0.07953632045703656,0.020803678245882258,0.04086021505376344,0.11090164315970767,0.0,0.0,0.0,0.003676470588235294,0.014705882352941176,0.0046908490213693355,0.5296869494897478,0.7230392156862745
cranfield,2,uniform__false_negative,Uniform per-query budget + Likely false-negative hunting,false_negative,Likely false-negative hunting,uniform,Uniform per-query budget,Inspect low-ranked candidates the current model considers promising.,Give every query the same number of feedback calls.,816,12.0,0.07918552036199095,0.0,0.031195166227723264,0.03695652173913044,0.07953632045703656,0.020803678245882258,0.04086021505376344,0.11090164315970767,0.0,0.0,0.0,0.0024509803921568627,0.029411764705882353,0.20081833516265832,0.8155709592735066,0.7230392156862745
cranfield,2,uniform__coverage,Uniform per-query budget + Query-term coverage,coverage,Query-term coverage,uniform,Uniform per-query budget,Prefer documents covering more of the query's content.,Give every query the same number of feedback calls.,816,12.0,0.08144796380090498,0.0,0.031195166227723264,0.03695652173913044,0.07953632045703656,0.020803678245882258,0.04086021505376344,0.11090164315970767,0.0,0.0,0.0,0.004901960784313725,0.04411764705882353,0.01122913246645647,0.5803973996902213,0.6678921568627451
cranfield,2,uniform__rank_strata,Uniform per-query budget + Rank-stratified sampling,rank_strata,Rank-stratified sampling,uniform,Uniform per-query budget,Guarantee supervision from each rank band.,Give every query the same number of feedback calls.,816,12.0,0.08031674208144797,0.2,0.03352000398284823,0.049689440993788817,0.08141379081276778,0.015129035268408869,0.03225806451612903,0.0669692314853605,-0.005674642977473389,-0.008602150537634412,-0.043932411674347166,0.003676470588235294,0.029411764705882353,0.03197749645686617,0.7341529117787585,0.7230392156862745
cranfield,2,uniform__mmr_relevance,Uniform per-query budget + Relevance–diversity MMR,mmr_relevance,Relevance–diversity MMR,uniform,Uniform per-query budget,Balance likely relevance with non-redundant documents.,Give every query the same number of feedback calls.,816,12.0,0.07692307692307693,0.0,0.031195166227723264,0.03695652173913044,0.07953632045703656,0.020803678245882258,0.04086021505376344,0.11090164315970767,0.0,0.0,0.0,0.0,0.0,0.015313808605367062,0.7389933585244066,0.7242647058823529
cranfield,2,uniform__mmr_uncertainty,Uniform per-query budget + Uncertainty–diversity MMR,mmr_uncertainty,Uncertainty–diversity MMR,uniform,Uniform per-query budget,Cover multiple uncertain semantic regions.,Give every query the same number of feedback calls.,816,12.0,0.07918552036199095,0.6,0.03209029294587758,0.04710144927536231,0.0985202776762879,0.021398734810832928,0.0439068100358423,0.09228262776649875,0.0005950565649506696,0.0030465949820788554,-0.018619015393208926,0.0024509803921568627,0.029411764705882353,0.10705563374886326,0.8907926722484476,0.7132352941176471
cranfield,2,uniform__farthest_first,Uniform per-query budget + Semantic k-center coverage,farthest_first,Semantic k-center coverage,uniform,Uniform per-query budget,Cover the candidate manifold with farthest-first traversal.,Give every query the same number of feedback calls.,816,12.0,0.07692307692307693,0.2,0.03357567180726814,0.03664596273291925,0.11776552518240498,0.021405697910239566,0.039874551971326166,0.08398152027184284,0.0006020196643573075,-0.000985663082437277,-0.026920122887864828,0.0,0.0,0.08843413952226732,0.9072957354433396,0.6985294117647058
cranfield,2,uniform__cluster_representatives,Uniform per-query budget + Candidate-cluster representatives,cluster_representatives,Candidate-cluster representatives,uniform,Uniform per-query budget,Take representative documents from multiple semantic clusters.,Give every query the same number of feedback calls.,816,12.0,0.08031674208144797,0.0,0.031195166227723264,0.03695652173913044,0.07953632045703656,0.020803678245882258,0.04086021505376344,0.11090164315970767,0.0,0.0,0.0,0.003676470588235294,0.014705882352941176,0.04947861773418445,0.7546835497898214,0.6348039215686274
cranfield,2,uniform__center_outlier_mix,Uniform per-query budget + Typical–outlier mixture,center_outlier_mix,Typical–outlier mixture,uniform,Uniform per-query budget,Label both dense-region representatives and unusual candidates.,Give every query the same number of feedback calls.,816,12.0,0.08257918552036199,0.0,0.031195166227723264,0.03695652173913044,0.07953632045703656,0.020803678245882258,0.04086021505376344,0.11090164315970767,0.0,0.0,0.0,0.006127450980392157,0.029411764705882353,0.06980300870011835,0.7583661955945632,0.6299019607843137
cranfield,2,uniform__hard_negative,Uniform per-query budget + Hard-negative proxy,hard_negative,Hard-negative proxy,uniform,Uniform per-query budget,Prioritize high retrieval score but low relevance probability.,Give every query the same number of feedback calls.,816,12.0,0.08031674208144797,0.0,0.031195166227723264,0.03695652173913044,0.07953632045703656,0.020803678245882258,0.04086021505376344,0.11090164315970767,0.0,0.0,0.0,0.003676470588235294,0.014705882352941176,0.004513026233397278,0.5247008268009213,0.7230392156862745
cranfield,2,uniform__leverage,Uniform per-query budget + Feature-space leverage,leverage,Feature-space leverage,uniform,Uniform per-query budget,Select statistically influential examples in the student feature space.,Give every query the same number of feedback calls.,816,12.0,0.07805429864253394,0.0,0.031195166227723264,0.03695652173913044,0.07953632045703656,0.020803678245882258,0.04086021505376344,0.11090164315970767,0.0,0.0,0.0,0.0012254901960784314,0.014705882352941176,0.11055428089172233,0.7823897205731448,0.7034313725490197
cranfield,2,uniform__d_optimal,Uniform per-query budget + D-optimal experimental design,d_optimal,D-optimal experimental design,uniform,Uniform per-query budget,Choose a set that maximizes feature-space information volume.,Give every query the same number of feedback calls.,816,12.0,0.08031674208144797,0.0,0.031195166227723264,0.03695652173913044,0.07953632045703656,0.020803678245882258,0.04086021505376344,0.11090164315970767,0.0,0.0,0.0,0.003676470588235294,0.029411764705882353,0.08938369688157942,0.7650748701656566,0.6875
cranfield,2,uniform__portfolio,Uniform per-query budget + Diversified policy portfolio,portfolio,Diversified policy portfolio,uniform,Uniform per-query budget,"Hedge across exploitation, uncertainty, disagreement, coverage and diversity.",Give every query the same number of feedback calls.,816,12.0,0.07918552036199095,0.0,0.031195166227723264,0.03695652173913044,0.07953632045703656,0.020803678245882258,0.04086021505376344,0.11090164315970767,0.0,0.0,0.0,0.0024509803921568627,0.014705882352941176,0.05805617322524389,0.7260588959735983,0.7132352941176471
cranfield,2,difficulty__random,Difficulty-adaptive budget + Random exploration,random,Random exploration,difficulty,Difficulty-adaptive budget,A random but reproducible sample is a strong unbiased control.,Allocate more labels to low-confidence/high-entropy queries.,816,12.0,0.07805429864253394,0.4,0.03526517944009883,0.04830917874396135,0.10208713920350748,0.011579168070052734,0.03225806451612903,0.08454976922718857,-0.009224510175829525,-0.008602150537634412,-0.0263518739325191,0.0012254901960784314,0.014705882352941176,0.06416522879518714,0.7595411188462201,0.7450980392156863
cranfield,2,difficulty__top_base,Difficulty-adaptive budget + Top current-retriever candidates,top_base,Top current-retriever candidates,difficulty,Difficulty-adaptive budget,Exploit the current retriever's highest-scoring documents.,Allocate more labels to low-confidence/high-entropy queries.,816,12.0,0.08031674208144797,0.0,0.031195166227723264,0.03695652173913044,0.07953632045703656,0.020803678245882258,0.04086021505376344,0.11090164315970767,0.0,0.0,0.0,0.003676470588235294,0.014705882352941176,0.004215194168044072,0.5325192069525228,0.7328431372549019
cranfield,2,difficulty__uniform_rank,Difficulty-adaptive budget + Uniform rank coverage,uniform_rank,Uniform rank coverage,difficulty,Difficulty-adaptive budget,Spread labels across the whole candidate ranking instead of only its head.,Allocate more labels to low-confidence/high-entropy queries.,816,12.0,0.08144796380090498,0.0,0.031195166227723264,0.03695652173913044,0.07953632045703656,0.020803678245882258,0.04086021505376344,0.11090164315970767,0.0,0.0,0.0,0.004901960784313725,0.04411764705882353,0.028370228979517433,0.6975592628997915,0.7205882352941176
cranfield,2,difficulty__head_tail,Difficulty-adaptive budget + Head–tail mixture,head_tail,Head–tail mixture,difficulty,Difficulty-adaptive budget,Label both likely positives/hard negatives and clear negatives.,Allocate more labels to low-confidence/high-entropy queries.,816,12.0,0.08031674208144797,0.0,0.031195166227723264,0.03695652173913044,0.07953632045703656,0.020803678245882258,0.04086021505376344,0.11090164315970767,0.0,0.0,0.0,0.003676470588235294,0.014705882352941176,0.12433337997279915,0.7229167126557406,0.7279411764705882
cranfield,2,difficulty__top_bm25,Difficulty-adaptive budget + Lexical-first selection,top_bm25,Lexical-first selection,difficulty,Difficulty-adaptive budget,Spend feedback on BM25's strongest candidates.,Allocate more labels to low-confidence/high-entropy queries.,816,12.0,0.08144796380090498,0.0,0.031195166227723264,0.03695652173913044,0.07953632045703656,0.020803678245882258,0.04086021505376344,0.11090164315970767,0.0,0.0,0.0,0.004901960784313725,0.029411764705882353,0.007032332028828415,0.5981403683476588,0.7144607843137255
cranfield,2,difficulty__top_lsa,Difficulty-adaptive budget + Semantic-first selection,top_lsa,Semantic-first selection,difficulty,Difficulty-adaptive budget,Spend feedback on latent-semantic candidates.,Allocate more labels to low-confidence/high-entropy queries.,816,12.0,0.083710407239819,0.0,0.031195166227723264,0.03695652173913044,0.07953632045703656,0.020803678245882258,0.04086021505376344,0.11090164315970767,0.0,0.0,0.0,0.007352941176470588,0.014705882352941176,0.01253696523752867,0.42082878465161605,0.7083333333333334
cranfield,2,difficulty__top_char,Difficulty-adaptive budget + Character-robust selection,top_char,Character-robust selection,difficulty,Difficulty-adaptive budget,Favor candidates supported by character-level similarity.,Allocate more labels to low-confidence/high-entropy queries.,816,12.0,0.08031674208144797,0.0,0.031195166227723264,0.03695652173913044,0.07953632045703656,0.020803678245882258,0.04086021505376344,0.11090164315970767,0.0,0.0,0.0,0.003676470588235294,0.014705882352941176,0.011265923725623711,0.5888782715534463,0.7218137254901961
cranfield,2,difficulty__top_title,Difficulty-adaptive budget + Title-focused selection,top_title,Title-focused selection,difficulty,Difficulty-adaptive budget,Favor concise title evidence before full-document evidence.,Allocate more labels to low-confidence/high-entropy queries.,816,12.0,0.07918552036199095,0.2,0.03301041274399668,0.04830917874396135,0.07408271609038872,0.015129035268408869,0.03225806451612903,0.08421193501838663,-0.005674642977473389,-0.008602150537634412,-0.026689708141321045,0.0024509803921568627,0.014705882352941176,0.012813773517515146,0.6207616520935998,0.7218137254901961
cranfield,2,difficulty__rrf_consensus,Difficulty-adaptive budget + Multi-retriever consensus,rrf_consensus,Multi-retriever consensus,difficulty,Difficulty-adaptive budget,Reward candidates jointly supported by several retrievers.,Allocate more labels to low-confidence/high-entropy queries.,816,12.0,0.08144796380090498,0.0,0.031195166227723264,0.03695652173913044,0.07953632045703656,0.020803678245882258,0.04086021505376344,0.11090164315970767,0.0,0.0,0.0,0.004901960784313725,0.014705882352941176,0.004704864513055951,0.5218343655852711,0.7267156862745098
cranfield,2,difficulty__retriever_disagreement,Difficulty-adaptive budget + Retriever disagreement,retriever_disagreement,Retriever disagreement,difficulty,Difficulty-adaptive budget,"Label pairs on which lexical, character and semantic retrievers disagree.",Allocate more labels to low-confidence/high-entropy queries.,816,12.0,0.08144796380090498,0.0,0.031195166227723264,0.03695652173913044,0.07953632045703656,0.020803678245882258,0.04086021505376344,0.11090164315970767,0.0,0.0,0.0,0.004901960784313725,0.014705882352941176,0.04525291050473849,0.5736209307523334,0.7034313725490197
cranfield,2,difficulty__uncertainty,Difficulty-adaptive budget + Current-model uncertainty,uncertainty,Current-model uncertainty,difficulty,Difficulty-adaptive budget,Label candidates nearest the current model's decision boundary.,Allocate more labels to low-confidence/high-entropy queries.,816,12.0,0.07692307692307693,0.0,0.031195166227723264,0.03695652173913044,0.07953632045703656,0.020803678245882258,0.04086021505376344,0.11090164315970767,0.0,0.0,0.0,0.0,0.0,0.11738338935024598,0.8200151990441715,0.7426470588235294
cranfield,2,difficulty__committee,Difficulty-adaptive budget + Bootstrap committee disagreement,committee,Bootstrap committee disagreement,difficulty,Difficulty-adaptive budget,Use epistemic disagreement across cheap student replicas.,Allocate more labels to low-confidence/high-entropy queries.,816,12.0,0.07805429864253394,0.0,0.031195166227723264,0.03695652173913044,0.07953632045703656,0.020803678245882258,0.04086021505376344,0.11090164315970767,0.0,0.0,0.0,0.0012254901960784314,0.014705882352941176,0.08254232542479739,0.7243962489506778,0.6691176470588235
cranfield,2,difficulty__false_positive,Difficulty-adaptive budget + Likely false-positive hunting,false_positive,Likely false-positive hunting,difficulty,Difficulty-adaptive budget,Inspect high-ranked candidates the current model distrusts.,Allocate more labels to low-confidence/high-entropy queries.,816,12.0,0.08144796380090498,0.0,0.031195166227723264,0.03695652173913044,0.07953632045703656,0.020803678245882258,0.04086021505376344,0.11090164315970767,0.0,0.0,0.0,0.004901960784313725,0.014705882352941176,0.00458660743692342,0.5339936175767113,0.7340686274509803
cranfield,2,difficulty__false_negative,Difficulty-adaptive budget + Likely false-negative hunting,false_negative,Likely false-negative hunting,difficulty,Difficulty-adaptive budget,Inspect low-ranked candidates the current model considers promising.,Allocate more labels to low-confidence/high-entropy queries.,816,12.0,0.07805429864253394,0.0,0.031195166227723264,0.03695652173913044,0.07953632045703656,0.020803678245882258,0.04086021505376344,0.11090164315970767,0.0,0.0,0.0,0.0012254901960784314,0.014705882352941176,0.20143502205610275,0.8176915286218419,0.7267156862745098
cranfield,2,difficulty__coverage,Difficulty-adaptive budget + Query-term coverage,coverage,Query-term coverage,difficulty,Difficulty-adaptive budget,Prefer documents covering more of the query's content.,Allocate more labels to low-confidence/high-entropy queries.,816,12.0,0.08031674208144797,0.0,0.031195166227723264,0.03695652173913044,0.07953632045703656,0.020803678245882258,0.04086021505376344,0.11090164315970767,0.0,0.0,0.0,0.003676470588235294,0.029411764705882353,0.011783625419233359,0.5862595761085257,0.6813725490196079
cranfield,2,difficulty__rank_strata,Difficulty-adaptive budget + Rank-stratified sampling,rank_strata,Rank-stratified sampling,difficulty,Difficulty-adaptive budget,Guarantee supervision from each rank band.,Allocate more labels to low-confidence/high-entropy queries.,816,12.0,0.08031674208144797,0.2,0.03352000398284823,0.049689440993788817,0.08141379081276778,0.015129035268408869,0.03225806451612903,0.0637050225759903,-0.005674642977473389,-0.008602150537634412,-0.047196620583717375,0.003676470588235294,0.029411764705882353,0.030487462074733247,0.733880288022406,0.7291666666666666
cranfield,2,difficulty__mmr_relevance,Difficulty-adaptive budget + Relevance–diversity MMR,mmr_relevance,Relevance–diversity MMR,difficulty,Difficulty-adaptive budget,Balance likely relevance with non-redundant documents.,Allocate more labels to low-confidence/high-entropy queries.,816,12.0,0.07692307692307693,0.0,0.031195166227723264,0.03695652173913044,0.07953632045703656,0.020803678245882258,0.04086021505376344,0.11090164315970767,0.0,0.0,0.0,0.0,0.0,0.01603035658013587,0.7368386979488766,0.7156862745098039
cranfield,2,difficulty__mmr_uncertainty,Difficulty-adaptive budget + Uncertainty–diversity MMR,mmr_uncertainty,Uncertainty–diversity MMR,difficulty,Difficulty-adaptive budget,Cover multiple uncertain semantic regions.,Allocate more labels to low-confidence/high-entropy queries.,816,12.0,0.07805429864253394,0.6,0.03217104722400484,0.04710144927536231,0.09515588844233344,0.021338162760018646,0.043676395289298516,0.10416966545998804,0.000534484514136388,0.002816180235535072,-0.0067319776997196296,0.0012254901960784314,0.014705882352941176,0.10573816657358524,0.8915569738430136,0.7242647058823529
cranfield,2,difficulty__farthest_first,Difficulty-adaptive budget + Semantic k-center coverage,farthest_first,Semantic k-center coverage,difficulty,Difficulty-adaptive budget,Cover the candidate manifold with farthest-first traversal.,Allocate more labels to low-confidence/high-entropy queries.,816,12.0,0.07692307692307693,0.2,0.03399503036065639,0.03881987577639751,0.12032306993943824,0.021303214088227038,0.039874551971326166,0.08398152027184284,0.0004995358423447796,-0.000985663082437277,-0.026920122887864828,0.0,0.0,0.0899986322311794,0.9080092722878736,0.6948529411764706
cranfield,2,difficulty__cluster_representatives,Difficulty-adaptive budget + Candidate-cluster representatives,cluster_representatives,Candidate-cluster representatives,difficulty,Difficulty-adaptive budget,Take representative documents from multiple semantic clusters.,Allocate more labels to low-confidence/high-entropy queries.,816,12.0,0.08031674208144797,0.0,0.031195166227723264,0.03695652173913044,0.07953632045703656,0.020803678245882258,0.04086021505376344,0.11090164315970767,0.0,0.0,0.0,0.003676470588235294,0.014705882352941176,0.05144080410108847,0.7500713984755909,0.6360294117647058
cranfield,2,difficulty__center_outlier_mix,Difficulty-adaptive budget + Typical–outlier mixture,center_outlier_mix,Typical–outlier mixture,difficulty,Difficulty-adaptive budget,Label both dense-region representatives and unusual candidates.,Allocate more labels to low-confidence/high-entropy queries.,816,12.0,0.08257918552036199,0.0,0.031195166227723264,0.03695652173913044,0.07953632045703656,0.020803678245882258,0.04086021505376344,0.11090164315970767,0.0,0.0,0.0,0.006127450980392157,0.029411764705882353,0.07042144772176649,0.7624801432385164,0.6299019607843137
cranfield,2,difficulty__hard_negative,Difficulty-adaptive budget + Hard-negative proxy,hard_negative,Hard-negative proxy,difficulty,Difficulty-adaptive budget,Prioritize high retrieval score but low relevance probability.,Allocate more labels to low-confidence/high-entropy queries.,816,12.0,0.08144796380090498,0.0,0.031195166227723264,0.03695652173913044,0.07953632045703656,0.020803678245882258,0.04086021505376344,0.11090164315970767,0.0,0.0,0.0,0.004901960784313725,0.014705882352941176,0.004376373454636219,0.531735521467293,0.7328431372549019
cranfield,2,difficulty__leverage,Difficulty-adaptive budget + Feature-space leverage,leverage,Feature-space leverage,difficulty,Difficulty-adaptive budget,Select statistically influential examples in the student feature space.,Allocate more labels to low-confidence/high-entropy queries.,816,12.0,0.07805429864253394,0.0,0.031195166227723264,0.03695652173913044,0.07953632045703656,0.020803678245882258,0.04086021505376344,0.11090164315970767,0.0,0.0,0.0,0.0012254901960784314,0.014705882352941176,0.11119374326046776,0.7829663893755745,0.7009803921568627
cranfield,2,difficulty__d_optimal,Difficulty-adaptive budget + D-optimal experimental design,d_optimal,D-optimal experimental design,difficulty,Difficulty-adaptive budget,Choose a set that maximizes feature-space information volume.,Allocate more labels to low-confidence/high-entropy queries.,816,12.0,0.08031674208144797,0.0,0.031195166227723264,0.03695652173913044,0.07953632045703656,0.020803678245882258,0.04086021505376344,0.11090164315970767,0.0,0.0,0.0,0.003676470588235294,0.029411764705882353,0.08870481590137762,0.7681723193210714,0.6838235294117647
cranfield,2,difficulty__portfolio,Difficulty-adaptive budget + Diversified policy portfolio,portfolio,Diversified policy portfolio,difficulty,Difficulty-adaptive budget,"Hedge across exploitation, uncertainty, disagreement, coverage and diversity.",Allocate more labels to low-confidence/high-entropy queries.,816,12.0,0.07918552036199095,0.0,0.031195166227723264,0.03695652173913044,0.07953632045703656,0.020803678245882258,0.04086021505376344,0.11090164315970767,0.0,0.0,0.0,0.0024509803921568627,0.014705882352941176,0.05633488085632231,0.725407155121074,0.7181372549019608
cranfield,2,disagreement__random,Disagreement-adaptive budget + Random exploration,random,Random exploration,disagreement,Disagreement-adaptive budget,A random but reproducible sample is a strong unbiased control.,Allocate more labels where retrievers and model replicas disagree.,816,12.0,0.07918552036199095,0.0,0.031195166227723264,0.03695652173913044,0.07953632045703656,0.020803678245882258,0.04086021505376344,0.11090164315970767,0.0,0.0,0.0,0.0024509803921568627,0.014705882352941176,0.06446043255866743,0.757528090301682,0.75
cranfield,2,disagreement__top_base,Disagreement-adaptive budget + Top current-retriever candidates,top_base,Top current-retriever candidates,disagreement,Disagreement-adaptive budget,Exploit the current retriever's highest-scoring documents.,Allocate more labels where retrievers and model replicas disagree.,816,12.0,0.08031674208144797,0.0,0.031195166227723264,0.03695652173913044,0.07953632045703656,0.020803678245882258,0.04086021505376344,0.11090164315970767,0.0,0.0,0.0,0.003676470588235294,0.014705882352941176,0.004254613144724977,0.5222247836782652,0.7169117647058824
cranfield,2,disagreement__uniform_rank,Disagreement-adaptive budget + Uniform rank coverage,uniform_rank,Uniform rank coverage,disagreement,Disagreement-adaptive budget,Spread labels across the whole candidate ranking instead of only its head.,Allocate more labels where retrievers and model replicas disagree.,816,12.0,0.08144796380090498,0.0,0.031195166227723264,0.03695652173913044,0.07953632045703656,0.020803678245882258,0.04086021505376344,0.11090164315970767,0.0,0.0,0.0,0.004901960784313725,0.04411764705882353,0.03100516457183688,0.6884443764300907,0.7144607843137255
cranfield,2,disagreement__head_tail,Disagreement-adaptive budget + Head–tail mixture,head_tail,Head–tail mixture,disagreement,Disagreement-adaptive budget,Label both likely positives/hard negatives and clear negatives.,Allocate more labels where retrievers and model replicas disagree.,816,12.0,0.08031674208144797,0.0,0.031195166227723264,0.03695652173913044,0.07953632045703656,0.020803678245882258,0.04086021505376344,0.11090164315970767,0.0,0.0,0.0,0.003676470588235294,0.014705882352941176,0.1240110209613454,0.7212973754195606,0.7303921568627451
cranfield,2,disagreement__top_bm25,Disagreement-adaptive budget + Lexical-first selection,top_bm25,Lexical-first selection,disagreement,Disagreement-adaptive budget,Spend feedback on BM25's strongest candidates.,Allocate more labels where retrievers and model replicas disagree.,816,12.0,0.08144796380090498,0.0,0.031195166227723264,0.03695652173913044,0.07953632045703656,0.020803678245882258,0.04086021505376344,0.11090164315970767,0.0,0.0,0.0,0.004901960784313725,0.029411764705882353,0.006600476290081062,0.5805952594999004,0.7144607843137255
cranfield,2,disagreement__top_lsa,Disagreement-adaptive budget + Semantic-first selection,top_lsa,Semantic-first selection,disagreement,Disagreement-adaptive budget,Spend feedback on latent-semantic candidates.,Allocate more labels where retrievers and model replicas disagree.,816,12.0,0.08484162895927602,0.0,0.031195166227723264,0.03695652173913044,0.07953632045703656,0.020803678245882258,0.04086021505376344,0.11090164315970767,0.0,0.0,0.0,0.00857843137254902,0.029411764705882353,0.014053279351370008,0.4141959352966617,0.7144607843137255
cranfield,2,disagreement__top_char,Disagreement-adaptive budget + Character-robust selection,top_char,Character-robust selection,disagreement,Disagreement-adaptive budget,Favor candidates supported by character-level similarity.,Allocate more labels where retrievers and model replicas disagree.,816,12.0,0.08031674208144797,0.0,0.031195166227723264,0.03695652173913044,0.07953632045703656,0.020803678245882258,0.04086021505376344,0.11090164315970767,0.0,0.0,0.0,0.003676470588235294,0.014705882352941176,0.013356878038714914,0.5724435122135807,0.7193627450980392
cranfield,2,disagreement__top_title,Disagreement-adaptive budget + Title-focused selection,top_title,Title-focused selection,disagreement,Disagreement-adaptive budget,Favor concise title evidence before full-document evidence.,Allocate more labels where retrievers and model replicas disagree.,816,12.0,0.07918552036199095,0.0,0.031195166227723264,0.03695652173913044,0.07953632045703656,0.020803678245882258,0.04086021505376344,0.11090164315970767,0.0,0.0,0.0,0.0024509803921568627,0.014705882352941176,0.012687632412302727,0.606125512653414,0.7242647058823529
cranfield,2,disagreement__rrf_consensus,Disagreement-adaptive budget + Multi-retriever consensus,rrf_consensus,Multi-retriever consensus,disagreement,Disagreement-adaptive budget,Reward candidates jointly supported by several retrievers.,Allocate more labels where retrievers and model replicas disagree.,816,12.0,0.08144796380090498,0.0,0.031195166227723264,0.03695652173913044,0.07953632045703656,0.020803678245882258,0.04086021505376344,0.11090164315970767,0.0,0.0,0.0,0.004901960784313725,0.014705882352941176,0.004692600565213783,0.5114943777375361,0.7218137254901961
cranfield,2,disagreement__retriever_disagreement,Disagreement-adaptive budget + Retriever disagreement,retriever_disagreement,Retriever disagreement,disagreement,Disagreement-adaptive budget,"Label pairs on which lexical, character and semantic retrievers disagree.",Allocate more labels where retrievers and model replicas disagree.,816,12.0,0.08257918552036199,0.4,0.03197392010655989,0.04891304347826087,0.06122274996955304,0.019285879269729876,0.0439068100358423,0.0915241568467375,-0.001517798976152382,0.0030465949820788554,-0.019377486312970177,0.006127450980392157,0.029411764705882353,0.04961702205678996,0.5689442482064752,0.7022058823529411
cranfield,2,disagreement__uncertainty,Disagreement-adaptive budget + Current-model uncertainty,uncertainty,Current-model uncertainty,disagreement,Disagreement-adaptive budget,Label candidates nearest the current model's decision boundary.,Allocate more labels where retrievers and model replicas disagree.,816,12.0,0.07692307692307693,0.0,0.031195166227723264,0.03695652173913044,0.07953632045703656,0.020803678245882258,0.04086021505376344,0.11090164315970767,0.0,0.0,0.0,0.0,0.0,0.11861150733688298,0.8190009848159903,0.7365196078431373
cranfield,2,disagreement__committee,Disagreement-adaptive budget + Bootstrap committee disagreement,committee,Bootstrap committee disagreement,disagreement,Disagreement-adaptive budget,Use epistemic disagreement across cheap student replicas.,Allocate more labels where retrievers and model replicas disagree.,816,12.0,0.07918552036199095,0.0,0.031195166227723264,0.03695652173913044,0.07953632045703656,0.020803678245882258,0.04086021505376344,0.11090164315970767,0.0,0.0,0.0,0.0024509803921568627,0.029411764705882353,0.08499155427310981,0.7269053152378868,0.6727941176470589
cranfield,2,disagreement__false_positive,Disagreement-adaptive budget + Likely false-positive hunting,false_positive,Likely false-positive hunting,disagreement,Disagreement-adaptive budget,Inspect high-ranked candidates the current model distrusts.,Allocate more labels where retrievers and model replicas disagree.,816,12.0,0.08144796380090498,0.0,0.031195166227723264,0.03695652173913044,0.07953632045703656,0.020803678245882258,0.04086021505376344,0.11090164315970767,0.0,0.0,0.0,0.004901960784313725,0.014705882352941176,0.004522661441097073,0.5207725930958986,0.7205882352941176
cranfield,2,disagreement__false_negative,Disagreement-adaptive budget + Likely false-negative hunting,false_negative,Likely false-negative hunting,disagreement,Disagreement-adaptive budget,Inspect low-ranked candidates the current model considers promising.,Allocate more labels where retrievers and model replicas disagree.,816,12.0,0.07918552036199095,0.0,0.031195166227723264,0.03695652173913044,0.07953632045703656,0.020803678245882258,0.04086021505376344,0.11090164315970767,0.0,0.0,0.0,0.0024509803921568627,0.029411764705882353,0.20455700049505515,0.8138900355381125,0.7181372549019608
cranfield,2,disagreement__coverage,Disagreement-adaptive budget + Query-term coverage,coverage,Query-term coverage,disagreement,Disagreement-adaptive budget,Prefer documents covering more of the query's content.,Allocate more labels where retrievers and model replicas disagree.,816,12.0,0.08031674208144797,0.0,0.031195166227723264,0.03695652173913044,0.07953632045703656,0.020803678245882258,0.04086021505376344,0.11090164315970767,0.0,0.0,0.0,0.003676470588235294,0.029411764705882353,0.011564631526376688,0.5842981605845339,0.6727941176470589
cranfield,2,disagreement__rank_strata,Disagreement-adaptive budget + Rank-stratified sampling,rank_strata,Rank-stratified sampling,disagreement,Disagreement-adaptive budget,Guarantee supervision from each rank band.,Allocate more labels where retrievers and model replicas disagree.,816,12.0,0.08031674208144797,0.2,0.033738888629774984,0.050724637681159424,0.08131027114403074,0.015129035268408869,0.03225806451612903,0.08213820229949262,-0.005674642977473389,-0.008602150537634412,-0.028763440860215053,0.003676470588235294,0.029411764705882353,0.03316181584023962,0.7326597659026876,0.7377450980392157
cranfield,2,disagreement__mmr_relevance,Disagreement-adaptive budget + Relevance–diversity MMR,mmr_relevance,Relevance–diversity MMR,disagreement,Disagreement-adaptive budget,Balance likely relevance with non-redundant documents.,Allocate more labels where retrievers and model replicas disagree.,816,12.0,0.07805429864253394,0.0,0.031195166227723264,0.03695652173913044,0.07953632045703656,0.020803678245882258,0.04086021505376344,0.11090164315970767,0.0,0.0,0.0,0.0012254901960784314,0.014705882352941176,0.014797858382556952,0.732783325454768,0.7181372549019608
cranfield,2,disagreement__mmr_uncertainty,Disagreement-adaptive budget + Uncertainty–diversity MMR,mmr_uncertainty,Uncertainty–diversity MMR,disagreement,Disagreement-adaptive budget,Cover multiple uncertain semantic regions.,Allocate more labels where retrievers and model replicas disagree.,816,12.0,0.07805429864253394,0.6,0.032245416866771376,0.04855072463768116,0.08759895262452808,0.021398734810832928,0.0439068100358423,0.09297387200613008,0.0005950565649506696,0.0030465949820788554,-0.01792777115357759,0.0012254901960784314,0.014705882352941176,0.10719754210874147,0.8910368374165367,0.7205882352941176
cranfield,2,disagreement__farthest_first,Disagreement-adaptive budget + Semantic k-center coverage,farthest_first,Semantic k-center coverage,disagreement,Disagreement-adaptive budget,Cover the candidate manifold with farthest-first traversal.,Allocate more labels where retrievers and model replicas disagree.,816,12.0,0.07692307692307693,0.2,0.03421391500758314,0.03985507246376811,0.11851147573653967,0.021423112284387587,0.039426523297491044,0.08398152027184284,0.0006194340385053294,-0.0014336917562723997,-0.026920122887864828,0.0,0.0,0.08835179796990227,0.9070059735985363,0.6813725490196079
cranfield,2,disagreement__cluster_representatives,Disagreement-adaptive budget + Candidate-cluster representatives,cluster_representatives,Candidate-cluster representatives,disagreement,Disagreement-adaptive budget,Take representative documents from multiple semantic clusters.,Allocate more labels where retrievers and model replicas disagree.,816,12.0,0.08031674208144797,0.0,0.031195166227723264,0.03695652173913044,0.07953632045703656,0.020803678245882258,0.04086021505376344,0.11090164315970767,0.0,0.0,0.0,0.003676470588235294,0.014705882352941176,0.049871055299744886,0.7549260232378455,0.6372549019607843
cranfield,2,disagreement__center_outlier_mix,Disagreement-adaptive budget + Typical–outlier mixture,center_outlier_mix,Typical–outlier mixture,disagreement,Disagreement-adaptive budget,Label both dense-region representatives and unusual candidates.,Allocate more labels where retrievers and model replicas disagree.,816,12.0,0.08257918552036199,0.2,0.03160291770243556,0.03743961352657005,0.10289163096068467,0.01882953139893564,0.03686635944700461,0.0975582661066532,-0.0019741468469466165,-0.003993855606758835,-0.013343377053054467,0.006127450980392157,0.029411764705882353,0.07113361555863829,0.7631135635516223,0.6213235294117647
cranfield,2,disagreement__hard_negative,Disagreement-adaptive budget + Hard-negative proxy,hard_negative,Hard-negative proxy,disagreement,Disagreement-adaptive budget,Prioritize high retrieval score but low relevance probability.,Allocate more labels where retrievers and model replicas disagree.,816,12.0,0.08144796380090498,0.0,0.031195166227723264,0.03695652173913044,0.07953632045703656,0.020803678245882258,0.04086021505376344,0.11090164315970767,0.0,0.0,0.0,0.004901960784313725,0.014705882352941176,0.004401776866585601,0.5182034768821562,0.7242647058823529
cranfield,2,disagreement__leverage,Disagreement-adaptive budget + Feature-space leverage,leverage,Feature-space leverage,disagreement,Disagreement-adaptive budget,Select statistically influential examples in the student feature space.,Allocate more labels where retrievers and model replicas disagree.,816,12.0,0.07805429864253394,0.0,0.031195166227723264,0.03695652173913044,0.07953632045703656,0.020803678245882258,0.04086021505376344,0.11090164315970767,0.0,0.0,0.0,0.0012254901960784314,0.014705882352941176,0.11347128063732502,0.7834923468968448,0.6924019607843137
cranfield,2,disagreement__d_optimal,Disagreement-adaptive budget + D-optimal experimental design,d_optimal,D-optimal experimental design,disagreement,Disagreement-adaptive budget,Choose a set that maximizes feature-space information volume.,Allocate more labels where retrievers and model replicas disagree.,816,12.0,0.08031674208144797,0.0,0.031195166227723264,0.03695652173913044,0.07953632045703656,0.020803678245882258,0.04086021505376344,0.11090164315970767,0.0,0.0,0.0,0.003676470588235294,0.029411764705882353,0.09034464267246864,0.7673981820835787,0.6776960784313726
cranfield,2,disagreement__portfolio,Disagreement-adaptive budget + Diversified policy portfolio,portfolio,Diversified policy portfolio,disagreement,Disagreement-adaptive budget,"Hedge across exploitation, uncertainty, disagreement, coverage and diversity.",Allocate more labels where retrievers and model replicas disagree.,816,12.0,0.07918552036199095,0.0,0.031195166227723264,0.03695652173913044,0.07953632045703656,0.020803678245882258,0.04086021505376344,0.11090164315970767,0.0,0.0,0.0,0.0024509803921568627,0.014705882352941176,0.05833911362524126,0.7290188941885444,0.7095588235294118
cranfield,2,topic_balanced__random,Topic-balanced budget + Random exploration,random,Random exploration,topic_balanced,Topic-balanced budget,A random but reproducible sample is a strong unbiased control.,"Equalize total feedback across query clusters, not raw query counts.",816,12.0,0.07692307692307693,0.4,0.03413247809312125,0.02898550724637681,0.10174613323590305,0.016136167194563348,0.035842293906810034,0.09478926091829316,-0.00466751105131891,-0.005017921146953409,-0.016112382241414508,0.0,0.0,0.06280921823253818,0.7585568059893215,0.7610294117647058
cranfield,2,topic_balanced__top_base,Topic-balanced budget + Top current-retriever candidates,top_base,Top current-retriever candidates,topic_balanced,Topic-balanced budget,Exploit the current retriever's highest-scoring documents.,"Equalize total feedback across query clusters, not raw query counts.",816,12.0,0.08031674208144797,0.0,0.031195166227723264,0.03695652173913044,0.07953632045703656,0.020803678245882258,0.04086021505376344,0.11090164315970767,0.0,0.0,0.0,0.003676470588235294,0.014705882352941176,0.004815237487063688,0.5192596851026311,0.7267156862745098
cranfield,2,topic_balanced__uniform_rank,Topic-balanced budget + Uniform rank coverage,uniform_rank,Uniform rank coverage,topic_balanced,Topic-balanced budget,Spread labels across the whole candidate ranking instead of only its head.,"Equalize total feedback across query clusters, not raw query counts.",816,12.0,0.083710407239819,0.0,0.031195166227723264,0.03695652173913044,0.07953632045703656,0.020803678245882258,0.04086021505376344,0.11090164315970767,0.0,0.0,0.0,0.007352941176470588,0.04411764705882353,0.03275799181531457,0.6928975967799916,0.7254901960784313
cranfield,2,topic_balanced__head_tail,Topic-balanced budget + Head–tail mixture,head_tail,Head–tail mixture,topic_balanced,Topic-balanced budget,Label both likely positives/hard negatives and clear negatives.,"Equalize total feedback across query clusters, not raw query counts.",816,12.0,0.07918552036199095,0.0,0.031195166227723264,0.03695652173913044,0.07953632045703656,0.020803678245882258,0.04086021505376344,0.11090164315970767,0.0,0.0,0.0,0.0024509803921568627,0.014705882352941176,0.11631820212100066,0.718997465337024,0.7279411764705882
cranfield,2,topic_balanced__top_bm25,Topic-balanced budget + Lexical-first selection,top_bm25,Lexical-first selection,topic_balanced,Topic-balanced budget,Spend feedback on BM25's strongest candidates.,"Equalize total feedback across query clusters, not raw query counts.",816,12.0,0.08144796380090498,0.0,0.031195166227723264,0.03695652173913044,0.07953632045703656,0.020803678245882258,0.04086021505376344,0.11090164315970767,0.0,0.0,0.0,0.004901960784313725,0.029411764705882353,0.007823338622556013,0.5785547727171112,0.7107843137254902
cranfield,2,topic_balanced__top_lsa,Topic-balanced budget + Semantic-first selection,top_lsa,Semantic-first selection,topic_balanced,Topic-balanced budget,Spend feedback on latent-semantic candidates.,"Equalize total feedback across query clusters, not raw query counts.",816,12.0,0.08597285067873303,0.0,0.031195166227723264,0.03695652173913044,0.07953632045703656,0.020803678245882258,0.04086021505376344,0.11090164315970767,0.0,0.0,0.0,0.00980392156862745,0.04411764705882353,0.01339191731576826,0.4115764851517537,0.6887254901960784
cranfield,2,topic_balanced__top_char,Topic-balanced budget + Character-robust selection,top_char,Character-robust selection,topic_balanced,Topic-balanced budget,Favor candidates supported by character-level similarity.,"Equalize total feedback across query clusters, not raw query counts.",816,12.0,0.08144796380090498,0.0,0.031195166227723264,0.03695652173913044,0.07953632045703656,0.020803678245882258,0.04086021505376344,0.11090164315970767,0.0,0.0,0.0,0.004901960784313725,0.029411764705882353,0.012693764386223811,0.5681007486932418,0.6973039215686274
cranfield,2,topic_balanced__top_title,Topic-balanced budget + Title-focused selection,top_title,Title-focused selection,topic_balanced,Topic-balanced budget,Favor concise title evidence before full-document evidence.,"Equalize total feedback across query clusters, not raw query counts.",816,12.0,0.07918552036199095,0.0,0.031195166227723264,0.03695652173913044,0.07953632045703656,0.020803678245882258,0.04086021505376344,0.11090164315970767,0.0,0.0,0.0,0.0024509803921568627,0.014705882352941176,0.013692377025590223,0.6143497739206342,0.6997549019607843
cranfield,2,topic_balanced__rrf_consensus,Topic-balanced budget + Multi-retriever consensus,rrf_consensus,Multi-retriever consensus,topic_balanced,Topic-balanced budget,Reward candidates jointly supported by several retrievers.,"Equalize total feedback across query clusters, not raw query counts.",816,12.0,0.08144796380090498,1.0,0.03667427995090525,0.04830917874396135,0.1108695652173913,0.025312122897585398,0.039874551971326166,0.0881336405529954,0.00450844465170314,-0.000985663082437277,-0.022768002606712273,0.004901960784313725,0.014705882352941176,0.005233954126928367,0.5082561994957573,0.7046568627450981
cranfield,2,topic_balanced__retriever_disagreement,Topic-balanced budget + Retriever disagreement,retriever_disagreement,Retriever disagreement,topic_balanced,Topic-balanced budget,"Label pairs on which lexical, character and semantic retrievers disagree.","Equalize total feedback across query clusters, not raw query counts.",816,12.0,0.08484162895927602,0.4,0.03197392010655989,0.04891304347826087,0.06517531913951351,0.02133816276001864,0.0439068100358423,0.09510838623741849,0.000534484514136381,0.0030465949820788554,-0.01579325692228918,0.00857843137254902,0.04411764705882353,0.04399851249421344,0.5681730649050545,0.696078431372549
cranfield,2,topic_balanced__uncertainty,Topic-balanced budget + Current-model uncertainty,uncertainty,Current-model uncertainty,topic_balanced,Topic-balanced budget,Label candidates nearest the current model's decision boundary.,"Equalize total feedback across query clusters, not raw query counts.",816,12.0,0.07805429864253394,0.0,0.031195166227723264,0.03695652173913044,0.07953632045703656,0.020803678245882258,0.04086021505376344,0.11090164315970767,0.0,0.0,0.0,0.0012254901960784314,0.014705882352941176,0.11415454190151364,0.8196885638377246,0.7352941176470589
cranfield,2,topic_balanced__committee,Topic-balanced budget + Bootstrap committee disagreement,committee,Bootstrap committee disagreement,topic_balanced,Topic-balanced budget,Use epistemic disagreement across cheap student replicas.,"Equalize total feedback across query clusters, not raw query counts.",816,12.0,0.07918552036199095,0.0,0.031195166227723264,0.03695652173913044,0.07953632045703656,0.020803678245882258,0.04086021505376344,0.11090164315970767,0.0,0.0,0.0,0.0024509803921568627,0.029411764705882353,0.08221471061309178,0.7253890879013959,0.6727941176470589
cranfield,2,topic_balanced__false_positive,Topic-balanced budget + Likely false-positive hunting,false_positive,Likely false-positive hunting,topic_balanced,Topic-balanced budget,Inspect high-ranked candidates the current model distrusts.,"Equalize total feedback across query clusters, not raw query counts.",816,12.0,0.08031674208144797,0.0,0.031195166227723264,0.03695652173913044,0.07953632045703656,0.020803678245882258,0.04086021505376344,0.11090164315970767,0.0,0.0,0.0,0.003676470588235294,0.014705882352941176,0.005188403176326377,0.5185901820659637,0.7120098039215687
cranfield,2,topic_balanced__false_negative,Topic-balanced budget + Likely false-negative hunting,false_negative,Likely false-negative hunting,topic_balanced,Topic-balanced budget,Inspect low-ranked candidates the current model considers promising.,"Equalize total feedback across query clusters, not raw query counts.",816,12.0,0.07918552036199095,0.0,0.031195166227723264,0.03695652173913044,0.07953632045703656,0.020803678245882258,0.04086021505376344,0.11090164315970767,0.0,0.0,0.0,0.0024509803921568627,0.029411764705882353,0.1923196176980056,0.8116019736318028,0.7205882352941176
cranfield,2,topic_balanced__coverage,Topic-balanced budget + Query-term coverage,coverage,Query-term coverage,topic_balanced,Topic-balanced budget,Prefer documents covering more of the query's content.,"Equalize total feedback across query clusters, not raw query counts.",816,12.0,0.08144796380090498,0.0,0.031195166227723264,0.03695652173913044,0.07953632045703656,0.020803678245882258,0.04086021505376344,0.11090164315970767,0.0,0.0,0.0,0.004901960784313725,0.04411764705882353,0.01209109334969053,0.5806318197180244,0.6568627450980392
cranfield,2,topic_balanced__rank_strata,Topic-balanced budget + Rank-stratified sampling,rank_strata,Rank-stratified sampling,topic_balanced,Topic-balanced budget,Guarantee supervision from each rank band.,"Equalize total feedback across query clusters, not raw query counts.",816,12.0,0.08031674208144797,0.2,0.03310064542945997,0.049689440993788817,0.07396037466369947,0.015129035268408869,0.03225806451612903,0.0683133175068659,-0.005674642977473389,-0.008602150537634412,-0.04258832565284178,0.003676470588235294,0.029411764705882353,0.03399399251622312,0.7320877063800307,0.7267156862745098
cranfield,2,topic_balanced__mmr_relevance,Topic-balanced budget + Relevance–diversity MMR,mmr_relevance,Relevance–diversity MMR,topic_balanced,Topic-balanced budget,Balance likely relevance with non-redundant documents.,"Equalize total feedback across query clusters, not raw query counts.",816,12.0,0.07692307692307693,0.0,0.031195166227723264,0.03695652173913044,0.07953632045703656,0.020803678245882258,0.04086021505376344,0.11090164315970767,0.0,0.0,0.0,0.0,0.0,0.016473600677415438,0.7365342540776029,0.7095588235294118
cranfield,2,topic_balanced__mmr_uncertainty,Topic-balanced budget + Uncertainty–diversity MMR,mmr_uncertainty,Uncertainty–diversity MMR,topic_balanced,Topic-balanced budget,Cover multiple uncertain semantic regions.,"Equalize total feedback across query clusters, not raw query counts.",816,12.0,0.07805429864253394,0.4,0.03454729683952891,0.03985507246376811,0.10208713920350748,0.021924302609815986,0.040898617511520734,0.08174263012972689,0.0011206243639337275,3.840245775729029e-05,-0.02915901302998078,0.0012254901960784314,0.014705882352941176,0.1046493284988637,0.8927430633236381,0.7169117647058824
cranfield,2,topic_balanced__farthest_first,Topic-balanced budget + Semantic k-center coverage,farthest_first,Semantic k-center coverage,topic_balanced,Topic-balanced budget,Cover the candidate manifold with farthest-first traversal.,"Equalize total feedback across query clusters, not raw query counts.",816,12.0,0.07805429864253394,0.2,0.033690168992287155,0.03664596273291925,0.11300611153552331,0.021525596106400115,0.039874551971326166,0.08398152027184284,0.0007219178605178574,-0.000985663082437277,-0.026920122887864828,0.0012254901960784314,0.014705882352941176,0.08536997576262437,0.9082892922794118,0.6973039215686274
cranfield,2,topic_balanced__cluster_representatives,Topic-balanced budget + Candidate-cluster representatives,cluster_representatives,Candidate-cluster representatives,topic_balanced,Topic-balanced budget,Take representative documents from multiple semantic clusters.,"Equalize total feedback across query clusters, not raw query counts.",816,12.0,0.08031674208144797,0.0,0.031195166227723264,0.03695652173913044,0.07953632045703656,0.020803678245882258,0.04086021505376344,0.11090164315970767,0.0,0.0,0.0,0.003676470588235294,0.014705882352941176,0.045664618997012865,0.7471282280543271,0.633578431372549
cranfield,2,topic_balanced__center_outlier_mix,Topic-balanced budget + Typical–outlier mixture,center_outlier_mix,Typical–outlier mixture,topic_balanced,Topic-balanced budget,Label both dense-region representatives and unusual candidates.,"Equalize total feedback across query clusters, not raw query counts.",816,12.0,0.083710407239819,0.2,0.03156229096656078,0.03804347826086957,0.1115872831345977,0.01882953139893564,0.03686635944700461,0.10344664296277198,-0.0019741468469466165,-0.003993855606758835,-0.007455000196935693,0.007352941176470588,0.029411764705882353,0.06715318188071251,0.7628483421662274,0.6237745098039216
cranfield,2,topic_balanced__hard_negative,Topic-balanced budget + Hard-negative proxy,hard_negative,Hard-negative proxy,topic_balanced,Topic-balanced budget,Prioritize high retrieval score but low relevance probability.,"Equalize total feedback across query clusters, not raw query counts.",816,12.0,0.08031674208144797,0.0,0.031195166227723264,0.03695652173913044,0.07953632045703656,0.020803678245882258,0.04086021505376344,0.11090164315970767,0.0,0.0,0.0,0.003676470588235294,0.014705882352941176,0.005000944450205448,0.5185227604473338,0.7242647058823529
cranfield,2,topic_balanced__leverage,Topic-balanced budget + Feature-space leverage,leverage,Feature-space leverage,topic_balanced,Topic-balanced budget,Select statistically influential examples in the student feature space.,"Equalize total feedback across query clusters, not raw query counts.",816,12.0,0.07805429864253394,0.0,0.031195166227723264,0.03695652173913044,0.07953632045703656,0.020803678245882258,0.04086021505376344,0.11090164315970767,0.0,0.0,0.0,0.0012254901960784314,0.014705882352941176,0.1064888768482442,0.7788868537720512,0.7022058823529411
cranfield,2,topic_balanced__d_optimal,Topic-balanced budget + D-optimal experimental design,d_optimal,D-optimal experimental design,topic_balanced,Topic-balanced budget,Choose a set that maximizes feature-space information volume.,"Equalize total feedback across query clusters, not raw query counts.",816,12.0,0.08144796380090498,0.0,0.031195166227723264,0.03695652173913044,0.07953632045703656,0.020803678245882258,0.04086021505376344,0.11090164315970767,0.0,0.0,0.0,0.004901960784313725,0.04411764705882353,0.08711491963442634,0.7602159556220559,0.6850490196078431
cranfield,2,topic_balanced__portfolio,Topic-balanced budget + Diversified policy portfolio,portfolio,Diversified policy portfolio,topic_balanced,Topic-balanced budget,"Hedge across exploitation, uncertainty, disagreement, coverage and diversity.","Equalize total feedback across query clusters, not raw query counts.",816,12.0,0.07918552036199095,0.0,0.031195166227723264,0.03695652173913044,0.07953632045703656,0.020803678245882258,0.04086021505376344,0.11090164315970767,0.0,0.0,0.0,0.0024509803921568627,0.014705882352941176,0.056510952100449915,0.7233581148526248,0.7242647058823529
