dataset,seed,config_id,direction,selector,selector_title,allocation,allocation_title,selector_hypothesis,allocation_hypothesis,budget_total,budget_mean,label_positive_rate_train,alpha,val_ndcg10,val_mrr10,val_recall100,test_ndcg10,test_mrr10,test_recall100,delta_base_ndcg10,delta_base_mrr10,delta_base_recall100,feedback_positive_rate,queries_with_positive_rate,mean_rank_percentile,semantic_diversity,unique_doc_fraction
scifact,0,uniform__random,Uniform per-query budget + Random exploration,random,Random exploration,uniform,Uniform per-query budget,A random but reproducible sample is a strong unbiased control.,Give every query the same number of feedback calls.,1620,12.0,0.07692307692307693,0.6,0.661305589901145,0.6149029982363315,0.8555555555555555,0.675551617640317,0.6395568783068784,0.8366666666666667,0.003750612137244147,0.011759259259259247,-0.1266666666666666,0.0,0.0,0.031747597676736336,0.6907453574516155,0.8444444444444444
scifact,0,uniform__top_base,Uniform per-query budget + Top current-retriever candidates,top_base,Top current-retriever candidates,uniform,Uniform per-query budget,Exploit the current retriever's highest-scoring documents.,Give every query the same number of feedback calls.,1620,12.0,0.08319088319088319,0.2,0.6358407486707511,0.60320987654321,0.9333333333333333,0.6712307878339226,0.6329166666666666,0.9349999999999999,-0.0005702176691502192,0.005119047619047468,-0.02833333333333332,0.006790123456790123,0.05185185185185185,0.0012847206474822243,0.5312644217853193,0.7858024691358024
scifact,0,uniform__uniform_rank,Uniform per-query budget + Uniform rank coverage,uniform_rank,Uniform rank coverage,uniform,Uniform per-query budget,Spread labels across the whole candidate ranking instead of only its head.,Give every query the same number of feedback calls.,1620,12.0,0.07806267806267807,0.4,0.6597868668657636,0.6141269841269841,0.8777777777777778,0.6778260363413153,0.6348148148148148,0.8733333333333333,0.006025030838242462,0.0070171957671957275,-0.08999999999999997,0.0012345679012345679,0.007407407407407408,0.011948410890720509,0.6471914818993321,0.8487654320987654
scifact,0,uniform__head_tail,Uniform per-query budget + Head–tail mixture,head_tail,Head–tail mixture,uniform,Uniform per-query budget,Label both likely positives/hard negatives and clear negatives.,Give every query the same number of feedback calls.,1620,12.0,0.08148148148148149,0.6,0.6509046509362856,0.6174603174603175,0.8888888888888888,0.6255623010484471,0.5984722222222222,0.8599999999999999,-0.046238704454625745,-0.02932539682539692,-0.10333333333333339,0.0049382716049382715,0.05185185185185185,0.08771733663700244,0.6692766898208194,0.8160493827160494
scifact,0,uniform__top_bm25,Uniform per-query budget + Lexical-first selection,top_bm25,Lexical-first selection,uniform,Uniform per-query budget,Spend feedback on BM25's strongest candidates.,Give every query the same number of feedback calls.,1620,12.0,0.08319088319088319,0.2,0.6322186803924811,0.5925308641975309,0.9333333333333333,0.685387622067584,0.6452050264550266,0.9299999999999999,0.0135866165645111,0.017407407407407538,-0.033333333333333326,0.006790123456790123,0.05925925925925926,0.0022837859980853986,0.5795896374517017,0.7870370370370371
scifact,0,uniform__top_lsa,Uniform per-query budget + Semantic-first selection,top_lsa,Semantic-first selection,uniform,Uniform per-query budget,Spend feedback on latent-semantic candidates.,Give every query the same number of feedback calls.,1620,12.0,0.08034188034188035,0.2,0.625372387451076,0.5865696649029982,0.9333333333333333,0.6590330879259866,0.6235185185185185,0.8933333333333332,-0.012767917577086285,-0.004279100529100632,-0.07000000000000006,0.003703703703703704,0.037037037037037035,0.01201654933852914,0.3356275143446746,0.7432098765432099
scifact,0,uniform__top_char,Uniform per-query budget + Character-robust selection,top_char,Character-robust selection,uniform,Uniform per-query budget,Favor candidates supported by character-level similarity.,Give every query the same number of feedback calls.,1620,12.0,0.08319088319088319,0.2,0.6098005577180632,0.5917283950617284,0.8888888888888888,0.6462186891147058,0.624074074074074,0.9183333333333332,-0.025582316388367055,-0.003723544973545101,-0.04500000000000004,0.006790123456790123,0.044444444444444446,0.011034995059908173,0.5683446946519393,0.8049382716049382
scifact,0,uniform__top_title,Uniform per-query budget + Title-focused selection,top_title,Title-focused selection,uniform,Uniform per-query budget,Favor concise title evidence before full-document evidence.,Give every query the same number of feedback calls.,1620,12.0,0.08034188034188035,0.4,0.6541775529062751,0.6160141093474427,0.9,0.6436935036230835,0.611388888888889,0.8366666666666666,-0.02810750187998934,-0.016408730158730123,-0.1266666666666667,0.003703703703703704,0.037037037037037035,0.005746030917874089,0.6515828488049684,0.7728395061728395
scifact,0,uniform__rrf_consensus,Uniform per-query budget + Multi-retriever consensus,rrf_consensus,Multi-retriever consensus,uniform,Uniform per-query budget,Reward candidates jointly supported by several retrievers.,Give every query the same number of feedback calls.,1620,12.0,0.08205128205128205,0.2,0.6335105854691079,0.6034215167548501,0.9111111111111111,0.6546584392844876,0.626984126984127,0.9349999999999999,-0.01714256621858523,-0.0008134920634921272,-0.02833333333333332,0.005555555555555556,0.044444444444444446,0.0015953877457865963,0.5218122527555183,0.782716049382716
scifact,0,uniform__retriever_disagreement,Uniform per-query budget + Retriever disagreement,retriever_disagreement,Retriever disagreement,uniform,Uniform per-query budget,"Label pairs on which lexical, character and semantic retrievers disagree.",Give every query the same number of feedback calls.,1620,12.0,0.07863247863247863,0.0,0.6039019243917362,0.5809876543209876,0.9777777777777777,0.6718010055030729,0.6277976190476191,0.9633333333333333,0.0,0.0,0.0,0.001851851851851852,0.014814814814814815,0.03400029142697652,0.4332277652842027,0.7808641975308642
scifact,0,uniform__uncertainty,Uniform per-query budget + Current-model uncertainty,uncertainty,Current-model uncertainty,uniform,Uniform per-query budget,Label candidates nearest the current model's decision boundary.,Give every query the same number of feedback calls.,1620,12.0,0.07806267806267807,0.4,0.6504366873545395,0.5965696649029982,0.9555555555555556,0.6576860960992065,0.6237433862433862,0.9216666666666666,-0.014114909403866394,-0.0040542328042328935,-0.04166666666666663,0.0012345679012345679,0.007407407407407408,0.03381315274738971,0.5716775701001838,0.8265432098765432
scifact,0,uniform__committee,Uniform per-query budget + Bootstrap committee disagreement,committee,Bootstrap committee disagreement,uniform,Uniform per-query budget,Use epistemic disagreement across cheap student replicas.,Give every query the same number of feedback calls.,1620,12.0,0.07806267806267807,0.6,0.6537513279678148,0.5980423280423279,0.9555555555555556,0.6562895749220058,0.6223544973544973,0.9016666666666666,-0.015511430581067076,-0.005443121693121777,-0.06166666666666665,0.0012345679012345679,0.007407407407407408,0.05741801000671622,0.5675948279875296,0.7876543209876543
scifact,0,uniform__false_positive,Uniform per-query budget + Likely false-positive hunting,false_positive,Likely false-positive hunting,uniform,Uniform per-query budget,Inspect high-ranked candidates the current model distrusts.,Give every query the same number of feedback calls.,1620,12.0,0.07692307692307693,0.8,0.6505285328438131,0.6020282186948853,0.9777777777777777,0.6692191728659433,0.6257142857142859,0.8783333333333333,-0.002581832637129522,-0.002083333333333215,-0.08499999999999996,0.0,0.0,0.013001558000658765,0.7588443787009628,0.7987654320987654
scifact,0,uniform__false_negative,Uniform per-query budget + Likely false-negative hunting,false_negative,Likely false-negative hunting,uniform,Uniform per-query budget,Inspect low-ranked candidates the current model considers promising.,Give every query the same number of feedback calls.,1620,12.0,0.08319088319088319,0.2,0.6040980344250978,0.5778659611992946,0.9333333333333333,0.6602910285629308,0.6301587301587301,0.9433333333333332,-0.011509976940142108,0.002361111111111036,-0.020000000000000018,0.006790123456790123,0.044444444444444446,0.08345436122682359,0.5533930428602077,0.7944444444444444
scifact,0,uniform__coverage,Uniform per-query budget + Query-term coverage,coverage,Query-term coverage,uniform,Uniform per-query budget,Prefer documents covering more of the query's content.,Give every query the same number of feedback calls.,1620,12.0,0.08205128205128205,0.4,0.6274311133318181,0.5952116402116402,0.8555555555555555,0.6634579319947846,0.63619708994709,0.8,-0.008343073508288223,0.008399470899470907,-0.16333333333333322,0.005555555555555556,0.05185185185185185,0.0032564073065180837,0.5677513735161888,0.7790123456790123
scifact,0,uniform__rank_strata,Uniform per-query budget + Rank-stratified sampling,rank_strata,Rank-stratified sampling,uniform,Uniform per-query budget,Guarantee supervision from each rank band.,Give every query the same number of feedback calls.,1620,12.0,0.07806267806267807,0.4,0.6413241989195442,0.5976190476190476,0.8555555555555555,0.6704293510775369,0.6356481481481481,0.8733333333333333,-0.0013716544255359953,0.007850529100528969,-0.08999999999999997,0.0012345679012345679,0.014814814814814815,0.011859667043627044,0.5713093492719862,0.8067901234567901
scifact,0,uniform__mmr_relevance,Uniform per-query budget + Relevance–diversity MMR,mmr_relevance,Relevance–diversity MMR,uniform,Uniform per-query budget,Balance likely relevance with non-redundant documents.,Give every query the same number of feedback calls.,1620,12.0,0.08205128205128205,0.2,0.6358526424245182,0.6032716049382716,0.9333333333333333,0.675119312814974,0.6340939153439155,0.9466666666666667,0.003318307311901081,0.006296296296296355,-0.016666666666666607,0.005555555555555556,0.044444444444444446,0.007074943479196525,0.7391455506836927,0.7858024691358024
scifact,0,uniform__mmr_uncertainty,Uniform per-query budget + Uncertainty–diversity MMR,mmr_uncertainty,Uncertainty–diversity MMR,uniform,Uniform per-query budget,Cover multiple uncertain semantic regions.,Give every query the same number of feedback calls.,1620,12.0,0.07806267806267807,0.4,0.6429089537353546,0.5988800705467372,0.9555555555555556,0.6769577421186674,0.6384193121693122,0.9049999999999999,0.00515673661559457,0.010621693121693143,-0.05833333333333335,0.0012345679012345679,0.014814814814814815,0.0420666750566459,0.6926138778527577,0.8135802469135802
scifact,0,uniform__farthest_first,Uniform per-query budget + Semantic k-center coverage,farthest_first,Semantic k-center coverage,uniform,Uniform per-query budget,Cover the candidate manifold with farthest-first traversal.,Give every query the same number of feedback calls.,1620,12.0,0.07692307692307693,0.6,0.6360824838569888,0.5978306878306877,0.9333333333333333,0.6774137256794587,0.6283267195767197,0.89,0.00561272017638581,0.0005291005291006012,-0.07333333333333325,0.0,0.0,0.04608533364019276,0.878861916065216,0.7734567901234568
scifact,0,uniform__cluster_representatives,Uniform per-query budget + Candidate-cluster representatives,cluster_representatives,Candidate-cluster representatives,uniform,Uniform per-query budget,Take representative documents from multiple semantic clusters.,Give every query the same number of feedback calls.,1620,12.0,0.07863247863247863,0.4,0.6575973169690155,0.6048941798941799,0.9666666666666667,0.673346032469576,0.627962962962963,0.8633333333333333,0.0015450269665031602,0.00016534391534384074,-0.09999999999999998,0.001851851851851852,0.022222222222222223,0.024871469022315226,0.695459728108512,0.7530864197530864
scifact,0,uniform__center_outlier_mix,Uniform per-query budget + Typical–outlier mixture,center_outlier_mix,Typical–outlier mixture,uniform,Uniform per-query budget,Label both dense-region representatives and unusual candidates.,Give every query the same number of feedback calls.,1620,12.0,0.07863247863247863,0.4,0.6529884947447464,0.5987477954144621,0.9777777777777777,0.6698639497954785,0.6329365079365079,0.9049999999999999,-0.0019370557075943928,0.005138888888888804,-0.05833333333333335,0.001851851851851852,0.014814814814814815,0.04038909629539207,0.7256152956574051,0.7493827160493827
scifact,0,uniform__hard_negative,Uniform per-query budget + Hard-negative proxy,hard_negative,Hard-negative proxy,uniform,Uniform per-query budget,Prioritize high retrieval score but low relevance probability.,Give every query the same number of feedback calls.,1620,12.0,0.07749287749287749,0.6,0.6489309850928694,0.5999382716049383,0.9777777777777777,0.6670081201210907,0.622010582010582,0.8699999999999999,-0.004792885381982193,-0.0057870370370370905,-0.09333333333333338,0.0006172839506172839,0.007407407407407408,0.007106508443384995,0.6918218809145468,0.7944444444444444
scifact,0,uniform__leverage,Uniform per-query budget + Feature-space leverage,leverage,Feature-space leverage,uniform,Uniform per-query budget,Select statistically influential examples in the student feature space.,Give every query the same number of feedback calls.,1620,12.0,0.07977207977207977,0.6,0.6399772547927691,0.6047178130511465,0.9555555555555556,0.6600652930592913,0.6361111111111111,0.9266666666666665,-0.011735712443781576,0.008313492063491967,-0.036666666666666736,0.0030864197530864196,0.037037037037037035,0.07424179731327811,0.7337266030134978,0.7561728395061729
scifact,0,uniform__d_optimal,Uniform per-query budget + D-optimal experimental design,d_optimal,D-optimal experimental design,uniform,Uniform per-query budget,Choose a set that maximizes feature-space information volume.,Give every query the same number of feedback calls.,1620,12.0,0.07920227920227921,0.6,0.6401220329248227,0.6049911816578484,0.9555555555555556,0.6502891717681787,0.6199999999999999,0.8766666666666666,-0.02151183373489418,-0.00779761904761922,-0.08666666666666667,0.0024691358024691358,0.02962962962962963,0.05084480595441512,0.7277426428265041,0.7574074074074074
scifact,0,uniform__portfolio,Uniform per-query budget + Diversified policy portfolio,portfolio,Diversified policy portfolio,uniform,Uniform per-query budget,"Hedge across exploitation, uncertainty, disagreement, coverage and diversity.",Give every query the same number of feedback calls.,1620,12.0,0.08148148148148149,0.4,0.6564491874653549,0.6109171075837743,0.9222222222222223,0.6599528844355846,0.6283068783068783,0.8883333333333333,-0.011848121067488226,0.0005092592592591538,-0.07499999999999996,0.0049382716049382715,0.044444444444444446,0.027384204629026812,0.630354255217093,0.8006172839506173
scifact,0,difficulty__random,Difficulty-adaptive budget + Random exploration,random,Random exploration,difficulty,Difficulty-adaptive budget,A random but reproducible sample is a strong unbiased control.,Allocate more labels to low-confidence/high-entropy queries.,1620,12.0,0.07692307692307693,0.6,0.6629604648114864,0.6167548500881834,0.8555555555555555,0.6736314229521894,0.637473544973545,0.8366666666666667,0.0018304174491164948,0.009675925925925921,-0.1266666666666666,0.0,0.0,0.031312687713422896,0.6926080195992081,0.8487654320987654
scifact,0,difficulty__top_base,Difficulty-adaptive budget + Top current-retriever candidates,top_base,Top current-retriever candidates,difficulty,Difficulty-adaptive budget,Exploit the current retriever's highest-scoring documents.,Allocate more labels to low-confidence/high-entropy queries.,1620,12.0,0.08319088319088319,0.2,0.6363621095453873,0.6039506172839507,0.9333333333333333,0.6703716817678492,0.6290740740740742,0.955,-0.001429323735223642,0.0012764550264551255,-0.008333333333333304,0.006790123456790123,0.05185185185185185,0.0012638745116598812,0.5286576912358955,0.7802469135802469
scifact,0,difficulty__uniform_rank,Difficulty-adaptive budget + Uniform rank coverage,uniform_rank,Uniform rank coverage,difficulty,Difficulty-adaptive budget,Spread labels across the whole candidate ranking instead of only its head.,Allocate more labels to low-confidence/high-entropy queries.,1620,12.0,0.07806267806267807,0.4,0.6596772459735086,0.6147089947089948,0.8777777777777778,0.6837553965969035,0.6425462962962964,0.8733333333333333,0.011954391093830674,0.014748677248677344,-0.08999999999999997,0.0012345679012345679,0.007407407407407408,0.011474429420482966,0.6454564606701886,0.8450617283950618
scifact,0,difficulty__head_tail,Difficulty-adaptive budget + Head–tail mixture,head_tail,Head–tail mixture,difficulty,Difficulty-adaptive budget,Label both likely positives/hard negatives and clear negatives.,Allocate more labels to low-confidence/high-entropy queries.,1620,12.0,0.08091168091168091,0.6,0.6503379911343354,0.6167195767195767,0.8888888888888888,0.6223422915945378,0.5882605820105821,0.8599999999999999,-0.04945871390853507,-0.03953703703703704,-0.10333333333333339,0.004320987654320987,0.044444444444444446,0.08864052336157104,0.6715392512303812,0.8098765432098766
scifact,0,difficulty__top_bm25,Difficulty-adaptive budget + Lexical-first selection,top_bm25,Lexical-first selection,difficulty,Difficulty-adaptive budget,Spend feedback on BM25's strongest candidates.,Allocate more labels to low-confidence/high-entropy queries.,1620,12.0,0.08262108262108261,0.4,0.6241668967025494,0.590925925925926,0.8333333333333334,0.6518988303752573,0.6237499999999999,0.8150000000000001,-0.019902175127815558,-0.004047619047619189,-0.1483333333333332,0.006172839506172839,0.05185185185185185,0.0023347697508187943,0.580724996107596,0.7907407407407407
scifact,0,difficulty__top_lsa,Difficulty-adaptive budget + Semantic-first selection,top_lsa,Semantic-first selection,difficulty,Difficulty-adaptive budget,Spend feedback on latent-semantic candidates.,Allocate more labels to low-confidence/high-entropy queries.,1620,12.0,0.08091168091168091,0.2,0.6259661466374162,0.5872751322751323,0.9333333333333333,0.6528189969801237,0.615462962962963,0.9099999999999999,-0.01898200852294918,-0.012334656084656115,-0.053333333333333344,0.004320987654320987,0.037037037037037035,0.01292687021655801,0.3340393232526603,0.7487654320987654
scifact,0,difficulty__top_char,Difficulty-adaptive budget + Character-robust selection,top_char,Character-robust selection,difficulty,Difficulty-adaptive budget,Favor candidates supported by character-level similarity.,Allocate more labels to low-confidence/high-entropy queries.,1620,12.0,0.08262108262108261,0.2,0.6098005577180632,0.5917283950617284,0.8888888888888888,0.6521282455953717,0.6272222222222222,0.9183333333333332,-0.01967275990770112,-0.0005753968253968678,-0.04500000000000004,0.006172839506172839,0.044444444444444446,0.010488230468314371,0.5649560468064414,0.7944444444444444
scifact,0,difficulty__top_title,Difficulty-adaptive budget + Title-focused selection,top_title,Title-focused selection,difficulty,Difficulty-adaptive budget,Favor concise title evidence before full-document evidence.,Allocate more labels to low-confidence/high-entropy queries.,1620,12.0,0.08034188034188035,0.4,0.6464025060757003,0.6125573192239858,0.9,0.6397011426310802,0.6086507936507937,0.8366666666666666,-0.032099862871992624,-0.01914682539682544,-0.1266666666666667,0.003703703703703704,0.037037037037037035,0.005930310855677098,0.6497736420896318,0.7580246913580246
scifact,0,difficulty__rrf_consensus,Difficulty-adaptive budget + Multi-retriever consensus,rrf_consensus,Multi-retriever consensus,difficulty,Difficulty-adaptive budget,Reward candidates jointly supported by several retrievers.,Allocate more labels to low-confidence/high-entropy queries.,1620,12.0,0.08262108262108261,0.2,0.633238732870582,0.6030246913580248,0.8888888888888888,0.6545768436637485,0.626984126984127,0.9183333333333332,-0.017224161839324403,-0.0008134920634921272,-0.04500000000000004,0.006172839506172839,0.044444444444444446,0.001586096117525925,0.5206609302096896,0.7845679012345679
scifact,0,difficulty__retriever_disagreement,Difficulty-adaptive budget + Retriever disagreement,retriever_disagreement,Retriever disagreement,difficulty,Difficulty-adaptive budget,"Label pairs on which lexical, character and semantic retrievers disagree.",Allocate more labels to low-confidence/high-entropy queries.,1620,12.0,0.07920227920227921,0.0,0.6039019243917362,0.5809876543209876,0.9777777777777777,0.6718010055030729,0.6277976190476191,0.9633333333333333,0.0,0.0,0.0,0.0024691358024691358,0.022222222222222223,0.037806676861680585,0.4331978666561621,0.7734567901234568
scifact,0,difficulty__uncertainty,Difficulty-adaptive budget + Current-model uncertainty,uncertainty,Current-model uncertainty,difficulty,Difficulty-adaptive budget,Label candidates nearest the current model's decision boundary.,Allocate more labels to low-confidence/high-entropy queries.,1620,12.0,0.07692307692307693,0.4,0.6350371598090525,0.5894444444444444,0.9555555555555556,0.657486676610105,0.6235582010582009,0.9049999999999999,-0.014314328892967909,-0.004239417989418182,-0.05833333333333335,0.0,0.0,0.03492121409486841,0.5699729719647655,0.8302469135802469
scifact,0,difficulty__committee,Difficulty-adaptive budget + Bootstrap committee disagreement,committee,Bootstrap committee disagreement,difficulty,Difficulty-adaptive budget,Use epistemic disagreement across cheap student replicas.,Allocate more labels to low-confidence/high-entropy queries.,1620,12.0,0.07806267806267807,0.6,0.6465374538591016,0.5956084656084656,0.9444444444444444,0.6562194537819313,0.6225661375661375,0.8849999999999999,-0.015581551721141618,-0.005231481481481559,-0.07833333333333337,0.0012345679012345679,0.014814814814814815,0.059306789033206894,0.5690071751674016,0.7814814814814814
scifact,0,difficulty__false_positive,Difficulty-adaptive budget + Likely false-positive hunting,false_positive,Likely false-positive hunting,difficulty,Difficulty-adaptive budget,Inspect high-ranked candidates the current model distrusts.,Allocate more labels to low-confidence/high-entropy queries.,1620,12.0,0.07692307692307693,0.8,0.6507709480533374,0.6023104056437389,0.9777777777777777,0.6721731609790108,0.6254828042328044,0.8783333333333333,0.00037215547593794085,-0.0023148148148146586,-0.08499999999999996,0.0,0.0,0.013859942555427551,0.757108622127109,0.8
scifact,0,difficulty__false_negative,Difficulty-adaptive budget + Likely false-negative hunting,false_negative,Likely false-negative hunting,difficulty,Difficulty-adaptive budget,Inspect low-ranked candidates the current model considers promising.,Allocate more labels to low-confidence/high-entropy queries.,1620,12.0,0.08262108262108261,0.2,0.6056385553568001,0.5797178130511464,0.9111111111111111,0.6627999245935848,0.6305555555555554,0.9433333333333332,-0.009001080909488035,0.0027579365079363205,-0.020000000000000018,0.006172839506172839,0.044444444444444446,0.08427998747354672,0.5538872238662508,0.7925925925925926
scifact,0,difficulty__coverage,Difficulty-adaptive budget + Query-term coverage,coverage,Query-term coverage,difficulty,Difficulty-adaptive budget,Prefer documents covering more of the query's content.,Allocate more labels to low-confidence/high-entropy queries.,1620,12.0,0.08262108262108261,0.4,0.6494854024001564,0.6029629629629629,0.8555555555555555,0.6614940022461557,0.6299470899470899,0.825,-0.010307003256917135,0.002149470899470818,-0.1383333333333333,0.006172839506172839,0.05185185185185185,0.0034081672076825744,0.5687475003578045,0.7814814814814814
scifact,0,difficulty__rank_strata,Difficulty-adaptive budget + Rank-stratified sampling,rank_strata,Rank-stratified sampling,difficulty,Difficulty-adaptive budget,Guarantee supervision from each rank band.,Allocate more labels to low-confidence/high-entropy queries.,1620,12.0,0.07806267806267807,0.6,0.6224657416382938,0.5925308641975309,0.7777777777777778,0.6483450441253711,0.6249999999999999,0.7466666666666666,-0.023455961377701784,-0.0027976190476192153,-0.21666666666666667,0.0012345679012345679,0.014814814814814815,0.011253461241722107,0.5626162195647204,0.8098765432098766
scifact,0,difficulty__mmr_relevance,Difficulty-adaptive budget + Relevance–diversity MMR,mmr_relevance,Relevance–diversity MMR,difficulty,Difficulty-adaptive budget,Balance likely relevance with non-redundant documents.,Allocate more labels to low-confidence/high-entropy queries.,1620,12.0,0.08148148148148149,0.2,0.6369208495466856,0.6045679012345679,0.9333333333333333,0.6780452785994684,0.6337962962962963,0.9299999999999999,0.006244273096395525,0.005998677248677198,-0.033333333333333326,0.0049382716049382715,0.037037037037037035,0.00601464922045484,0.7417815797858768,0.7771604938271605
scifact,0,difficulty__mmr_uncertainty,Difficulty-adaptive budget + Uncertainty–diversity MMR,mmr_uncertainty,Uncertainty–diversity MMR,difficulty,Difficulty-adaptive budget,Cover multiple uncertain semantic regions.,Allocate more labels to low-confidence/high-entropy queries.,1620,12.0,0.07806267806267807,0.4,0.6356327304879809,0.5958553791887126,0.9555555555555556,0.6815954031733188,0.6392526455026456,0.9049999999999999,0.009794397670245925,0.011455026455026496,-0.05833333333333335,0.0012345679012345679,0.014814814814814815,0.04179591315763968,0.6885972996552785,0.812962962962963
scifact,0,difficulty__farthest_first,Difficulty-adaptive budget + Semantic k-center coverage,farthest_first,Semantic k-center coverage,difficulty,Difficulty-adaptive budget,Cover the candidate manifold with farthest-first traversal.,Allocate more labels to low-confidence/high-entropy queries.,1620,12.0,0.07692307692307693,0.4,0.6394080821567809,0.6090740740740741,0.9555555555555556,0.6817937312863321,0.628287037037037,0.9299999999999999,0.00999272578325927,0.0004894179894179285,-0.033333333333333326,0.0,0.0,0.04601540984930815,0.8793258397667496,0.7703703703703704
scifact,0,difficulty__cluster_representatives,Difficulty-adaptive budget + Candidate-cluster representatives,cluster_representatives,Candidate-cluster representatives,difficulty,Difficulty-adaptive budget,Take representative documents from multiple semantic clusters.,Allocate more labels to low-confidence/high-entropy queries.,1620,12.0,0.07806267806267807,0.4,0.6569915741746688,0.6047707231040564,0.9222222222222223,0.6739048718600215,0.6337962962962963,0.8599999999999999,0.0021038663569485916,0.005998677248677198,-0.10333333333333339,0.0012345679012345679,0.014814814814814815,0.025457185985129558,0.6925815014927476,0.7512345679012346
scifact,0,difficulty__center_outlier_mix,Difficulty-adaptive budget + Typical–outlier mixture,center_outlier_mix,Typical–outlier mixture,difficulty,Difficulty-adaptive budget,Label both dense-region representatives and unusual candidates.,Allocate more labels to low-confidence/high-entropy queries.,1620,12.0,0.07920227920227921,0.4,0.652536535448674,0.598289241622575,0.9777777777777777,0.6702849005811987,0.6343253968253967,0.9383333333333332,-0.0015161049218741507,0.006527777777777577,-0.025000000000000022,0.0024691358024691358,0.022222222222222223,0.04068546876495267,0.7338217037695426,0.745679012345679
scifact,0,difficulty__hard_negative,Difficulty-adaptive budget + Hard-negative proxy,hard_negative,Hard-negative proxy,difficulty,Difficulty-adaptive budget,Prioritize high retrieval score but low relevance probability.,Allocate more labels to low-confidence/high-entropy queries.,1620,12.0,0.07749287749287749,0.6,0.6493280619050383,0.6003350970017637,0.9777777777777777,0.6671374184701176,0.622010582010582,0.8699999999999999,-0.004663587032955219,-0.0057870370370370905,-0.09333333333333338,0.0006172839506172839,0.007407407407407408,0.008012898689434852,0.6941750895093989,0.7993827160493827
scifact,0,difficulty__leverage,Difficulty-adaptive budget + Feature-space leverage,leverage,Feature-space leverage,difficulty,Difficulty-adaptive budget,Select statistically influential examples in the student feature space.,Allocate more labels to low-confidence/high-entropy queries.,1620,12.0,0.07920227920227921,0.4,0.6402247354975028,0.6062610229276896,0.9555555555555556,0.6536477791579564,0.618611111111111,0.9466666666666667,-0.018153226345116513,-0.009186507936508104,-0.016666666666666607,0.0024691358024691358,0.02962962962962963,0.07363082700305515,0.7340352212941205,0.7611111111111111
scifact,0,difficulty__d_optimal,Difficulty-adaptive budget + D-optimal experimental design,d_optimal,D-optimal experimental design,difficulty,Difficulty-adaptive budget,Choose a set that maximizes feature-space information volume.,Allocate more labels to low-confidence/high-entropy queries.,1620,12.0,0.07920227920227921,0.4,0.6402247354975028,0.6062610229276896,0.9555555555555556,0.6570427618386517,0.6263888888888888,0.9466666666666667,-0.014758243664421133,-0.0014087301587303314,-0.016666666666666607,0.0024691358024691358,0.02962962962962963,0.051668049781410784,0.7286548897072122,0.7530864197530864
scifact,0,difficulty__portfolio,Difficulty-adaptive budget + Diversified policy portfolio,portfolio,Diversified policy portfolio,difficulty,Difficulty-adaptive budget,"Hedge across exploitation, uncertainty, disagreement, coverage and diversity.",Allocate more labels to low-confidence/high-entropy queries.,1620,12.0,0.08148148148148149,0.4,0.6561832948132196,0.6106701940035274,0.9333333333333333,0.6655422990067823,0.6363359788359788,0.8883333333333333,-0.006258706496290567,0.008538359788359706,-0.07499999999999996,0.0049382716049382715,0.044444444444444446,0.027514522789437095,0.626478953273208,0.8006172839506173
scifact,0,disagreement__random,Disagreement-adaptive budget + Random exploration,random,Random exploration,disagreement,Disagreement-adaptive budget,A random but reproducible sample is a strong unbiased control.,Allocate more labels where retrievers and model replicas disagree.,1620,12.0,0.07692307692307693,0.6,0.6604878583447558,0.6149029982363315,0.8555555555555555,0.6680963016222462,0.6360383597883599,0.8166666666666667,-0.0037047038808266652,0.00824074074074077,-0.1466666666666666,0.0,0.0,0.03325483320671835,0.6920401102966732,0.8537037037037037
scifact,0,disagreement__top_base,Disagreement-adaptive budget + Top current-retriever candidates,top_base,Top current-retriever candidates,disagreement,Disagreement-adaptive budget,Exploit the current retriever's highest-scoring documents.,Allocate more labels where retrievers and model replicas disagree.,1620,12.0,0.08262108262108261,0.2,0.6465657777322853,0.6049382716049383,0.9333333333333333,0.6680322527210045,0.6329166666666666,0.9349999999999999,-0.003768752782068341,0.005119047619047468,-0.02833333333333332,0.006172839506172839,0.05185185185185185,0.0012693539077852979,0.5281280418788945,0.7969135802469136
scifact,0,disagreement__uniform_rank,Disagreement-adaptive budget + Uniform rank coverage,uniform_rank,Uniform rank coverage,disagreement,Disagreement-adaptive budget,Spread labels across the whole candidate ranking instead of only its head.,Allocate more labels where retrievers and model replicas disagree.,1620,12.0,0.07806267806267807,0.4,0.6622599242509786,0.617037037037037,0.8777777777777778,0.6735335543576324,0.6293055555555557,0.8733333333333333,0.0017325488545595347,0.0015079365079365692,-0.08999999999999997,0.0012345679012345679,0.007407407407407408,0.013164872777314833,0.6395902463683376,0.8561728395061728
scifact,0,disagreement__head_tail,Disagreement-adaptive budget + Head–tail mixture,head_tail,Head–tail mixture,disagreement,Disagreement-adaptive budget,Label both likely positives/hard negatives and clear negatives.,Allocate more labels where retrievers and model replicas disagree.,1620,12.0,0.08034188034188035,0.4,0.6496280112260469,0.6111111111111112,0.8888888888888888,0.6473841505275947,0.6128240740740742,0.955,-0.024416854975478186,-0.014973544973544861,-0.008333333333333304,0.003703703703703704,0.037037037037037035,0.09139126090355862,0.6711488284446575,0.812962962962963
scifact,0,disagreement__top_bm25,Disagreement-adaptive budget + Lexical-first selection,top_bm25,Lexical-first selection,disagreement,Disagreement-adaptive budget,Spend feedback on BM25's strongest candidates.,Allocate more labels where retrievers and model replicas disagree.,1620,12.0,0.08205128205128205,0.2,0.625474242449378,0.59,0.9333333333333333,0.6850589042294554,0.6450198412698412,0.9133333333333333,0.0132578987263825,0.01722222222222214,-0.04999999999999993,0.005555555555555556,0.05185185185185185,0.002357164613994551,0.5804979594769302,0.7956790123456791
scifact,0,disagreement__top_lsa,Disagreement-adaptive budget + Semantic-first selection,top_lsa,Semantic-first selection,disagreement,Disagreement-adaptive budget,Spend feedback on latent-semantic candidates.,Allocate more labels where retrievers and model replicas disagree.,1620,12.0,0.08034188034188035,0.2,0.6259661466374162,0.5872751322751323,0.9333333333333333,0.6528189969801237,0.615462962962963,0.9099999999999999,-0.01898200852294918,-0.012334656084656115,-0.053333333333333344,0.003703703703703704,0.037037037037037035,0.01426876621481813,0.334077889279083,0.7537037037037037
scifact,0,disagreement__top_char,Disagreement-adaptive budget + Character-robust selection,top_char,Character-robust selection,disagreement,Disagreement-adaptive budget,Favor candidates supported by character-level similarity.,Allocate more labels where retrievers and model replicas disagree.,1620,12.0,0.08262108262108261,0.2,0.6098005577180632,0.5917283950617284,0.8888888888888888,0.6506936769872841,0.6257407407407407,0.9183333333333332,-0.02110732851578878,-0.002056878306878396,-0.04500000000000004,0.006172839506172839,0.044444444444444446,0.012515547466866764,0.5630149632140442,0.7987654320987654
scifact,0,disagreement__top_title,Disagreement-adaptive budget + Title-focused selection,top_title,Title-focused selection,disagreement,Disagreement-adaptive budget,Favor concise title evidence before full-document evidence.,Allocate more labels where retrievers and model replicas disagree.,1620,12.0,0.08034188034188035,0.4,0.6478721324182615,0.6141887125220459,0.9,0.648008587640581,0.6168253968253968,0.8366666666666666,-0.023792417862491866,-0.010972222222222272,-0.1266666666666667,0.003703703703703704,0.037037037037037035,0.005885759768662629,0.6471297485960854,0.7851851851851852
scifact,0,disagreement__rrf_consensus,Disagreement-adaptive budget + Multi-retriever consensus,rrf_consensus,Multi-retriever consensus,disagreement,Disagreement-adaptive budget,Reward candidates jointly supported by several retrievers.,Allocate more labels where retrievers and model replicas disagree.,1620,12.0,0.08148148148148149,0.2,0.644942614365177,0.6060141093474427,0.9111111111111111,0.6484256728899394,0.6186507936507937,0.9183333333333332,-0.023375332613133515,-0.009146825396825431,-0.04500000000000004,0.0049382716049382715,0.044444444444444446,0.0016417257211826465,0.5186743060747783,0.7962962962962963
scifact,0,disagreement__retriever_disagreement,Disagreement-adaptive budget + Retriever disagreement,retriever_disagreement,Retriever disagreement,disagreement,Disagreement-adaptive budget,"Label pairs on which lexical, character and semantic retrievers disagree.",Allocate more labels where retrievers and model replicas disagree.,1620,12.0,0.07863247863247863,0.0,0.6039019243917362,0.5809876543209876,0.9777777777777777,0.6718010055030729,0.6277976190476191,0.9633333333333333,0.0,0.0,0.0,0.001851851851851852,0.014814814814814815,0.03770006379963439,0.43280836525890565,0.774074074074074
scifact,0,disagreement__uncertainty,Disagreement-adaptive budget + Current-model uncertainty,uncertainty,Current-model uncertainty,disagreement,Disagreement-adaptive budget,Label candidates nearest the current model's decision boundary.,Allocate more labels where retrievers and model replicas disagree.,1620,12.0,0.07692307692307693,0.4,0.6414608226161168,0.5916666666666668,0.9,0.6696906300376978,0.6401124338624339,0.8966666666666666,-0.0021103754653750695,0.012314814814814778,-0.06666666666666665,0.0,0.0,0.03769541842701994,0.5688209797497149,0.8296296296296296
scifact,0,disagreement__committee,Disagreement-adaptive budget + Bootstrap committee disagreement,committee,Bootstrap committee disagreement,disagreement,Disagreement-adaptive budget,Use epistemic disagreement across cheap student replicas.,Allocate more labels where retrievers and model replicas disagree.,1620,12.0,0.07749287749287749,0.4,0.6311789664527778,0.5888271604938272,0.9333333333333333,0.6642879372561126,0.6269179894179895,0.9383333333333332,-0.007513068246960297,-0.0008796296296296191,-0.025000000000000022,0.0006172839506172839,0.007407407407407408,0.061529821562178344,0.5683620278482084,0.7907407407407407
scifact,0,disagreement__false_positive,Disagreement-adaptive budget + Likely false-positive hunting,false_positive,Likely false-positive hunting,disagreement,Disagreement-adaptive budget,Inspect high-ranked candidates the current model distrusts.,Allocate more labels where retrievers and model replicas disagree.,1620,12.0,0.07692307692307693,0.8,0.6431647581343433,0.5992504409171076,0.9777777777777777,0.6693414463658686,0.6254828042328044,0.8783333333333333,-0.0024595591372043035,-0.0023148148148146586,-0.08499999999999996,0.0,0.0,0.013337121076054044,0.7568000782419134,0.7993827160493827
scifact,0,disagreement__false_negative,Disagreement-adaptive budget + Likely false-negative hunting,false_negative,Likely false-negative hunting,disagreement,Disagreement-adaptive budget,Inspect low-ranked candidates the current model considers promising.,Allocate more labels where retrievers and model replicas disagree.,1620,12.0,0.08148148148148149,0.0,0.6039019243917362,0.5809876543209876,0.9777777777777777,0.6718010055030729,0.6277976190476191,0.9633333333333333,0.0,0.0,0.0,0.0049382716049382715,0.044444444444444446,0.09036646430139188,0.553110443993851,0.7938271604938272
scifact,0,disagreement__coverage,Disagreement-adaptive budget + Query-term coverage,coverage,Query-term coverage,disagreement,Disagreement-adaptive budget,Prefer documents covering more of the query's content.,Allocate more labels where retrievers and model replicas disagree.,1620,12.0,0.08091168091168091,0.4,0.6427150574926191,0.602989417989418,0.8555555555555555,0.6554053467066545,0.6275396825396825,0.8216666666666667,-0.016395658796418355,-0.00025793650793659584,-0.1416666666666666,0.004320987654320987,0.044444444444444446,0.003252476196230194,0.5690481940353358,0.7864197530864198
scifact,0,disagreement__rank_strata,Disagreement-adaptive budget + Rank-stratified sampling,rank_strata,Rank-stratified sampling,disagreement,Disagreement-adaptive budget,Guarantee supervision from each rank band.,Allocate more labels where retrievers and model replicas disagree.,1620,12.0,0.07806267806267807,0.4,0.6485455396830146,0.6005820105820106,0.8555555555555555,0.669688762835619,0.6334259259259258,0.8733333333333333,-0.002112242667453912,0.0056283068783067325,-0.08999999999999997,0.0012345679012345679,0.014814814814814815,0.012872551179226534,0.5593036617393847,0.8067901234567901
scifact,0,disagreement__mmr_relevance,Disagreement-adaptive budget + Relevance–diversity MMR,mmr_relevance,Relevance–diversity MMR,disagreement,Disagreement-adaptive budget,Balance likely relevance with non-redundant documents.,Allocate more labels where retrievers and model replicas disagree.,1620,12.0,0.08091168091168091,0.2,0.6436104050058852,0.607037037037037,0.9333333333333333,0.6725767726725282,0.6328240740740741,0.9466666666666667,0.0007757671694553769,0.005026455026455046,-0.016666666666666607,0.004320987654320987,0.037037037037037035,0.007298056652516495,0.7382487429512872,0.7932098765432098
scifact,0,disagreement__mmr_uncertainty,Disagreement-adaptive budget + Uncertainty–diversity MMR,mmr_uncertainty,Uncertainty–diversity MMR,disagreement,Disagreement-adaptive budget,Cover multiple uncertain semantic regions.,Allocate more labels where retrievers and model replicas disagree.,1620,12.0,0.07806267806267807,0.6,0.6287336309422332,0.5932098765432099,0.8333333333333334,0.6679851060020794,0.6410119047619048,0.8049999999999999,-0.0038158995009934804,0.013214285714285734,-0.15833333333333333,0.0012345679012345679,0.014814814814814815,0.04360523919264476,0.6901640597316954,0.8197530864197531
scifact,0,disagreement__farthest_first,Disagreement-adaptive budget + Semantic k-center coverage,farthest_first,Semantic k-center coverage,disagreement,Disagreement-adaptive budget,Cover the candidate manifold with farthest-first traversal.,Allocate more labels where retrievers and model replicas disagree.,1620,12.0,0.07692307692307693,0.6,0.6356290584792325,0.597363315696649,0.9333333333333333,0.6774648448955548,0.6281944444444446,0.89,0.00566383939248194,0.00039682539682550644,-0.07333333333333325,0.0,0.0,0.04721364584969886,0.8801884165516606,0.7728395061728395
scifact,0,disagreement__cluster_representatives,Disagreement-adaptive budget + Candidate-cluster representatives,cluster_representatives,Candidate-cluster representatives,disagreement,Disagreement-adaptive budget,Take representative documents from multiple semantic clusters.,Allocate more labels where retrievers and model replicas disagree.,1620,12.0,0.07749287749287749,0.6,0.6602012092511234,0.6152116402116402,0.8333333333333334,0.6509357697759542,0.6233333333333333,0.7799999999999999,-0.020865235727118625,-0.0044642857142858094,-0.18333333333333335,0.0006172839506172839,0.007407407407407408,0.025866365947841127,0.6954443565121403,0.7666666666666667
scifact,0,disagreement__center_outlier_mix,Disagreement-adaptive budget + Typical–outlier mixture,center_outlier_mix,Typical–outlier mixture,disagreement,Disagreement-adaptive budget,Label both dense-region representatives and unusual candidates.,Allocate more labels where retrievers and model replicas disagree.,1620,12.0,0.07863247863247863,0.4,0.6530125374658454,0.599241622574956,0.9777777777777777,0.6692946506053208,0.6321230158730159,0.9049999999999999,-0.0025063548977520833,0.004325396825396788,-0.05833333333333335,0.001851851851851852,0.014814814814814815,0.04207322601182961,0.7326192237712719,0.7450617283950617
scifact,0,disagreement__hard_negative,Disagreement-adaptive budget + Hard-negative proxy,hard_negative,Hard-negative proxy,disagreement,Disagreement-adaptive budget,Prioritize high retrieval score but low relevance probability.,Allocate more labels where retrievers and model replicas disagree.,1620,12.0,0.07749287749287749,0.8,0.6583488224638914,0.6052998236331569,0.8777777777777778,0.6774919717453665,0.627797619047619,0.8583333333333333,0.005690966242293594,-1.1102230246251565e-16,-0.10499999999999998,0.0006172839506172839,0.007407407407407408,0.007263152025364063,0.692200082982028,0.7981481481481482
scifact,0,disagreement__leverage,Disagreement-adaptive budget + Feature-space leverage,leverage,Feature-space leverage,disagreement,Disagreement-adaptive budget,Select statistically influential examples in the student feature space.,Allocate more labels where retrievers and model replicas disagree.,1620,12.0,0.07920227920227921,0.6,0.6385424290007239,0.6037566137566138,0.9555555555555556,0.6538835555323578,0.6290277777777777,0.9299999999999999,-0.017917449970715094,0.001230158730158637,-0.033333333333333326,0.0024691358024691358,0.02962962962962963,0.07634606618940094,0.7396433764033847,0.7666666666666667
scifact,0,disagreement__d_optimal,Disagreement-adaptive budget + D-optimal experimental design,d_optimal,D-optimal experimental design,disagreement,Disagreement-adaptive budget,Choose a set that maximizes feature-space information volume.,Allocate more labels where retrievers and model replicas disagree.,1620,12.0,0.07863247863247863,0.4,0.6478012490052815,0.6092504409171076,0.9555555555555556,0.6602526796386051,0.6252777777777777,0.9466666666666667,-0.011548325864467746,-0.002519841269841394,-0.016666666666666607,0.001851851851851852,0.022222222222222223,0.05193654821242815,0.7253591948085361,0.7537037037037037
scifact,0,disagreement__portfolio,Disagreement-adaptive budget + Diversified policy portfolio,portfolio,Diversified policy portfolio,disagreement,Disagreement-adaptive budget,"Hedge across exploitation, uncertainty, disagreement, coverage and diversity.",Allocate more labels where retrievers and model replicas disagree.,1620,12.0,0.08034188034188035,0.4,0.6567699626013938,0.6112257495590829,0.9,0.6606578019347521,0.6292261904761905,0.8716666666666666,-0.01114320356832077,0.0014285714285714457,-0.09166666666666667,0.003703703703703704,0.037037037037037035,0.027991244380856737,0.6278642000975432,0.7987654320987654
scifact,0,topic_balanced__random,Topic-balanced budget + Random exploration,random,Random exploration,topic_balanced,Topic-balanced budget,A random but reproducible sample is a strong unbiased control.,"Equalize total feedback across query clusters, not raw query counts.",1620,12.0,0.07692307692307693,0.6,0.661305589901145,0.6149029982363315,0.8555555555555555,0.6795206258546018,0.6451124338624338,0.84,0.007719620351528955,0.017314814814814672,-0.1233333333333333,0.0,0.0,0.0316117998994427,0.6919887805426562,0.8487654320987654
scifact,0,topic_balanced__top_base,Topic-balanced budget + Top current-retriever candidates,top_base,Top current-retriever candidates,topic_balanced,Topic-balanced budget,Exploit the current retriever's highest-scoring documents.,"Equalize total feedback across query clusters, not raw query counts.",1620,12.0,0.08319088319088319,0.2,0.6425143180640501,0.605520282186949,0.9333333333333333,0.661554341795408,0.6282407407407408,0.9349999999999999,-0.010246663707664916,0.00044312169312166194,-0.02833333333333332,0.006790123456790123,0.05185185185185185,0.0013698914536723384,0.5251508362867214,0.7814814814814814
scifact,0,topic_balanced__uniform_rank,Topic-balanced budget + Uniform rank coverage,uniform_rank,Uniform rank coverage,topic_balanced,Topic-balanced budget,Spread labels across the whole candidate ranking instead of only its head.,"Equalize total feedback across query clusters, not raw query counts.",1620,12.0,0.07863247863247863,0.4,0.6594101259538623,0.6141269841269842,0.8777777777777778,0.6777848744783878,0.6347685185185186,0.8733333333333333,0.005983868975314888,0.006970899470899461,-0.08999999999999997,0.001851851851851852,0.014814814814814815,0.012783447974993858,0.6455747354913641,0.8487654320987654
scifact,0,topic_balanced__head_tail,Topic-balanced budget + Head–tail mixture,head_tail,Head–tail mixture,topic_balanced,Topic-balanced budget,Label both likely positives/hard negatives and clear negatives.,"Equalize total feedback across query clusters, not raw query counts.",1620,12.0,0.08091168091168091,0.6,0.6465304882437986,0.6124867724867724,0.8666666666666667,0.614781411127149,0.5815476190476191,0.8366666666666667,-0.057019594375923854,-0.04625000000000001,-0.1266666666666666,0.004320987654320987,0.044444444444444446,0.08491228060957826,0.669144727565624,0.8123456790123457
scifact,0,topic_balanced__top_bm25,Topic-balanced budget + Lexical-first selection,top_bm25,Lexical-first selection,topic_balanced,Topic-balanced budget,Spend feedback on BM25's strongest candidates.,"Equalize total feedback across query clusters, not raw query counts.",1620,12.0,0.08262108262108261,0.2,0.6329650476998455,0.5938536155202822,0.9777777777777777,0.6845498991550546,0.6438161375661375,0.9299999999999999,0.01274889365198173,0.016018518518518432,-0.033333333333333326,0.006172839506172839,0.05185185185185185,0.0023783678257906877,0.5794676545593473,0.7851851851851852
scifact,0,topic_balanced__top_lsa,Topic-balanced budget + Semantic-first selection,top_lsa,Semantic-first selection,topic_balanced,Topic-balanced budget,Spend feedback on latent-semantic candidates.,"Equalize total feedback across query clusters, not raw query counts.",1620,12.0,0.08148148148148149,0.2,0.6255035716111097,0.5867195767195768,0.9333333333333333,0.6523082366446817,0.6149074074074075,0.9099999999999999,-0.01949276885839113,-0.012890211640211646,-0.053333333333333344,0.0049382716049382715,0.037037037037037035,0.011682534401799425,0.3327714384705932,0.7395061728395061
scifact,0,topic_balanced__top_char,Topic-balanced budget + Character-robust selection,top_char,Character-robust selection,topic_balanced,Topic-balanced budget,Favor candidates supported by character-level similarity.,"Equalize total feedback across query clusters, not raw query counts.",1620,12.0,0.08262108262108261,0.2,0.6109235169619627,0.5928395061728395,0.8888888888888888,0.6571876069938131,0.6340740740740741,0.9183333333333332,-0.0146133985092598,0.006276455026455019,-0.04500000000000004,0.006172839506172839,0.044444444444444446,0.010239267864345033,0.5658738765451643,0.8024691358024691
scifact,0,topic_balanced__top_title,Topic-balanced budget + Title-focused selection,top_title,Title-focused selection,topic_balanced,Topic-balanced budget,Favor concise title evidence before full-document evidence.,"Equalize total feedback across query clusters, not raw query counts.",1620,12.0,0.08034188034188035,0.4,0.6526170239883485,0.614347442680776,0.9444444444444444,0.6442614902156232,0.612010582010582,0.8566666666666667,-0.02753951528744969,-0.0157870370370371,-0.10666666666666658,0.003703703703703704,0.037037037037037035,0.005919708992228096,0.6523311958268837,0.7771604938271605
scifact,0,topic_balanced__rrf_consensus,Topic-balanced budget + Multi-retriever consensus,rrf_consensus,Multi-retriever consensus,topic_balanced,Topic-balanced budget,Reward candidates jointly supported by several retrievers.,"Equalize total feedback across query clusters, not raw query counts.",1620,12.0,0.08319088319088319,0.2,0.6460680141684254,0.6073721340388007,0.9555555555555556,0.6543362623117194,0.6267526455026455,0.9183333333333332,-0.017464743191353493,-0.0010449735449735709,-0.04500000000000004,0.006790123456790123,0.05185185185185185,0.0016842514644434424,0.5159416821267869,0.7833333333333333
scifact,0,topic_balanced__retriever_disagreement,Topic-balanced budget + Retriever disagreement,retriever_disagreement,Retriever disagreement,topic_balanced,Topic-balanced budget,"Label pairs on which lexical, character and semantic retrievers disagree.","Equalize total feedback across query clusters, not raw query counts.",1620,12.0,0.07920227920227921,0.0,0.6039019243917362,0.5809876543209876,0.9777777777777777,0.6718010055030729,0.6277976190476191,0.9633333333333333,0.0,0.0,0.0,0.0024691358024691358,0.022222222222222223,0.03352833460142583,0.43763266272015044,0.774074074074074
scifact,0,topic_balanced__uncertainty,Topic-balanced budget + Current-model uncertainty,uncertainty,Current-model uncertainty,topic_balanced,Topic-balanced budget,Label candidates nearest the current model's decision boundary.,"Equalize total feedback across query clusters, not raw query counts.",1620,12.0,0.07692307692307693,0.4,0.6465976897972409,0.597716049382716,0.9555555555555556,0.6621048637765682,0.6318915343915343,0.9049999999999999,-0.009696141726504681,0.004093915343915233,-0.05833333333333335,0.0,0.0,0.03332166057309987,0.5714013670329694,0.8209876543209876
scifact,0,topic_balanced__committee,Topic-balanced budget + Bootstrap committee disagreement,committee,Bootstrap committee disagreement,topic_balanced,Topic-balanced budget,Use epistemic disagreement across cheap student replicas.,"Equalize total feedback across query clusters, not raw query counts.",1620,12.0,0.07749287749287749,0.6,0.6396709008951429,0.5924603174603175,0.9444444444444444,0.6509370697441006,0.6222883597883598,0.8566666666666667,-0.020863935758972274,-0.005509259259259269,-0.10666666666666658,0.0006172839506172839,0.007407407407407408,0.05489717545332732,0.565602261490292,0.782716049382716
scifact,0,topic_balanced__false_positive,Topic-balanced budget + Likely false-positive hunting,false_positive,Likely false-positive hunting,topic_balanced,Topic-balanced budget,Inspect high-ranked candidates the current model distrusts.,"Equalize total feedback across query clusters, not raw query counts.",1620,12.0,0.07692307692307693,0.8,0.6507944254959485,0.6022751322751323,0.9777777777777777,0.666526249970977,0.6223809523809525,0.8783333333333333,-0.005274755532095887,-0.005416666666666625,-0.08499999999999996,0.0,0.0,0.01266575613875448,0.7594137884952404,0.7993827160493827
scifact,0,topic_balanced__false_negative,Topic-balanced budget + Likely false-negative hunting,false_negative,Likely false-negative hunting,topic_balanced,Topic-balanced budget,Inspect low-ranked candidates the current model considers promising.,"Equalize total feedback across query clusters, not raw query counts.",1620,12.0,0.08262108262108261,0.2,0.6066124164865524,0.5808289241622575,0.9111111111111111,0.671259946442038,0.6401587301587301,0.9433333333333332,-0.0005410590610348542,0.012361111111111045,-0.020000000000000018,0.006172839506172839,0.044444444444444446,0.08370963717684334,0.5542431652545929,0.7962962962962963
scifact,0,topic_balanced__coverage,Topic-balanced budget + Query-term coverage,coverage,Query-term coverage,topic_balanced,Topic-balanced budget,Prefer documents covering more of the query's content.,"Equalize total feedback across query clusters, not raw query counts.",1620,12.0,0.08205128205128205,0.2,0.6434933646179911,0.6008024691358025,0.9777777777777777,0.6786513769897041,0.6353571428571428,0.9466666666666667,0.006850371486631257,0.007559523809523738,-0.016666666666666607,0.005555555555555556,0.05185185185185185,0.0033288331311426044,0.5638132068845961,0.7839506172839507
scifact,0,topic_balanced__rank_strata,Topic-balanced budget + Rank-stratified sampling,rank_strata,Rank-stratified sampling,topic_balanced,Topic-balanced budget,Guarantee supervision from each rank band.,"Equalize total feedback across query clusters, not raw query counts.",1620,12.0,0.07806267806267807,0.4,0.6475322150447508,0.599347442680776,0.8555555555555555,0.6702324175736506,0.6352513227513228,0.8733333333333333,-0.0015685879294222715,0.007453703703703685,-0.08999999999999997,0.0012345679012345679,0.014814814814814815,0.012751166908829301,0.5699840693562119,0.8055555555555556
scifact,0,topic_balanced__mmr_relevance,Topic-balanced budget + Relevance–diversity MMR,mmr_relevance,Relevance–diversity MMR,topic_balanced,Topic-balanced budget,Balance likely relevance with non-redundant documents.,"Equalize total feedback across query clusters, not raw query counts.",1620,12.0,0.08205128205128205,0.2,0.6417679973699227,0.6049647266313933,0.9333333333333333,0.6692499353377462,0.6307142857142858,0.9633333333333333,-0.00255107016532663,0.0029166666666666785,0.0,0.005555555555555556,0.044444444444444446,0.007861497961444619,0.7385794988384953,0.7802469135802469
scifact,0,topic_balanced__mmr_uncertainty,Topic-balanced budget + Uncertainty–diversity MMR,mmr_uncertainty,Uncertainty–diversity MMR,topic_balanced,Topic-balanced budget,Cover multiple uncertain semantic regions.,"Equalize total feedback across query clusters, not raw query counts.",1620,12.0,0.07806267806267807,0.4,0.6361645157922515,0.5963492063492063,0.9555555555555556,0.6732199483679254,0.6367989417989419,0.9049999999999999,0.001418942864852557,0.009001322751322816,-0.05833333333333335,0.0012345679012345679,0.014814814814814815,0.0420814456395161,0.697835424432048,0.8104938271604938
scifact,0,topic_balanced__farthest_first,Topic-balanced budget + Semantic k-center coverage,farthest_first,Semantic k-center coverage,topic_balanced,Topic-balanced budget,Cover the candidate manifold with farthest-first traversal.,"Equalize total feedback across query clusters, not raw query counts.",1620,12.0,0.07692307692307693,0.6,0.6367904523346056,0.598694885361552,0.9333333333333333,0.6800351005877366,0.6314351851851853,0.89,0.008234095084663773,0.0036375661375661617,-0.07333333333333325,0.0,0.0,0.04402418659057146,0.8795764587543629,0.7790123456790123
scifact,0,topic_balanced__cluster_representatives,Topic-balanced budget + Candidate-cluster representatives,cluster_representatives,Candidate-cluster representatives,topic_balanced,Topic-balanced budget,Take representative documents from multiple semantic clusters.,"Equalize total feedback across query clusters, not raw query counts.",1620,12.0,0.07920227920227921,0.6,0.6537301733987059,0.6120017636684304,0.8111111111111111,0.648738925706844,0.6150198412698413,0.7799999999999999,-0.023062079796228874,-0.012777777777777777,-0.18333333333333335,0.0024691358024691358,0.02962962962962963,0.023709922366672093,0.6877477672364977,0.7623456790123457
scifact,0,topic_balanced__center_outlier_mix,Topic-balanced budget + Typical–outlier mixture,center_outlier_mix,Typical–outlier mixture,topic_balanced,Topic-balanced budget,Label both dense-region representatives and unusual candidates.,"Equalize total feedback across query clusters, not raw query counts.",1620,12.0,0.07920227920227921,0.4,0.6577044584079499,0.6045502645502646,0.9777777777777777,0.6646062018490496,0.6308531746031746,0.9216666666666666,-0.007194803654023252,0.003055555555555478,-0.04166666666666663,0.0024691358024691358,0.022222222222222223,0.04057135118378533,0.7350283808178372,0.741358024691358
scifact,0,topic_balanced__hard_negative,Topic-balanced budget + Hard-negative proxy,hard_negative,Hard-negative proxy,topic_balanced,Topic-balanced budget,Prioritize high retrieval score but low relevance probability.,"Equalize total feedback across query clusters, not raw query counts.",1620,12.0,0.07749287749287749,0.6,0.6492517602289082,0.600246913580247,0.9777777777777777,0.6671374184701176,0.622010582010582,0.8699999999999999,-0.004663587032955219,-0.0057870370370370905,-0.09333333333333338,0.0006172839506172839,0.007407407407407408,0.0069660650727189615,0.6913663638962639,0.7858024691358024
scifact,0,topic_balanced__leverage,Topic-balanced budget + Feature-space leverage,leverage,Feature-space leverage,topic_balanced,Topic-balanced budget,Select statistically influential examples in the student feature space.,"Equalize total feedback across query clusters, not raw query counts.",1620,12.0,0.07977207977207977,0.8,0.6416706101309574,0.6065079365079366,0.9333333333333333,0.6463830825592303,0.6143452380952381,0.8766666666666666,-0.025417922943842597,-0.013452380952380993,-0.08666666666666667,0.0030864197530864196,0.037037037037037035,0.07089783865728497,0.733664780192905,0.7753086419753087
scifact,0,topic_balanced__d_optimal,Topic-balanced budget + D-optimal experimental design,d_optimal,D-optimal experimental design,topic_balanced,Topic-balanced budget,Choose a set that maximizes feature-space information volume.,"Equalize total feedback across query clusters, not raw query counts.",1620,12.0,0.07977207977207977,0.6,0.6426158743034539,0.6075220458553793,0.9111111111111111,0.6529052657702593,0.619212962962963,0.8766666666666666,-0.018895739732813555,-0.008584656084656084,-0.08666666666666667,0.0030864197530864196,0.037037037037037035,0.051832198324026885,0.7311169513949641,0.7666666666666667
scifact,0,topic_balanced__portfolio,Topic-balanced budget + Diversified policy portfolio,portfolio,Diversified policy portfolio,topic_balanced,Topic-balanced budget,"Hedge across exploitation, uncertainty, disagreement, coverage and diversity.","Equalize total feedback across query clusters, not raw query counts.",1620,12.0,0.08205128205128205,0.4,0.6563943049814515,0.6108553791887126,0.9555555555555556,0.6583643563722256,0.6266137566137567,0.8883333333333333,-0.0134366491308473,-0.0011838624338623704,-0.07499999999999996,0.005555555555555556,0.05185185185185185,0.027022553961954,0.6246766028580842,0.7969135802469136
scifact,1,uniform__random,Uniform per-query budget + Random exploration,random,Random exploration,uniform,Uniform per-query budget,A random but reproducible sample is a strong unbiased control.,Give every query the same number of feedback calls.,1620,12.0,0.07863247863247863,0.6,0.5323084985278912,0.5098412698412699,0.6333333333333333,0.6401056912999171,0.6068518518518519,0.7833333333333333,-0.0334573594377231,-0.01904761904761909,-0.1166666666666667,0.001851851851851852,0.022222222222222223,0.031667429907822314,0.69718534372471,0.8567901234567902
scifact,1,uniform__top_base,Uniform per-query budget + Top current-retriever candidates,top_base,Top current-retriever candidates,uniform,Uniform per-query budget,Exploit the current retriever's highest-scoring documents.,Give every query the same number of feedback calls.,1620,12.0,0.08774928774928775,0.2,0.5484923424903694,0.5177777777777778,0.8555555555555555,0.6751026031213779,0.6283068783068783,0.8833333333333333,0.0015395523837377079,0.0024074074074073026,-0.01666666666666672,0.011728395061728396,0.08888888888888889,0.0012927020405545647,0.5277486133906576,0.821604938271605
scifact,1,uniform__uniform_rank,Uniform per-query budget + Uniform rank coverage,uniform_rank,Uniform rank coverage,uniform,Uniform per-query budget,Spread labels across the whole candidate ranking instead of only its head.,Give every query the same number of feedback calls.,1620,12.0,0.08034188034188035,0.4,0.5412079583973015,0.5144973544973545,0.6555555555555556,0.6644959097578297,0.6188888888888889,0.8416666666666667,-0.00906714097981054,-0.007010582010582023,-0.05833333333333335,0.003703703703703704,0.037037037037037035,0.014099255829681585,0.6443090522730792,0.8339506172839506
scifact,1,uniform__head_tail,Uniform per-query budget + Head–tail mixture,head_tail,Head–tail mixture,uniform,Uniform per-query budget,Label both likely positives/hard negatives and clear negatives.,Give every query the same number of feedback calls.,1620,12.0,0.08205128205128205,0.6,0.5570620366327159,0.5322222222222222,0.8888888888888888,0.6474362288203654,0.6053174603174603,0.8916666666666667,-0.02612682191727478,-0.0205820105820107,-0.008333333333333304,0.005555555555555556,0.05925925925925926,0.09255233053807858,0.675436551924105,0.828395061728395
scifact,1,uniform__top_bm25,Uniform per-query budget + Lexical-first selection,top_bm25,Lexical-first selection,uniform,Uniform per-query budget,Spend feedback on BM25's strongest candidates.,Give every query the same number of feedback calls.,1620,12.0,0.08547008547008547,0.2,0.5345785565855635,0.5054585537918871,0.8444444444444444,0.6714764082990947,0.627473544973545,0.8833333333333333,-0.002086642438545505,0.001574074074074061,-0.01666666666666672,0.009259259259259259,0.07407407407407407,0.002307491206828459,0.5837573792095537,0.8049382716049382
scifact,1,uniform__top_lsa,Uniform per-query budget + Semantic-first selection,top_lsa,Semantic-first selection,uniform,Uniform per-query budget,Spend feedback on latent-semantic candidates.,Give every query the same number of feedback calls.,1620,12.0,0.08319088319088319,0.2,0.5074435237195895,0.4745061728395061,0.8333333333333334,0.6497170943195677,0.6175925925925926,0.875,-0.023845956418072523,-0.008306878306878374,-0.025000000000000022,0.006790123456790123,0.05925925925925926,0.012437879376941257,0.34515332910749646,0.7808641975308642
scifact,1,uniform__top_char,Uniform per-query budget + Character-robust selection,top_char,Character-robust selection,uniform,Uniform per-query budget,Favor candidates supported by character-level similarity.,Give every query the same number of feedback calls.,1620,12.0,0.08774928774928775,0.2,0.5093704826078455,0.49240740740740735,0.7333333333333333,0.66094078566997,0.6237037037037038,0.8666666666666667,-0.012622265067670169,-0.0021957671957671954,-0.033333333333333326,0.011728395061728396,0.08148148148148149,0.011990462482711415,0.5594049292030158,0.7944444444444444
scifact,1,uniform__top_title,Uniform per-query budget + Title-focused selection,top_title,Title-focused selection,uniform,Uniform per-query budget,Favor concise title evidence before full-document evidence.,Give every query the same number of feedback calls.,1620,12.0,0.08433048433048433,0.2,0.5273192183952654,0.4952380952380952,0.8666666666666667,0.6510505593687923,0.6098611111111112,0.9166666666666666,-0.02251249136884792,-0.01603835978835977,0.016666666666666607,0.008024691358024692,0.07407407407407407,0.005903031575826951,0.6474961774216758,0.7981481481481482
scifact,1,uniform__rrf_consensus,Uniform per-query budget + Multi-retriever consensus,rrf_consensus,Multi-retriever consensus,uniform,Uniform per-query budget,Reward candidates jointly supported by several retrievers.,Give every query the same number of feedback calls.,1620,12.0,0.08717948717948718,0.2,0.5398956134407129,0.5133333333333334,0.8555555555555555,0.657607921450246,0.6146296296296296,0.9,-0.015955129287394176,-0.011269841269841319,0.0,0.011111111111111112,0.08148148148148149,0.001559770585578165,0.5140323023001353,0.8104938271604938
scifact,1,uniform__retriever_disagreement,Uniform per-query budget + Retriever disagreement,retriever_disagreement,Retriever disagreement,uniform,Uniform per-query budget,"Label pairs on which lexical, character and semantic retrievers disagree.",Give every query the same number of feedback calls.,1620,12.0,0.07977207977207977,0.2,0.5082745155115459,0.4824074074074074,0.7888888888888889,0.6759879075772923,0.6281018518518519,0.8833333333333333,0.002424856839652101,0.0022023809523809,-0.01666666666666672,0.0030864197530864196,0.02962962962962963,0.03642404200854125,0.4361908080953139,0.7962962962962963
scifact,1,uniform__uncertainty,Uniform per-query budget + Current-model uncertainty,uncertainty,Current-model uncertainty,uniform,Uniform per-query budget,Label candidates nearest the current model's decision boundary.,Give every query the same number of feedback calls.,1620,12.0,0.07920227920227921,0.4,0.5307964929553454,0.5011992945326279,0.7,0.6391934840454597,0.6058068783068783,0.7916666666666666,-0.0343695666921805,-0.020092592592592662,-0.10833333333333339,0.0024691358024691358,0.02962962962962963,0.03010122959996447,0.5763898458745744,0.8160493827160494
scifact,1,uniform__committee,Uniform per-query budget + Bootstrap committee disagreement,committee,Bootstrap committee disagreement,uniform,Uniform per-query budget,Use epistemic disagreement across cheap student replicas.,Give every query the same number of feedback calls.,1620,12.0,0.07863247863247863,1.0,0.5257618124064874,0.5005820105820106,0.6333333333333333,0.6273804195831504,0.6027777777777777,0.75,-0.04618263115448984,-0.02312169312169321,-0.15000000000000002,0.001851851851851852,0.022222222222222223,0.046629954083466235,0.611199935387682,0.8024691358024691
scifact,1,uniform__false_positive,Uniform per-query budget + Likely false-positive hunting,false_positive,Likely false-positive hunting,uniform,Uniform per-query budget,Inspect high-ranked candidates the current model distrusts.,Give every query the same number of feedback calls.,1620,12.0,0.07692307692307693,0.8,0.5153790242864558,0.4867283950617283,0.8111111111111111,0.666542005068898,0.6169378306878308,0.8416666666666667,-0.007021045668742176,-0.008961640211640143,-0.05833333333333335,0.0,0.0,0.013110077233962071,0.7359568576018015,0.8246913580246914
scifact,1,uniform__false_negative,Uniform per-query budget + Likely false-negative hunting,false_negative,Likely false-negative hunting,uniform,Uniform per-query budget,Inspect low-ranked candidates the current model considers promising.,Give every query the same number of feedback calls.,1620,12.0,0.08774928774928775,0.2,0.5181109434674087,0.4955555555555556,0.8444444444444444,0.6701088839778926,0.6303439153439153,0.9,-0.0034541667597476344,0.004444444444444362,0.0,0.011728395061728396,0.08148148148148149,0.07258089633635532,0.571455253219163,0.8055555555555556
scifact,1,uniform__coverage,Uniform per-query budget + Query-term coverage,coverage,Query-term coverage,uniform,Uniform per-query budget,Prefer documents covering more of the query's content.,Give every query the same number of feedback calls.,1620,12.0,0.08547008547008547,0.2,0.5394616984609253,0.5058289241622574,0.8222222222222222,0.6651942353336342,0.6152248677248677,0.8833333333333333,-0.008368815404006025,-0.010674603174603225,-0.01666666666666672,0.009259259259259259,0.08148148148148149,0.0033928006519506008,0.565550019674831,0.7987654320987654
scifact,1,uniform__rank_strata,Uniform per-query budget + Rank-stratified sampling,rank_strata,Rank-stratified sampling,uniform,Uniform per-query budget,Guarantee supervision from each rank band.,Give every query the same number of feedback calls.,1620,12.0,0.07920227920227921,0.4,0.5402378077689785,0.513668430335097,0.7,0.6443924620470027,0.6078703703703704,0.7916666666666666,-0.02917058869063749,-0.01802910052910056,-0.10833333333333339,0.0024691358024691358,0.02962962962962963,0.013864707615640428,0.5663097769021987,0.8141975308641975
scifact,1,uniform__mmr_relevance,Uniform per-query budget + Relevance–diversity MMR,mmr_relevance,Relevance–diversity MMR,uniform,Uniform per-query budget,Balance likely relevance with non-redundant documents.,Give every query the same number of feedback calls.,1620,12.0,0.08433048433048433,0.2,0.5498667498886776,0.5194356261022928,0.8222222222222222,0.6688602259056896,0.6244179894179893,0.8833333333333333,-0.004702824831950614,-0.001481481481481639,-0.01666666666666672,0.008024691358024692,0.06666666666666667,0.0073179492244014035,0.7406472203908143,0.8092592592592592
scifact,1,uniform__mmr_uncertainty,Uniform per-query budget + Uncertainty–diversity MMR,mmr_uncertainty,Uncertainty–diversity MMR,uniform,Uniform per-query budget,Cover multiple uncertain semantic regions.,Give every query the same number of feedback calls.,1620,12.0,0.07863247863247863,0.4,0.5313831607435197,0.5017548500881834,0.7,0.6461778934501056,0.6065476190476191,0.7916666666666666,-0.027385157287534656,-0.019351851851851842,-0.10833333333333339,0.001851851851851852,0.022222222222222223,0.039392055295131824,0.7090069311636465,0.821604938271605
scifact,1,uniform__farthest_first,Uniform per-query budget + Semantic k-center coverage,farthest_first,Semantic k-center coverage,uniform,Uniform per-query budget,Cover the candidate manifold with farthest-first traversal.,Give every query the same number of feedback calls.,1620,12.0,0.07749287749287749,0.6,0.5226818967562471,0.4958024691358025,0.7111111111111111,0.648869634641862,0.6104166666666667,0.8666666666666667,-0.024693416095778242,-0.015482804232804237,-0.033333333333333326,0.0006172839506172839,0.007407407407407408,0.05192642186158969,0.8829977101749844,0.7753086419753087
scifact,1,uniform__cluster_representatives,Uniform per-query budget + Candidate-cluster representatives,cluster_representatives,Candidate-cluster representatives,uniform,Uniform per-query budget,Take representative documents from multiple semantic clusters.,Give every query the same number of feedback calls.,1620,12.0,0.07806267806267807,0.4,0.5384599095442972,0.5047795414462081,0.7222222222222222,0.65801351414934,0.6193518518518518,0.825,-0.015549536588300272,-0.006547619047619135,-0.07500000000000007,0.0012345679012345679,0.014814814814814815,0.026434095443030933,0.6935427888675972,0.7654320987654321
scifact,1,uniform__center_outlier_mix,Uniform per-query budget + Typical–outlier mixture,center_outlier_mix,Typical–outlier mixture,uniform,Uniform per-query budget,Label both dense-region representatives and unusual candidates.,Give every query the same number of feedback calls.,1620,12.0,0.07977207977207977,0.4,0.5400004304759997,0.50663139329806,0.8111111111111111,0.6597900840097705,0.6174074074074074,0.875,-0.013772966727869762,-0.00849206349206355,-0.025000000000000022,0.0030864197530864196,0.02962962962962963,0.04331982610402284,0.7251837898183752,0.7475308641975309
scifact,1,uniform__hard_negative,Uniform per-query budget + Hard-negative proxy,hard_negative,Hard-negative proxy,uniform,Uniform per-query budget,Prioritize high retrieval score but low relevance probability.,Give every query the same number of feedback calls.,1620,12.0,0.07692307692307693,0.4,0.5220685797456553,0.4891975308641975,0.8555555555555555,0.6723718561216827,0.6249074074074075,0.8583333333333333,-0.0011911946159575137,-0.0009920634920634885,-0.04166666666666674,0.0,0.0,0.007200018344102083,0.6756663969269505,0.8222222222222222
scifact,1,uniform__leverage,Uniform per-query budget + Feature-space leverage,leverage,Feature-space leverage,uniform,Uniform per-query budget,Select statistically influential examples in the student feature space.,Give every query the same number of feedback calls.,1620,12.0,0.08205128205128205,0.8,0.5453354500493347,0.5116049382716049,0.9111111111111111,0.6867931724939804,0.6541666666666667,0.8916666666666667,0.013230121756340196,0.02826719576719572,-0.008333333333333304,0.005555555555555556,0.05925925925925926,0.07452875938680437,0.733610882140972,0.7654320987654321
scifact,1,uniform__d_optimal,Uniform per-query budget + D-optimal experimental design,d_optimal,D-optimal experimental design,uniform,Uniform per-query budget,Choose a set that maximizes feature-space information volume.,Give every query the same number of feedback calls.,1620,12.0,0.08091168091168091,0.6,0.5498256596835785,0.5114462081128748,0.7888888888888889,0.6701487749810414,0.6337962962962962,0.8416666666666667,-0.0034142757565988058,0.007896825396825236,-0.05833333333333335,0.004320987654320987,0.044444444444444446,0.05312120443508949,0.7282102342005129,0.7395061728395061
scifact,1,uniform__portfolio,Uniform per-query budget + Diversified policy portfolio,portfolio,Diversified policy portfolio,uniform,Uniform per-query budget,"Hedge across exploitation, uncertainty, disagreement, coverage and diversity.",Give every query the same number of feedback calls.,1620,12.0,0.08205128205128205,0.4,0.5498632804322906,0.5192857142857144,0.7666666666666667,0.6653200756219257,0.629074074074074,0.825,-0.00824297511571448,0.0031746031746030523,-0.07500000000000007,0.005555555555555556,0.05925925925925926,0.027872123026553494,0.6375561153447187,0.8160493827160494
scifact,1,difficulty__random,Difficulty-adaptive budget + Random exploration,random,Random exploration,difficulty,Difficulty-adaptive budget,A random but reproducible sample is a strong unbiased control.,Allocate more labels to low-confidence/high-entropy queries.,1620,12.0,0.07863247863247863,0.6,0.5406897670650508,0.5141269841269841,0.6555555555555556,0.6449234384052153,0.6085185185185185,0.7833333333333333,-0.028639612332424957,-0.017380952380952497,-0.1166666666666667,0.001851851851851852,0.022222222222222223,0.03096318785791044,0.6958754850758446,0.8592592592592593
scifact,1,difficulty__top_base,Difficulty-adaptive budget + Top current-retriever candidates,top_base,Top current-retriever candidates,difficulty,Difficulty-adaptive budget,Exploit the current retriever's highest-scoring documents.,Allocate more labels to low-confidence/high-entropy queries.,1620,12.0,0.08831908831908832,0.2,0.5484923424903694,0.5177777777777778,0.8555555555555555,0.6756503990691718,0.6291402116402117,0.8833333333333333,0.002087348331531569,0.0032407407407407662,-0.01666666666666672,0.012345679012345678,0.08888888888888889,0.0012661379428557408,0.5266211105165658,0.8222222222222222
scifact,1,difficulty__uniform_rank,Difficulty-adaptive budget + Uniform rank coverage,uniform_rank,Uniform rank coverage,difficulty,Difficulty-adaptive budget,Spread labels across the whole candidate ranking instead of only its head.,Allocate more labels to low-confidence/high-entropy queries.,1620,12.0,0.07977207977207977,0.4,0.5408108815851325,0.5141005291005291,0.6555555555555556,0.645853253741631,0.6095370370370371,0.8416666666666667,-0.027709796996009173,-0.016362433862433856,-0.05833333333333335,0.0030864197530864196,0.02962962962962963,0.011751146816912993,0.6438752161131964,0.8308641975308642
scifact,1,difficulty__head_tail,Difficulty-adaptive budget + Head–tail mixture,head_tail,Head–tail mixture,difficulty,Difficulty-adaptive budget,Label both likely positives/hard negatives and clear negatives.,Allocate more labels to low-confidence/high-entropy queries.,1620,12.0,0.08205128205128205,0.4,0.5547097461028019,0.5314814814814816,0.9111111111111111,0.6666027084872623,0.6198148148148148,0.9,-0.006960342250377893,-0.006084656084656137,0.0,0.005555555555555556,0.05925925925925926,0.0905537227789561,0.6715465165950634,0.8277777777777777
scifact,1,difficulty__top_bm25,Difficulty-adaptive budget + Lexical-first selection,top_bm25,Lexical-first selection,difficulty,Difficulty-adaptive budget,Spend feedback on BM25's strongest candidates.,Allocate more labels to low-confidence/high-entropy queries.,1620,12.0,0.08547008547008547,0.2,0.5342577814495247,0.5051499118165784,0.8333333333333334,0.6641698468265089,0.6177513227513228,0.9,-0.009393203911131298,-0.008148148148148127,0.0,0.009259259259259259,0.07407407407407407,0.0023248830695211152,0.5794631446401278,0.8037037037037037
scifact,1,difficulty__top_lsa,Difficulty-adaptive budget + Semantic-first selection,top_lsa,Semantic-first selection,difficulty,Difficulty-adaptive budget,Spend feedback on latent-semantic candidates.,Allocate more labels to low-confidence/high-entropy queries.,1620,12.0,0.08433048433048433,0.2,0.5057886488092478,0.47265432098765425,0.8333333333333334,0.6502278546550097,0.6181481481481481,0.875,-0.02333519608263057,-0.007751322751322842,-0.025000000000000022,0.008024691358024692,0.05925925925925926,0.013131043204554806,0.34345756675358174,0.7666666666666667
scifact,1,difficulty__top_char,Difficulty-adaptive budget + Character-robust selection,top_char,Character-robust selection,difficulty,Difficulty-adaptive budget,Favor candidates supported by character-level similarity.,Allocate more labels to low-confidence/high-entropy queries.,1620,12.0,0.08774928774928775,0.2,0.5154733702788709,0.494320987654321,0.7333333333333333,0.6590549991238792,0.6214814814814815,0.8666666666666667,-0.014508051613761008,-0.004417989417989432,-0.033333333333333326,0.011728395061728396,0.08148148148148149,0.010714797694006083,0.5550503514983036,0.7851851851851852
scifact,1,difficulty__top_title,Difficulty-adaptive budget + Title-focused selection,top_title,Title-focused selection,difficulty,Difficulty-adaptive budget,Favor concise title evidence before full-document evidence.,Allocate more labels to low-confidence/high-entropy queries.,1620,12.0,0.0849002849002849,0.2,0.5273192183952654,0.4952380952380952,0.8666666666666667,0.6517809552161064,0.6106944444444445,0.9166666666666666,-0.021782095521533873,-0.015205026455026416,0.016666666666666607,0.008641975308641974,0.07407407407407407,0.006093863020708532,0.6480775325386613,0.7950617283950617
scifact,1,difficulty__rrf_consensus,Difficulty-adaptive budget + Multi-retriever consensus,rrf_consensus,Multi-retriever consensus,difficulty,Difficulty-adaptive budget,Reward candidates jointly supported by several retrievers.,Allocate more labels to low-confidence/high-entropy queries.,1620,12.0,0.08831908831908832,0.2,0.5401615060928483,0.5135802469135803,0.8777777777777778,0.6583383172975602,0.615462962962963,0.9,-0.015224733440080018,-0.010436507936507966,0.0,0.012345679012345678,0.08148148148148149,0.0015218901413458364,0.510742373543757,0.8203703703703704
scifact,1,difficulty__retriever_disagreement,Difficulty-adaptive budget + Retriever disagreement,retriever_disagreement,Retriever disagreement,difficulty,Difficulty-adaptive budget,"Label pairs on which lexical, character and semantic retrievers disagree.",Allocate more labels to low-confidence/high-entropy queries.,1620,12.0,0.08034188034188035,0.2,0.5082745155115459,0.4824074074074074,0.8222222222222222,0.6759879075772923,0.6281018518518519,0.8833333333333333,0.002424856839652101,0.0022023809523809,-0.01666666666666672,0.003703703703703704,0.037037037037037035,0.038971559169851705,0.4354861777137827,0.7876543209876543
scifact,1,difficulty__uncertainty,Difficulty-adaptive budget + Current-model uncertainty,uncertainty,Current-model uncertainty,difficulty,Difficulty-adaptive budget,Label candidates nearest the current model's decision boundary.,Allocate more labels to low-confidence/high-entropy queries.,1620,12.0,0.07920227920227921,0.4,0.5307964929553454,0.5011992945326279,0.7,0.6386827237100177,0.6052513227513228,0.7916666666666666,-0.03488032702762256,-0.020648148148148193,-0.10833333333333339,0.0024691358024691358,0.02962962962962963,0.027312492514833992,0.5782969166835149,0.8228395061728395
scifact,1,difficulty__committee,Difficulty-adaptive budget + Bootstrap committee disagreement,committee,Bootstrap committee disagreement,difficulty,Difficulty-adaptive budget,Use epistemic disagreement across cheap student replicas.,Allocate more labels to low-confidence/high-entropy queries.,1620,12.0,0.07863247863247863,1.0,0.5260277050586227,0.5008289241622575,0.6333333333333333,0.6296347732326792,0.6012698412698413,0.75,-0.04392827750496098,-0.024629629629629668,-0.15000000000000002,0.001851851851851852,0.022222222222222223,0.04641768060348652,0.6037295472842675,0.8006172839506173
scifact,1,difficulty__false_positive,Difficulty-adaptive budget + Likely false-positive hunting,false_positive,Likely false-positive hunting,difficulty,Difficulty-adaptive budget,Inspect high-ranked candidates the current model distrusts.,Allocate more labels to low-confidence/high-entropy queries.,1620,12.0,0.07692307692307693,0.6,0.5154733702788707,0.4869135802469136,0.8333333333333334,0.6692352660402714,0.6250462962962964,0.8416666666666667,-0.0043277846973688305,-0.0008531746031745779,-0.05833333333333335,0.0,0.0,0.014182879233065947,0.7353962708402563,0.8246913580246914
scifact,1,difficulty__false_negative,Difficulty-adaptive budget + Likely false-negative hunting,false_negative,Likely false-negative hunting,difficulty,Difficulty-adaptive budget,Inspect low-ranked candidates the current model considers promising.,Allocate more labels to low-confidence/high-entropy queries.,1620,12.0,0.08717948717948718,0.4,0.5225789642143166,0.4954320987654321,0.8222222222222222,0.6638812552111093,0.6268518518518518,0.8833333333333333,-0.009681795526530923,0.0009523809523808158,-0.01666666666666672,0.011111111111111112,0.08148148148148149,0.06806883900253861,0.5754634567432934,0.7962962962962963
scifact,1,difficulty__coverage,Difficulty-adaptive budget + Query-term coverage,coverage,Query-term coverage,difficulty,Difficulty-adaptive budget,Prefer documents covering more of the query's content.,Allocate more labels to low-confidence/high-entropy queries.,1620,12.0,0.08603988603988603,0.4,0.5452510691256097,0.517962962962963,0.6555555555555556,0.6425066792516784,0.6059259259259259,0.825,-0.031056371485961853,-0.019973544973545088,-0.07500000000000007,0.009876543209876543,0.08148148148148149,0.003441401800991576,0.5661471234427558,0.7975308641975308
scifact,1,difficulty__rank_strata,Difficulty-adaptive budget + Rank-stratified sampling,rank_strata,Rank-stratified sampling,difficulty,Difficulty-adaptive budget,Guarantee supervision from each rank band.,Allocate more labels to low-confidence/high-entropy queries.,1620,12.0,0.07920227920227921,0.4,0.5331511754976099,0.5108024691358024,0.6555555555555556,0.6451228578943167,0.6087037037037037,0.8083333333333333,-0.028440192843323553,-0.01719576719576721,-0.09166666666666667,0.0024691358024691358,0.02962962962962963,0.011527677156307078,0.5615327402397439,0.8240740740740741
scifact,1,difficulty__mmr_relevance,Difficulty-adaptive budget + Relevance–diversity MMR,mmr_relevance,Relevance–diversity MMR,difficulty,Difficulty-adaptive budget,Balance likely relevance with non-redundant documents.,Allocate more labels to low-confidence/high-entropy queries.,1620,12.0,0.0849002849002849,0.4,0.549732096272257,0.5246913580246914,0.6333333333333333,0.6450647994644976,0.6034259259259259,0.8083333333333333,-0.02849825127314265,-0.022473544973545034,-0.09166666666666667,0.008641975308641974,0.07407407407407407,0.006445151125943219,0.7391032428653151,0.8006172839506173
scifact,1,difficulty__mmr_uncertainty,Difficulty-adaptive budget + Uncertainty–diversity MMR,mmr_uncertainty,Uncertainty–diversity MMR,difficulty,Difficulty-adaptive budget,Cover multiple uncertain semantic regions.,Allocate more labels to low-confidence/high-entropy queries.,1620,12.0,0.07863247863247863,0.4,0.5310623856074808,0.5014462081128748,0.7,0.6461778934501056,0.6065476190476191,0.7916666666666666,-0.027385157287534656,-0.019351851851851842,-0.10833333333333339,0.001851851851851852,0.022222222222222223,0.037221793885584234,0.7049141312087024,0.8222222222222222
scifact,1,difficulty__farthest_first,Difficulty-adaptive budget + Semantic k-center coverage,farthest_first,Semantic k-center coverage,difficulty,Difficulty-adaptive budget,Cover the candidate manifold with farthest-first traversal.,Allocate more labels to low-confidence/high-entropy queries.,1620,12.0,0.07692307692307693,0.6,0.5344740216479474,0.5113580246913579,0.7111111111111111,0.6412576721734244,0.6004166666666666,0.8666666666666667,-0.03230537856421578,-0.025482804232804357,-0.033333333333333326,0.0,0.0,0.0498358522300367,0.8820192487151535,0.7703703703703704
scifact,1,difficulty__cluster_representatives,Difficulty-adaptive budget + Candidate-cluster representatives,cluster_representatives,Candidate-cluster representatives,difficulty,Difficulty-adaptive budget,Take representative documents from multiple semantic clusters.,Allocate more labels to low-confidence/high-entropy queries.,1620,12.0,0.07863247863247863,0.4,0.5469822457120814,0.5161992945326279,0.7222222222222222,0.6635616571019523,0.621851851851852,0.8416666666666667,-0.010001393635687972,-0.004047619047618967,-0.05833333333333335,0.001851851851851852,0.022222222222222223,0.026745119911653025,0.6962392539889725,0.762962962962963
scifact,1,difficulty__center_outlier_mix,Difficulty-adaptive budget + Typical–outlier mixture,center_outlier_mix,Typical–outlier mixture,difficulty,Difficulty-adaptive budget,Label both dense-region representatives and unusual candidates.,Allocate more labels to low-confidence/high-entropy queries.,1620,12.0,0.08034188034188035,0.4,0.5448835723513614,0.5070017636684304,0.8111111111111111,0.6583292923151419,0.6157407407407407,0.875,-0.0152337584224983,-0.010158730158730256,-0.025000000000000022,0.003703703703703704,0.037037037037037035,0.042741852152494736,0.7321881439950731,0.7475308641975309
scifact,1,difficulty__hard_negative,Difficulty-adaptive budget + Hard-negative proxy,hard_negative,Hard-negative proxy,difficulty,Difficulty-adaptive budget,Prioritize high retrieval score but low relevance probability.,Allocate more labels to low-confidence/high-entropy queries.,1620,12.0,0.07692307692307693,0.2,0.5218970330859349,0.48913580246913574,0.8666666666666667,0.6687952651991407,0.6246296296296296,0.8833333333333333,-0.004767785538499547,-0.0012698412698413097,-0.01666666666666672,0.0,0.0,0.0083184434675876,0.6776722874906328,0.8203703703703704
scifact,1,difficulty__leverage,Difficulty-adaptive budget + Feature-space leverage,leverage,Feature-space leverage,difficulty,Difficulty-adaptive budget,Select statistically influential examples in the student feature space.,Allocate more labels to low-confidence/high-entropy queries.,1620,12.0,0.08148148148148149,0.6,0.5450987478710201,0.5116931216931216,0.9111111111111111,0.6823204950979552,0.6368981481481482,0.9,0.008757444360315003,0.010998677248677202,0.0,0.0049382716049382715,0.05185185185185185,0.07303331722447902,0.7326994887104741,0.7691358024691358
scifact,1,difficulty__d_optimal,Difficulty-adaptive budget + D-optimal experimental design,d_optimal,D-optimal experimental design,difficulty,Difficulty-adaptive budget,Choose a set that maximizes feature-space information volume.,Allocate more labels to low-confidence/high-entropy queries.,1620,12.0,0.08034188034188035,0.4,0.553658207199261,0.5185449735449735,0.8666666666666667,0.6763320138714016,0.6325462962962963,0.9166666666666666,0.002768963133761404,0.006646825396825373,0.016666666666666607,0.003703703703703704,0.037037037037037035,0.05316813772107348,0.7290363457467821,0.7320987654320987
scifact,1,difficulty__portfolio,Difficulty-adaptive budget + Diversified policy portfolio,portfolio,Diversified policy portfolio,difficulty,Difficulty-adaptive budget,"Hedge across exploitation, uncertainty, disagreement, coverage and diversity.",Allocate more labels to low-confidence/high-entropy queries.,1620,12.0,0.08319088319088319,0.6,0.5502995357601331,0.5314814814814816,0.6333333333333333,0.6453649829341342,0.6130555555555556,0.7666666666666667,-0.028198067803505977,-0.01284391534391538,-0.1333333333333333,0.006790123456790123,0.06666666666666667,0.02747366409978749,0.6323949877862577,0.8160493827160494
scifact,1,disagreement__random,Disagreement-adaptive budget + Random exploration,random,Random exploration,disagreement,Disagreement-adaptive budget,A random but reproducible sample is a strong unbiased control.,Allocate more labels where retrievers and model replicas disagree.,1620,12.0,0.07863247863247863,0.6,0.5428529498370522,0.5165079365079366,0.6555555555555556,0.6449234384052153,0.6085185185185185,0.7833333333333333,-0.028639612332424957,-0.017380952380952497,-0.1166666666666667,0.001851851851851852,0.022222222222222223,0.03166921683299689,0.6967560882921572,0.8537037037037037
scifact,1,disagreement__top_base,Disagreement-adaptive budget + Top current-retriever candidates,top_base,Top current-retriever candidates,disagreement,Disagreement-adaptive budget,Exploit the current retriever's highest-scoring documents.,Allocate more labels where retrievers and model replicas disagree.,1620,12.0,0.08831908831908832,0.2,0.5481715673543305,0.5174691358024691,0.8333333333333334,0.6755351913595653,0.6288425925925926,0.8833333333333333,0.001972140621925078,0.0029431216931216087,-0.01666666666666672,0.012345679012345678,0.08888888888888889,0.0012694731538678394,0.5257233460192328,0.8246913580246914
scifact,1,disagreement__uniform_rank,Disagreement-adaptive budget + Uniform rank coverage,uniform_rank,Uniform rank coverage,disagreement,Disagreement-adaptive budget,Spread labels across the whole candidate ranking instead of only its head.,Allocate more labels where retrievers and model replicas disagree.,1620,12.0,0.07977207977207977,0.4,0.5423972800395506,0.5157671957671958,0.6555555555555556,0.6671330379913917,0.6218981481481481,0.8416666666666667,-0.006430012746248548,-0.004001322751322811,-0.05833333333333335,0.0030864197530864196,0.02962962962962963,0.013254927742628403,0.6428364126770585,0.8339506172839506
scifact,1,disagreement__head_tail,Disagreement-adaptive budget + Head–tail mixture,head_tail,Head–tail mixture,disagreement,Disagreement-adaptive budget,Label both likely positives/hard negatives and clear negatives.,Allocate more labels where retrievers and model replicas disagree.,1620,12.0,0.08091168091168091,0.4,0.5547097461028019,0.5314814814814816,0.9111111111111111,0.6666027084872623,0.6198148148148148,0.9,-0.006960342250377893,-0.006084656084656137,0.0,0.004320987654320987,0.05185185185185185,0.09301702159422415,0.6722633728274593,0.8271604938271605
scifact,1,disagreement__top_bm25,Disagreement-adaptive budget + Lexical-first selection,top_bm25,Lexical-first selection,disagreement,Disagreement-adaptive budget,Spend feedback on BM25's strongest candidates.,Allocate more labels where retrievers and model replicas disagree.,1620,12.0,0.08547008547008547,0.2,0.5345785565855635,0.5054585537918871,0.8666666666666667,0.6639704273374073,0.6175661375661377,0.9,-0.009592623400232925,-0.008333333333333304,0.0,0.009259259259259259,0.07407407407407407,0.002285692353307465,0.5762490390075578,0.8024691358024691
scifact,1,disagreement__top_lsa,Disagreement-adaptive budget + Semantic-first selection,top_lsa,Semantic-first selection,disagreement,Disagreement-adaptive budget,Spend feedback on latent-semantic candidates.,Allocate more labels where retrievers and model replicas disagree.,1620,12.0,0.08262108262108261,0.2,0.5074435237195895,0.4745061728395061,0.8333333333333334,0.649072463956233,0.6167592592592593,0.875,-0.024490586781407253,-0.009140211640211615,-0.025000000000000022,0.006172839506172839,0.05925925925925926,0.01387900286986504,0.34295579175706264,0.7666666666666667
scifact,1,disagreement__top_char,Disagreement-adaptive budget + Character-robust selection,top_char,Character-robust selection,disagreement,Disagreement-adaptive budget,Favor candidates supported by character-level similarity.,Allocate more labels where retrievers and model replicas disagree.,1620,12.0,0.08774928774928775,0.2,0.5093704826078455,0.49240740740740735,0.7333333333333333,0.6657585327752681,0.6253703703703705,0.8666666666666667,-0.007804517962372137,-0.0005291005291004902,-0.033333333333333326,0.011728395061728396,0.08148148148148149,0.012261462211608887,0.5572129065515818,0.7938271604938272
scifact,1,disagreement__top_title,Disagreement-adaptive budget + Title-focused selection,top_title,Title-focused selection,disagreement,Disagreement-adaptive budget,Favor concise title evidence before full-document evidence.,Allocate more labels where retrievers and model replicas disagree.,1620,12.0,0.08433048433048433,0.2,0.5280002321758548,0.4959788359788359,0.8666666666666667,0.6517809552161064,0.6106944444444445,0.9,-0.021782095521533873,-0.015205026455026416,0.0,0.008024691358024692,0.07407407407407407,0.005962353981571433,0.6453064363311838,0.8
scifact,1,disagreement__rrf_consensus,Disagreement-adaptive budget + Multi-retriever consensus,rrf_consensus,Multi-retriever consensus,disagreement,Disagreement-adaptive budget,Reward candidates jointly supported by several retrievers.,Allocate more labels where retrievers and model replicas disagree.,1620,12.0,0.08660968660968661,0.2,0.5475689135002557,0.5167548500881834,0.8777777777777778,0.6583383172975602,0.615462962962963,0.8833333333333333,-0.015224733440080018,-0.010436507936507966,-0.01666666666666672,0.010493827160493827,0.08148148148148149,0.001552742572478306,0.5095266184597104,0.8197530864197531
scifact,1,disagreement__retriever_disagreement,Disagreement-adaptive budget + Retriever disagreement,retriever_disagreement,Retriever disagreement,disagreement,Disagreement-adaptive budget,"Label pairs on which lexical, character and semantic retrievers disagree.",Allocate more labels where retrievers and model replicas disagree.,1620,12.0,0.07977207977207977,0.2,0.5053649654321802,0.47870370370370374,0.8222222222222222,0.6763537748168118,0.6287962962962962,0.8833333333333333,0.0027907240791715804,0.002896825396825231,-0.01666666666666672,0.0030864197530864196,0.02962962962962963,0.03951665575121656,0.4322739497930915,0.7950617283950617
scifact,1,disagreement__uncertainty,Disagreement-adaptive budget + Current-model uncertainty,uncertainty,Current-model uncertainty,disagreement,Disagreement-adaptive budget,Label candidates nearest the current model's decision boundary.,Allocate more labels where retrievers and model replicas disagree.,1620,12.0,0.07806267806267807,0.4,0.5307964929553454,0.5011992945326279,0.6777777777777778,0.6391934840454597,0.6058068783068783,0.7916666666666666,-0.0343695666921805,-0.020092592592592662,-0.10833333333333339,0.0012345679012345679,0.014814814814814815,0.02984964645203249,0.5768860256230389,0.8185185185185185
scifact,1,disagreement__committee,Disagreement-adaptive budget + Bootstrap committee disagreement,committee,Bootstrap committee disagreement,disagreement,Disagreement-adaptive budget,Use epistemic disagreement across cheap student replicas.,Allocate more labels where retrievers and model replicas disagree.,1620,12.0,0.07806267806267807,1.0,0.527001566188375,0.5019400352733686,0.6555555555555556,0.6315191281830768,0.60375,0.75,-0.04204392255456346,-0.022149470899470947,-0.15000000000000002,0.0012345679012345679,0.014814814814814815,0.0483312369496734,0.6088943565333331,0.7987654320987654
scifact,1,disagreement__false_positive,Disagreement-adaptive budget + Likely false-positive hunting,false_positive,Likely false-positive hunting,disagreement,Disagreement-adaptive budget,Inspect high-ranked candidates the current model distrusts.,Allocate more labels where retrievers and model replicas disagree.,1620,12.0,0.07692307692307693,0.8,0.5153790242864558,0.4867283950617283,0.7666666666666667,0.6665091190931343,0.6175859788359789,0.8416666666666667,-0.007053931644505962,-0.008313492063492078,-0.05833333333333335,0.0,0.0,0.013872450553340677,0.7360245717896355,0.8203703703703704
scifact,1,disagreement__false_negative,Disagreement-adaptive budget + Likely false-negative hunting,false_negative,Likely false-negative hunting,disagreement,Disagreement-adaptive budget,Inspect low-ranked candidates the current model considers promising.,Allocate more labels where retrievers and model replicas disagree.,1620,12.0,0.08717948717948718,1.0,0.5277100490059741,0.5017283950617284,0.7,0.6388846362889713,0.6195833333333333,0.7416666666666667,-0.034678414448668926,-0.006316137566137692,-0.15833333333333333,0.011111111111111112,0.08148148148148149,0.0731843622746291,0.5718774571738862,0.8037037037037037
scifact,1,disagreement__coverage,Disagreement-adaptive budget + Query-term coverage,coverage,Query-term coverage,disagreement,Disagreement-adaptive budget,Prefer documents covering more of the query's content.,Allocate more labels where retrievers and model replicas disagree.,1620,12.0,0.08547008547008547,0.4,0.5474633167790431,0.5211111111111111,0.6333333333333333,0.64270609874078,0.606111111111111,0.825,-0.030856951996860227,-0.01978835978835991,-0.07500000000000007,0.009259259259259259,0.08148148148148149,0.0034406871339421213,0.5640707310151171,0.7969135802469136
scifact,1,disagreement__rank_strata,Disagreement-adaptive budget + Rank-stratified sampling,rank_strata,Rank-stratified sampling,disagreement,Disagreement-adaptive budget,Guarantee supervision from each rank band.,Allocate more labels where retrievers and model replicas disagree.,1620,12.0,0.07920227920227921,0.4,0.5399719151168431,0.5134215167548501,0.6777777777777778,0.6403051107890186,0.6070370370370369,0.7916666666666666,-0.033257939948621584,-0.018862433862434025,-0.10833333333333339,0.0024691358024691358,0.02962962962962963,0.013061952811700327,0.5623404214779536,0.8185185185185185
scifact,1,disagreement__mmr_relevance,Disagreement-adaptive budget + Relevance–diversity MMR,mmr_relevance,Relevance–diversity MMR,disagreement,Disagreement-adaptive budget,Balance likely relevance with non-redundant documents.,Allocate more labels where retrievers and model replicas disagree.,1620,12.0,0.08319088319088319,0.2,0.542780117617309,0.5165696649029982,0.8222222222222222,0.6685624182965629,0.6241203703703704,0.8833333333333333,-0.005000632441077291,-0.0017791005291005746,-0.01666666666666672,0.006790123456790123,0.06666666666666667,0.007244928199567913,0.7392328555937167,0.8037037037037037
scifact,1,disagreement__mmr_uncertainty,Disagreement-adaptive budget + Uncertainty–diversity MMR,mmr_uncertainty,Uncertainty–diversity MMR,disagreement,Disagreement-adaptive budget,Cover multiple uncertain semantic regions.,Allocate more labels where retrievers and model replicas disagree.,1620,12.0,0.07863247863247863,0.4,0.5243728301482812,0.4989770723104056,0.7,0.6465663802856221,0.6071031746031746,0.7916666666666666,-0.026996670452018146,-0.01879629629629631,-0.10833333333333339,0.001851851851851852,0.022222222222222223,0.04037420650323232,0.7082264204819997,0.821604938271605
scifact,1,disagreement__farthest_first,Disagreement-adaptive budget + Semantic k-center coverage,farthest_first,Semantic k-center coverage,disagreement,Disagreement-adaptive budget,Cover the candidate manifold with farthest-first traversal.,Allocate more labels where retrievers and model replicas disagree.,1620,12.0,0.07692307692307693,0.6,0.5326961234232663,0.5024691358024691,0.7111111111111111,0.6361215215008328,0.5959722222222222,0.8666666666666667,-0.037441529236807436,-0.02992724867724872,-0.033333333333333326,0.0,0.0,0.052042088501247356,0.8824365545202184,0.7691358024691358
scifact,1,disagreement__cluster_representatives,Disagreement-adaptive budget + Candidate-cluster representatives,cluster_representatives,Candidate-cluster representatives,disagreement,Disagreement-adaptive budget,Take representative documents from multiple semantic clusters.,Allocate more labels where retrievers and model replicas disagree.,1620,12.0,0.07806267806267807,0.6,0.536429287029988,0.5142857142857142,0.6333333333333333,0.6422766628190891,0.6092592592592593,0.7833333333333333,-0.031286387918551095,-0.016640211640211677,-0.1166666666666667,0.0012345679012345679,0.014814814814814815,0.026670907492990847,0.6991529197604568,0.7691358024691358
scifact,1,disagreement__center_outlier_mix,Disagreement-adaptive budget + Typical–outlier mixture,center_outlier_mix,Typical–outlier mixture,disagreement,Disagreement-adaptive budget,Label both dense-region representatives and unusual candidates.,Allocate more labels where retrievers and model replicas disagree.,1620,12.0,0.07977207977207977,0.4,0.5461582006309283,0.5086067019400353,0.8111111111111111,0.6590596881624562,0.616574074074074,0.875,-0.014503362575184031,-0.009325396825396903,-0.025000000000000022,0.0030864197530864196,0.02962962962962963,0.04414068740091206,0.7325648484406648,0.7407407407407407
scifact,1,disagreement__hard_negative,Disagreement-adaptive budget + Hard-negative proxy,hard_negative,Hard-negative proxy,disagreement,Disagreement-adaptive budget,Prioritize high retrieval score but low relevance probability.,Allocate more labels where retrievers and model replicas disagree.,1620,12.0,0.07692307692307693,0.2,0.5221629257380703,0.4893827160493827,0.8888888888888888,0.6682845048636987,0.6240740740740741,0.8833333333333333,-0.005278545873941498,-0.0018253968253968411,-0.01666666666666672,0.0,0.0,0.007859590502432835,0.6743546315917263,0.8234567901234567
scifact,1,disagreement__leverage,Disagreement-adaptive budget + Feature-space leverage,leverage,Feature-space leverage,disagreement,Disagreement-adaptive budget,Select statistically influential examples in the student feature space.,Allocate more labels where retrievers and model replicas disagree.,1620,12.0,0.08091168091168091,0.8,0.5457530117371376,0.5123456790123456,0.9111111111111111,0.6795445962246703,0.643287037037037,0.9,0.0059815454870301155,0.01738756613756609,0.0,0.004320987654320987,0.05185185185185185,0.07576118332368356,0.7361716954796402,0.7617283950617284
scifact,1,disagreement__d_optimal,Disagreement-adaptive budget + D-optimal experimental design,d_optimal,D-optimal experimental design,disagreement,Disagreement-adaptive budget,Choose a set that maximizes feature-space information volume.,Allocate more labels where retrievers and model replicas disagree.,1620,12.0,0.07977207977207977,0.8,0.5537185715735627,0.5228659611992945,0.7222222222222222,0.6604898916584028,0.6275462962962962,0.8166666666666667,-0.01307315907923745,0.0016468253968252577,-0.08333333333333337,0.0030864197530864196,0.037037037037037035,0.0531958927710851,0.7280148881453055,0.7388888888888889
scifact,1,disagreement__portfolio,Disagreement-adaptive budget + Diversified policy portfolio,portfolio,Diversified policy portfolio,disagreement,Disagreement-adaptive budget,"Hedge across exploitation, uncertainty, disagreement, coverage and diversity.",Allocate more labels where retrievers and model replicas disagree.,1620,12.0,0.08205128205128205,0.6,0.5502995357601331,0.5314814814814816,0.6333333333333333,0.6435734620082596,0.6097883597883597,0.7666666666666667,-0.029989588729380623,-0.016111111111111298,-0.1333333333333333,0.005555555555555556,0.05925925925925926,0.02895826664235857,0.6312035253754369,0.821604938271605
scifact,1,topic_balanced__random,Topic-balanced budget + Random exploration,random,Random exploration,topic_balanced,Topic-balanced budget,A random but reproducible sample is a strong unbiased control.,"Equalize total feedback across query clusters, not raw query counts.",1620,12.0,0.07863247863247863,0.6,0.5393007848068447,0.5125220458553792,0.6555555555555556,0.6397943504535768,0.6064814814814814,0.7833333333333333,-0.033768700284063424,-0.019417989417989556,-0.1166666666666667,0.001851851851851852,0.022222222222222223,0.030269785869268723,0.6938101355676298,0.841358024691358
scifact,1,topic_balanced__top_base,Topic-balanced budget + Top current-retriever candidates,top_base,Top current-retriever candidates,topic_balanced,Topic-balanced budget,Exploit the current retriever's highest-scoring documents.,"Equalize total feedback across query clusters, not raw query counts.",1620,12.0,0.08831908831908832,0.2,0.548437460006466,0.517716049382716,0.8555555555555555,0.6752431756882832,0.6284259259259259,0.8833333333333333,0.0016801249506429583,0.002526455026454988,-0.01666666666666672,0.012345679012345678,0.0962962962962963,0.0013557164757340044,0.527076273770244,0.8018518518518518
scifact,1,topic_balanced__uniform_rank,Topic-balanced budget + Uniform rank coverage,uniform_rank,Uniform rank coverage,topic_balanced,Topic-balanced budget,Spread labels across the whole candidate ranking instead of only its head.,"Equalize total feedback across query clusters, not raw query counts.",1620,12.0,0.07977207977207977,0.4,0.5405269446167122,0.5137566137566137,0.6555555555555556,0.6449234384052153,0.6085185185185185,0.825,-0.028639612332424957,-0.017380952380952497,-0.07500000000000007,0.0030864197530864196,0.02962962962962963,0.01330924689033885,0.6490264380419696,0.8388888888888889
scifact,1,topic_balanced__head_tail,Topic-balanced budget + Head–tail mixture,head_tail,Head–tail mixture,topic_balanced,Topic-balanced budget,Label both likely positives/hard negatives and clear negatives.,"Equalize total feedback across query clusters, not raw query counts.",1620,12.0,0.08205128205128205,0.8,0.5725139215230699,0.5472222222222223,0.8777777777777778,0.6272371513050042,0.5831216931216932,0.875,-0.046325899432635986,-0.0427777777777778,-0.025000000000000022,0.005555555555555556,0.05925925925925926,0.08605405375545408,0.6708003112563381,0.8246913580246914
scifact,1,topic_balanced__top_bm25,Topic-balanced budget + Lexical-first selection,top_bm25,Lexical-first selection,topic_balanced,Topic-balanced budget,Spend feedback on BM25's strongest candidates.,"Equalize total feedback across query clusters, not raw query counts.",1620,12.0,0.08547008547008547,0.2,0.5349756333977325,0.5058553791887125,0.8444444444444444,0.663884661853428,0.6175661375661375,0.8833333333333333,-0.009678388884212241,-0.008333333333333415,-0.01666666666666672,0.009259259259259259,0.07407407407407407,0.002369434340500537,0.5787681737431773,0.7987654320987654
scifact,1,topic_balanced__top_lsa,Topic-balanced budget + Semantic-first selection,top_lsa,Semantic-first selection,topic_balanced,Topic-balanced budget,Spend feedback on latent-semantic candidates.,"Equalize total feedback across query clusters, not raw query counts.",1620,12.0,0.08433048433048433,0.2,0.5062037699377017,0.47314814814814815,0.8333333333333334,0.6497170943195677,0.6175925925925926,0.875,-0.023845956418072523,-0.008306878306878374,-0.025000000000000022,0.008024691358024692,0.06666666666666667,0.011392475535840165,0.3422041502815706,0.758641975308642
scifact,1,topic_balanced__top_char,Topic-balanced budget + Character-robust selection,top_char,Character-robust selection,topic_balanced,Topic-balanced budget,Favor candidates supported by character-level similarity.,"Equalize total feedback across query clusters, not raw query counts.",1620,12.0,0.08831908831908832,0.2,0.5090497074718067,0.49209876543209874,0.7333333333333333,0.6624541981111798,0.6221296296296297,0.8666666666666667,-0.011108852626460441,-0.0037698412698412564,-0.033333333333333326,0.012345679012345678,0.08888888888888889,0.009934318470366207,0.5577926513773424,0.7839506172839507
scifact,1,topic_balanced__top_title,Topic-balanced budget + Title-focused selection,top_title,Title-focused selection,topic_balanced,Topic-balanced budget,Favor concise title evidence before full-document evidence.,"Equalize total feedback across query clusters, not raw query counts.",1620,12.0,0.0849002849002849,0.2,0.5332345733406699,0.4969312169312169,0.8666666666666667,0.6510505593687923,0.6098611111111112,0.9166666666666666,-0.02251249136884792,-0.01603835978835977,0.016666666666666607,0.008641975308641974,0.07407407407407407,0.006273616206498794,0.6460048702028063,0.7845679012345679
scifact,1,topic_balanced__rrf_consensus,Topic-balanced budget + Multi-retriever consensus,rrf_consensus,Multi-retriever consensus,topic_balanced,Topic-balanced budget,Reward candidates jointly supported by several retrievers.,"Equalize total feedback across query clusters, not raw query counts.",1620,12.0,0.08831908831908832,0.2,0.5401615060928483,0.5135802469135803,0.8555555555555555,0.6600511492278714,0.614074074074074,0.9,-0.013511901509768776,-0.011825396825396961,0.0,0.012345679012345678,0.08888888888888889,0.0015831181664525728,0.5118847114068491,0.804320987654321
scifact,1,topic_balanced__retriever_disagreement,Topic-balanced budget + Retriever disagreement,retriever_disagreement,Retriever disagreement,topic_balanced,Topic-balanced budget,"Label pairs on which lexical, character and semantic retrievers disagree.","Equalize total feedback across query clusters, not raw query counts.",1620,12.0,0.07977207977207977,0.2,0.5077662076498861,0.4818783068783068,0.8111111111111111,0.6747467513945362,0.626712962962963,0.8833333333333333,0.0011837006568959918,0.0008134920634920162,-0.01666666666666672,0.0030864197530864196,0.02962962962962963,0.03498077392578125,0.4348500715361701,0.778395061728395
scifact,1,topic_balanced__uncertainty,Topic-balanced budget + Current-model uncertainty,uncertainty,Current-model uncertainty,topic_balanced,Topic-balanced budget,Label candidates nearest the current model's decision boundary.,"Equalize total feedback across query clusters, not raw query counts.",1620,12.0,0.07920227920227921,0.4,0.5382039003627528,0.5043738977072311,0.7,0.6416367118230851,0.6052513227513228,0.7916666666666666,-0.0319263389145551,-0.020648148148148193,-0.10833333333333339,0.0024691358024691358,0.02962962962962963,0.026233973216127467,0.5820741263804612,0.8067901234567901
scifact,1,topic_balanced__committee,Topic-balanced budget + Bootstrap committee disagreement,committee,Bootstrap committee disagreement,topic_balanced,Topic-balanced budget,Use epistemic disagreement across cheap student replicas.,"Equalize total feedback across query clusters, not raw query counts.",1620,12.0,0.07920227920227921,1.0,0.5253647355943184,0.5001851851851852,0.6333333333333333,0.62928560828161,0.6008333333333333,0.75,-0.04427744245603027,-0.025066137566137625,-0.15000000000000002,0.0024691358024691358,0.02962962962962963,0.04135063963907736,0.6120796587732104,0.7932098765432098
scifact,1,topic_balanced__false_positive,Topic-balanced budget + Likely false-positive hunting,false_positive,Likely false-positive hunting,topic_balanced,Topic-balanced budget,Inspect high-ranked candidates the current model distrusts.,"Equalize total feedback across query clusters, not raw query counts.",1620,12.0,0.07692307692307693,0.6,0.5218970330859349,0.48913580246913574,0.8555555555555555,0.6687952651991407,0.6246296296296296,0.85,-0.004767785538499547,-0.0012698412698413097,-0.050000000000000044,0.0,0.0,0.013514969047204948,0.7419288639669065,0.8191358024691358
scifact,1,topic_balanced__false_negative,Topic-balanced budget + Likely false-negative hunting,false_negative,Likely false-negative hunting,topic_balanced,Topic-balanced budget,Inspect low-ranked candidates the current model considers promising.,"Equalize total feedback across query clusters, not raw query counts.",1620,12.0,0.08774928774928775,0.2,0.5263125044991541,0.5066666666666667,0.8222222222222222,0.67306287209096,0.6303439153439153,0.9,-0.0005001786466801716,0.004444444444444362,0.0,0.011728395061728396,0.08148148148148149,0.06637124857048929,0.5695983052805618,0.7864197530864198
scifact,1,topic_balanced__coverage,Topic-balanced budget + Query-term coverage,coverage,Query-term coverage,topic_balanced,Topic-balanced budget,Prefer documents covering more of the query's content.,"Equalize total feedback across query clusters, not raw query counts.",1620,12.0,0.08603988603988603,0.2,0.533982601738531,0.5036067019400352,0.8222222222222222,0.6652432504787155,0.615462962962963,0.9,-0.008319800258924759,-0.010436507936507966,0.0,0.009876543209876543,0.08148148148148149,0.0033979228617232525,0.5629591192360277,0.7956790123456791
scifact,1,topic_balanced__rank_strata,Topic-balanced budget + Rank-stratified sampling,rank_strata,Rank-stratified sampling,topic_balanced,Topic-balanced budget,Guarantee supervision from each rank band.,"Equalize total feedback across query clusters, not raw query counts.",1620,12.0,0.07920227920227921,0.4,0.541066890766677,0.5145061728395062,0.6777777777777778,0.6468356898246281,0.6073148148148148,0.7916666666666666,-0.026727360913012088,-0.018584656084656204,-0.10833333333333339,0.0024691358024691358,0.02962962962962963,0.013213712786450798,0.5697000005730877,0.8135802469135802
scifact,1,topic_balanced__mmr_relevance,Topic-balanced budget + Relevance–diversity MMR,mmr_relevance,Relevance–diversity MMR,topic_balanced,Topic-balanced budget,Balance likely relevance with non-redundant documents.,"Equalize total feedback across query clusters, not raw query counts.",1620,12.0,0.08433048433048433,0.2,0.5498667498886776,0.5194356261022928,0.8222222222222222,0.6678320224492487,0.6232870370370371,0.8833333333333333,-0.00573102828839156,-0.002612433862433816,-0.01666666666666672,0.008024691358024692,0.06666666666666667,0.007893778917230206,0.7391539341873593,0.7925925925925926
scifact,1,topic_balanced__mmr_uncertainty,Topic-balanced budget + Uncertainty–diversity MMR,mmr_uncertainty,Uncertainty–diversity MMR,topic_balanced,Topic-balanced budget,Cover multiple uncertain semantic regions.,"Equalize total feedback across query clusters, not raw query counts.",1620,12.0,0.07920227920227921,0.4,0.5307021469629304,0.5010141093474427,0.7,0.6461778934501056,0.6065476190476191,0.8083333333333333,-0.027385157287534656,-0.019351851851851842,-0.09166666666666667,0.0024691358024691358,0.02962962962962963,0.03617734261500983,0.7104611701435513,0.8074074074074075
scifact,1,topic_balanced__farthest_first,Topic-balanced budget + Semantic k-center coverage,farthest_first,Semantic k-center coverage,topic_balanced,Topic-balanced budget,Cover the candidate manifold with farthest-first traversal.,"Equalize total feedback across query clusters, not raw query counts.",1620,12.0,0.07692307692307693,0.6,0.5326961234232663,0.5024691358024691,0.7111111111111111,0.6475311164471589,0.6089351851851852,0.8666666666666667,-0.02603193429048134,-0.016964285714285765,-0.033333333333333326,0.0,0.0,0.051216104810620534,0.8839348130755954,0.7685185185185185
scifact,1,topic_balanced__cluster_representatives,Topic-balanced budget + Candidate-cluster representatives,cluster_representatives,Candidate-cluster representatives,topic_balanced,Topic-balanced budget,Take representative documents from multiple semantic clusters.,"Equalize total feedback across query clusters, not raw query counts.",1620,12.0,0.07863247863247863,0.4,0.5390465773324715,0.5053350970017636,0.7222222222222222,0.6565527224547117,0.6176851851851851,0.825,-0.017010328282928477,-0.00821428571428584,-0.07500000000000007,0.001851851851851852,0.022222222222222223,0.025802278996985634,0.6887509266535441,0.7617283950617284
scifact,1,topic_balanced__center_outlier_mix,Topic-balanced budget + Typical–outlier mixture,center_outlier_mix,Typical–outlier mixture,topic_balanced,Topic-balanced budget,Label both dense-region representatives and unusual candidates.,"Equalize total feedback across query clusters, not raw query counts.",1620,12.0,0.07977207977207977,0.6,0.5417847427148849,0.5152116402116401,0.7666666666666667,0.6427502321364224,0.6097420634920635,0.825,-0.030812818601217873,-0.016157407407407454,-0.07500000000000007,0.0030864197530864196,0.02962962962962963,0.043648718536635975,0.7404836888666506,0.7407407407407407
scifact,1,topic_balanced__hard_negative,Topic-balanced budget + Hard-negative proxy,hard_negative,Hard-negative proxy,topic_balanced,Topic-balanced budget,Prioritize high retrieval score but low relevance probability.,"Equalize total feedback across query clusters, not raw query counts.",1620,12.0,0.07692307692307693,0.4,0.5223893548816941,0.4895061728395061,0.8555555555555555,0.6723718561216827,0.6249074074074075,0.8583333333333333,-0.0011911946159575137,-0.0009920634920634885,-0.04166666666666674,0.0,0.0,0.007437187764379714,0.6783802683706637,0.8179012345679012
scifact,1,topic_balanced__leverage,Topic-balanced budget + Feature-space leverage,leverage,Feature-space leverage,topic_balanced,Topic-balanced budget,Select statistically influential examples in the student feature space.,"Equalize total feedback across query clusters, not raw query counts.",1620,12.0,0.08205128205128205,0.6,0.5454754887829213,0.5116931216931216,0.9111111111111111,0.6837443095191037,0.6392592592592592,0.9,0.010181258781463476,0.013359788359788238,0.0,0.005555555555555556,0.05925925925925926,0.07091546827628288,0.7334165608441389,0.758641975308642
scifact,1,topic_balanced__d_optimal,Topic-balanced budget + D-optimal experimental design,d_optimal,D-optimal experimental design,topic_balanced,Topic-balanced budget,Choose a set that maximizes feature-space information volume.,"Equalize total feedback across query clusters, not raw query counts.",1620,12.0,0.08091168091168091,0.8,0.5528460580227103,0.5149029982363316,0.7666666666666667,0.660730473010432,0.6277777777777778,0.8166666666666667,-0.01283257772720825,0.0018783068783068124,-0.08333333333333337,0.004320987654320987,0.044444444444444446,0.052468660878546444,0.725429955235234,0.7401234567901235
scifact,1,topic_balanced__portfolio,Topic-balanced budget + Diversified policy portfolio,portfolio,Diversified policy portfolio,topic_balanced,Topic-balanced budget,"Hedge across exploitation, uncertainty, disagreement, coverage and diversity.","Equalize total feedback across query clusters, not raw query counts.",1620,12.0,0.08262108262108261,0.6,0.5483518135006287,0.5292592592592592,0.6333333333333333,0.6438618588799815,0.6109722222222221,0.7666666666666667,-0.029701191857658737,-0.014927248677248817,-0.1333333333333333,0.006172839506172839,0.05925925925925926,0.027720482371471546,0.6307804352707334,0.808641975308642
scifact,2,uniform__random,Uniform per-query budget + Random exploration,random,Random exploration,uniform,Uniform per-query budget,A random but reproducible sample is a strong unbiased control.,Give every query the same number of feedback calls.,1620,12.0,0.07806267806267807,0.4,0.5663147876683611,0.537336860670194,0.8844444444444444,0.678840340262153,0.6332804232804233,0.9,0.008598752987971525,0.012010582010582027,-0.033333333333333326,0.0012345679012345679,0.014814814814814815,0.03183646117463524,0.6890900697973039,0.85
scifact,2,uniform__top_base,Uniform per-query budget + Top current-retriever candidates,top_base,Top current-retriever candidates,uniform,Uniform per-query budget,Exploit the current retriever's highest-scoring documents.,Give every query the same number of feedback calls.,1620,12.0,0.08660968660968661,0.2,0.5701579838811227,0.5385802469135803,0.8177777777777777,0.671611362294967,0.6282142857142857,0.9,0.001369775020785502,0.00694444444444442,-0.033333333333333326,0.010493827160493827,0.07407407407407407,0.0012950844234890409,0.5349436395146229,0.8358024691358025
scifact,2,uniform__uniform_rank,Uniform per-query budget + Uniform rank coverage,uniform_rank,Uniform rank coverage,uniform,Uniform per-query budget,Spread labels across the whole candidate ranking instead of only its head.,Give every query the same number of feedback calls.,1620,12.0,0.07806267806267807,0.4,0.5679307043717791,0.539320987654321,0.7748148148148148,0.6892718242760377,0.6517063492063493,0.85,0.019030237001856243,0.030436507936507984,-0.08333333333333337,0.0012345679012345679,0.014814814814814815,0.011465733801877057,0.6537144892745548,0.8450617283950618
scifact,2,uniform__head_tail,Uniform per-query budget + Head–tail mixture,head_tail,Head–tail mixture,uniform,Uniform per-query budget,Label both likely positives/hard negatives and clear negatives.,Give every query the same number of feedback calls.,1620,12.0,0.08433048433048433,0.2,0.5666351877209641,0.5380511463844797,0.8844444444444444,0.6870368727788774,0.6434920634920636,0.9333333333333333,0.01679528550469589,0.022222222222222254,0.0,0.008024691358024692,0.06666666666666667,0.09128857817914751,0.6732460668793431,0.8407407407407408
scifact,2,uniform__top_bm25,Uniform per-query budget + Lexical-first selection,top_bm25,Lexical-first selection,uniform,Uniform per-query budget,Spend feedback on BM25's strongest candidates.,Give every query the same number of feedback calls.,1620,12.0,0.0849002849002849,0.2,0.5663231656840425,0.5404320987654321,0.8844444444444444,0.6738507511115888,0.6268915343915343,0.9,0.003609163837407281,0.005621693121693028,-0.033333333333333326,0.008641975308641974,0.06666666666666667,0.0023812264939885083,0.5905867742167579,0.8240740740740741
scifact,2,uniform__top_lsa,Uniform per-query budget + Semantic-first selection,top_lsa,Semantic-first selection,uniform,Uniform per-query budget,Spend feedback on latent-semantic candidates.,Give every query the same number of feedback calls.,1620,12.0,0.08433048433048433,0.0,0.5531349030710822,0.5256172839506172,0.8622222222222221,0.6702415872741815,0.6212698412698413,0.9333333333333333,0.0,0.0,0.0,0.008024691358024692,0.06666666666666667,0.012020956954838317,0.34761040293508105,0.7734567901234568
scifact,2,uniform__top_char,Uniform per-query budget + Character-robust selection,top_char,Character-robust selection,uniform,Uniform per-query budget,Favor candidates supported by character-level similarity.,Give every query the same number of feedback calls.,1620,12.0,0.08547008547008547,0.2,0.5661752259174078,0.5409876543209876,0.8281481481481481,0.6889226593249683,0.6512698412698412,0.9,0.01868107205078684,0.029999999999999916,-0.033333333333333326,0.009259259259259259,0.05925925925925926,0.008828877887608092,0.5728978774613804,0.8358024691358025
scifact,2,uniform__top_title,Uniform per-query budget + Title-focused selection,top_title,Title-focused selection,uniform,Uniform per-query budget,Favor concise title evidence before full-document evidence.,Give every query the same number of feedback calls.,1620,12.0,0.08376068376068375,0.2,0.5586468609349636,0.5269753086419753,0.8622222222222221,0.7005856575196645,0.6632142857142858,0.9166666666666666,0.030344070245483024,0.04194444444444445,-0.01666666666666672,0.007407407407407408,0.06666666666666667,0.006057293437145375,0.6555065700301418,0.8154320987654321
scifact,2,uniform__rrf_consensus,Uniform per-query budget + Multi-retriever consensus,rrf_consensus,Multi-retriever consensus,uniform,Uniform per-query budget,Reward candidates jointly supported by several retrievers.,Give every query the same number of feedback calls.,1620,12.0,0.0849002849002849,0.2,0.56350546997368,0.5328924162257496,0.8622222222222221,0.683402943507143,0.6443253968253969,0.9,0.013161356232961552,0.023055555555555607,-0.033333333333333326,0.008641975308641974,0.05925925925925926,0.0016153997477189993,0.5210736123500047,0.8314814814814815
scifact,2,uniform__retriever_disagreement,Uniform per-query budget + Retriever disagreement,retriever_disagreement,Retriever disagreement,uniform,Uniform per-query budget,"Label pairs on which lexical, character and semantic retrievers disagree.",Give every query the same number of feedback calls.,1620,12.0,0.07977207977207977,0.0,0.5531349030710822,0.5256172839506172,0.8622222222222221,0.6702415872741815,0.6212698412698413,0.9333333333333333,0.0,0.0,0.0,0.0030864197530864196,0.02962962962962963,0.03285923342645904,0.45090511043866477,0.7888888888888889
scifact,2,uniform__uncertainty,Uniform per-query budget + Current-model uncertainty,uncertainty,Current-model uncertainty,uniform,Uniform per-query budget,Label candidates nearest the current model's decision boundary.,Give every query the same number of feedback calls.,1620,12.0,0.07806267806267807,0.4,0.5596191475763698,0.5315343915343915,0.8548148148148148,0.6877384163384112,0.6462169312169312,0.8666666666666667,0.01749682906422967,0.02494708994708994,-0.06666666666666665,0.0012345679012345679,0.014814814814814815,0.034368969555254335,0.6423599112916876,0.8277777777777777
scifact,2,uniform__committee,Uniform per-query budget + Bootstrap committee disagreement,committee,Bootstrap committee disagreement,uniform,Uniform per-query budget,Use epistemic disagreement across cheap student replicas.,Give every query the same number of feedback calls.,1620,12.0,0.07977207977207977,0.4,0.5630391037897247,0.5357671957671958,0.9066666666666666,0.6745007805774315,0.626825396825397,0.9333333333333333,0.004259193303249975,0.005555555555555647,0.0,0.0030864197530864196,0.02962962962962963,0.04259473769753067,0.6197859311545336,0.7475308641975309
scifact,2,uniform__false_positive,Uniform per-query budget + Likely false-positive hunting,false_positive,Likely false-positive hunting,uniform,Uniform per-query budget,Inspect high-ranked candidates the current model distrusts.,Give every query the same number of feedback calls.,1620,12.0,0.07806267806267807,0.0,0.5531349030710822,0.5256172839506172,0.8622222222222221,0.6702415872741815,0.6212698412698413,0.9333333333333333,0.0,0.0,0.0,0.0012345679012345679,0.014814814814814815,0.009909777398462648,0.5973716933418203,0.8092592592592592
scifact,2,uniform__false_negative,Uniform per-query budget + Likely false-negative hunting,false_negative,Likely false-negative hunting,uniform,Uniform per-query budget,Inspect low-ranked candidates the current model considers promising.,Give every query the same number of feedback calls.,1620,12.0,0.08376068376068375,0.2,0.5534146861645197,0.5331746031746031,0.84,0.6683644267238852,0.6194841269841269,0.9166666666666666,-0.0018771605502962974,-0.0017857142857143904,-0.01666666666666672,0.007407407407407408,0.044444444444444446,0.09239139862266588,0.6521148211426205,0.8148148148148148
scifact,2,uniform__coverage,Uniform per-query budget + Query-term coverage,coverage,Query-term coverage,uniform,Uniform per-query budget,Prefer documents covering more of the query's content.,Give every query the same number of feedback calls.,1620,12.0,0.0849002849002849,0.2,0.5706912909889584,0.5415696649029982,0.8844444444444444,0.66274254899348,0.6074272486772487,0.9,-0.007499038280701531,-0.013842592592592573,-0.033333333333333326,0.008641975308641974,0.06666666666666667,0.003469871665224617,0.5777599064288316,0.8141975308641975
scifact,2,uniform__rank_strata,Uniform per-query budget + Rank-stratified sampling,rank_strata,Rank-stratified sampling,uniform,Uniform per-query budget,Guarantee supervision from each rank band.,Give every query the same number of feedback calls.,1620,12.0,0.07806267806267807,0.4,0.5607625916959031,0.532989417989418,0.7748148148148148,0.6867648370467777,0.6450396825396826,0.8833333333333333,0.016523249772596227,0.023769841269841274,-0.050000000000000044,0.0012345679012345679,0.014814814814814815,0.011324933097686297,0.642691233643779,0.8290123456790124
scifact,2,uniform__mmr_relevance,Uniform per-query budget + Relevance–diversity MMR,mmr_relevance,Relevance–diversity MMR,uniform,Uniform per-query budget,Balance likely relevance with non-redundant documents.,Give every query the same number of feedback calls.,1620,12.0,0.0849002849002849,0.2,0.56386051547957,0.5380246913580247,0.84,0.6870652999136644,0.6446031746031745,0.9,0.016823712639482902,0.023333333333333206,-0.033333333333333326,0.008641975308641974,0.05925925925925926,0.007069463089660362,0.7432436945261779,0.8253086419753086
scifact,2,uniform__mmr_uncertainty,Uniform per-query budget + Uncertainty–diversity MMR,mmr_uncertainty,Uncertainty–diversity MMR,uniform,Uniform per-query budget,Cover multiple uncertain semantic regions.,Give every query the same number of feedback calls.,1620,12.0,0.07749287749287749,0.6,0.5634599636169134,0.5374955908289242,0.8059259259259259,0.6880827674289515,0.6418452380952381,0.8666666666666667,0.017841180154769987,0.020575396825396775,-0.06666666666666665,0.0006172839506172839,0.007407407407407408,0.04541837554654957,0.7738430773770367,0.8320987654320988
scifact,2,uniform__farthest_first,Uniform per-query budget + Semantic k-center coverage,farthest_first,Semantic k-center coverage,uniform,Uniform per-query budget,Cover the candidate manifold with farthest-first traversal.,Give every query the same number of feedback calls.,1620,12.0,0.07692307692307693,0.8,0.5683148933200781,0.5588888888888889,0.84,0.6622810463741088,0.6126785714285714,0.8833333333333333,-0.007960540900072699,-0.0085912698412699,-0.050000000000000044,0.0,0.0,0.046465924014279875,0.8823481542092783,0.7895061728395062
scifact,2,uniform__cluster_representatives,Uniform per-query budget + Candidate-cluster representatives,cluster_representatives,Candidate-cluster representatives,uniform,Uniform per-query budget,Take representative documents from multiple semantic clusters.,Give every query the same number of feedback calls.,1620,12.0,0.07920227920227921,0.4,0.5584399056841723,0.5302733686067019,0.7837037037037037,0.6764587582135271,0.6303174603174604,0.8666666666666667,0.006217170939345595,0.009047619047619082,-0.06666666666666665,0.0024691358024691358,0.014814814814814815,0.025932358702023824,0.6927092093008536,0.7672839506172839
scifact,2,uniform__center_outlier_mix,Uniform per-query budget + Typical–outlier mixture,center_outlier_mix,Typical–outlier mixture,uniform,Uniform per-query budget,Label both dense-region representatives and unusual candidates.,Give every query the same number of feedback calls.,1620,12.0,0.07863247863247863,0.4,0.5615296853384026,0.5334215167548501,0.9066666666666666,0.6712189450032241,0.6173809523809525,0.9166666666666666,0.000977357729042616,-0.0038888888888888307,-0.01666666666666672,0.001851851851851852,0.022222222222222223,0.040146209207581884,0.7277392400635614,0.7580246913580246
scifact,2,uniform__hard_negative,Uniform per-query budget + Hard-negative proxy,hard_negative,Hard-negative proxy,uniform,Uniform per-query budget,Prioritize high retrieval score but low relevance probability.,Give every query the same number of feedback calls.,1620,12.0,0.07806267806267807,0.2,0.5613207844923032,0.5271252204585538,0.8622222222222221,0.6697308269387394,0.6207142857142858,0.9166666666666666,-0.000510760335442062,-0.0005555555555555314,-0.01666666666666672,0.0012345679012345679,0.014814814814814815,0.006092790872962386,0.5789988659046315,0.8203703703703704
scifact,2,uniform__leverage,Uniform per-query budget + Feature-space leverage,leverage,Feature-space leverage,uniform,Uniform per-query budget,Select statistically influential examples in the student feature space.,Give every query the same number of feedback calls.,1620,12.0,0.08034188034188035,0.4,0.5634095163351335,0.5432098765432098,0.9066666666666666,0.6813190103238825,0.6370833333333333,0.9166666666666666,0.011077423049701052,0.01581349206349203,-0.01666666666666672,0.003703703703703704,0.037037037037037035,0.07492019007971257,0.7354156110021803,0.7777777777777778
scifact,2,uniform__d_optimal,Uniform per-query budget + D-optimal experimental design,d_optimal,D-optimal experimental design,uniform,Uniform per-query budget,Choose a set that maximizes feature-space information volume.,Give every query the same number of feedback calls.,1620,12.0,0.07977207977207977,0.2,0.5666097214583176,0.5426807760141094,0.8844444444444444,0.6808857020050684,0.6351587301587303,0.9333333333333333,0.010644114730886889,0.01388888888888895,0.0,0.0030864197530864196,0.02962962962962963,0.052071035129052624,0.7276307256133469,0.7611111111111111
scifact,2,uniform__portfolio,Uniform per-query budget + Diversified policy portfolio,portfolio,Diversified policy portfolio,uniform,Uniform per-query budget,"Hedge across exploitation, uncertainty, disagreement, coverage and diversity.",Give every query the same number of feedback calls.,1620,12.0,0.08205128205128205,0.2,0.5663943085147204,0.5408289241622575,0.8844444444444444,0.6803749416696264,0.6346031746031746,0.9333333333333333,0.010133354395444938,0.013333333333333308,0.0,0.005555555555555556,0.05185185185185185,0.02707258415074996,0.6667949868573083,0.8240740740740741
scifact,2,difficulty__random,Difficulty-adaptive budget + Random exploration,random,Random exploration,difficulty,Difficulty-adaptive budget,A random but reproducible sample is a strong unbiased control.,Allocate more labels to low-confidence/high-entropy queries.,1620,12.0,0.07806267806267807,0.4,0.5663147876683611,0.537336860670194,0.8770370370370371,0.684991511035962,0.6416137566137566,0.9,0.014749923761780526,0.02034391534391533,-0.033333333333333326,0.0012345679012345679,0.014814814814814815,0.03248304868185962,0.6881004808125673,0.8524691358024692
scifact,2,difficulty__top_base,Difficulty-adaptive budget + Top current-retriever candidates,top_base,Top current-retriever candidates,difficulty,Difficulty-adaptive budget,Exploit the current retriever's highest-scoring documents.,Allocate more labels to low-confidence/high-entropy queries.,1620,12.0,0.08603988603988603,0.2,0.5710699704353309,0.539320987654321,0.8622222222222221,0.6794339352928582,0.6387698412698413,0.9,0.009192348018676744,0.01749999999999996,-0.033333333333333326,0.009876543209876543,0.06666666666666667,0.0012812661168016034,0.52996929337581,0.8302469135802469
scifact,2,difficulty__uniform_rank,Difficulty-adaptive budget + Uniform rank coverage,uniform_rank,Uniform rank coverage,difficulty,Difficulty-adaptive budget,Spread labels across the whole candidate ranking instead of only its head.,Allocate more labels to low-confidence/high-entropy queries.,1620,12.0,0.07806267806267807,0.6,0.5683186773916111,0.541878306878307,0.6918518518518518,0.6735193850513767,0.6421031746031747,0.8,0.0032777977771951683,0.02083333333333337,-0.1333333333333333,0.0012345679012345679,0.014814814814814815,0.011153160605901553,0.6525255938371023,0.8432098765432099
scifact,2,difficulty__head_tail,Difficulty-adaptive budget + Head–tail mixture,head_tail,Head–tail mixture,difficulty,Difficulty-adaptive budget,Label both likely positives/hard negatives and clear negatives.,Allocate more labels to low-confidence/high-entropy queries.,1620,12.0,0.08262108262108261,0.2,0.566439565433414,0.537336860670194,0.8844444444444444,0.6936988038881284,0.6523809523809524,0.9333333333333333,0.023457216613946952,0.03111111111111109,0.0,0.006172839506172839,0.05925925925925926,0.09176684879226449,0.674143049231282,0.8364197530864198
scifact,2,difficulty__top_bm25,Difficulty-adaptive budget + Lexical-first selection,top_bm25,Lexical-first selection,difficulty,Difficulty-adaptive budget,Spend feedback on BM25's strongest candidates.,Allocate more labels to low-confidence/high-entropy queries.,1620,12.0,0.0849002849002849,0.2,0.5666789162227143,0.5404320987654321,0.8622222222222221,0.6740325625187321,0.6271031746031746,0.9,0.0037909752445506317,0.005833333333333246,-0.033333333333333326,0.008641975308641974,0.06666666666666667,0.002399333170902582,0.5836519550946023,0.8290123456790124
scifact,2,difficulty__top_lsa,Difficulty-adaptive budget + Semantic-first selection,top_lsa,Semantic-first selection,difficulty,Difficulty-adaptive budget,Spend feedback on latent-semantic candidates.,Allocate more labels to low-confidence/high-entropy queries.,1620,12.0,0.08433048433048433,0.0,0.5531349030710822,0.5256172839506172,0.8622222222222221,0.6702415872741815,0.6212698412698413,0.9333333333333333,0.0,0.0,0.0,0.008024691358024692,0.06666666666666667,0.012700660177219061,0.35028687009104975,0.7703703703703704
scifact,2,difficulty__top_char,Difficulty-adaptive budget + Character-robust selection,top_char,Character-robust selection,difficulty,Difficulty-adaptive budget,Favor candidates supported by character-level similarity.,Allocate more labels to low-confidence/high-entropy queries.,1620,12.0,0.08547008547008547,0.2,0.5594856704582082,0.5385185185185185,0.8281481481481481,0.6889226593249683,0.6512698412698412,0.9,0.01868107205078684,0.029999999999999916,-0.033333333333333326,0.009259259259259259,0.05925925925925926,0.009747775285332291,0.5671306889918115,0.8320987654320988
scifact,2,difficulty__top_title,Difficulty-adaptive budget + Title-focused selection,top_title,Title-focused selection,difficulty,Difficulty-adaptive budget,Favor concise title evidence before full-document evidence.,Allocate more labels to low-confidence/high-entropy queries.,1620,12.0,0.08376068376068375,0.2,0.5588778337085825,0.527716049382716,0.8622222222222221,0.6957679104143665,0.661547619047619,0.9166666666666666,0.025526323140184992,0.040277777777777746,-0.01666666666666672,0.007407407407407408,0.06666666666666667,0.006011432078149584,0.6539897674763644,0.8030864197530864
scifact,2,difficulty__rrf_consensus,Difficulty-adaptive budget + Multi-retriever consensus,rrf_consensus,Multi-retriever consensus,difficulty,Difficulty-adaptive budget,Reward candidates jointly supported by several retrievers.,Allocate more labels to low-confidence/high-entropy queries.,1620,12.0,0.08547008547008547,0.2,0.5677837107973203,0.5378659611992945,0.8622222222222221,0.6951096698365075,0.6550396825396825,0.9,0.024868082562325977,0.03376984126984117,-0.033333333333333326,0.009259259259259259,0.05925925925925926,0.001585023859400808,0.519280627645828,0.8296296296296296
scifact,2,difficulty__retriever_disagreement,Difficulty-adaptive budget + Retriever disagreement,retriever_disagreement,Retriever disagreement,difficulty,Difficulty-adaptive budget,"Label pairs on which lexical, character and semantic retrievers disagree.",Allocate more labels to low-confidence/high-entropy queries.,1620,12.0,0.08034188034188035,0.0,0.5531349030710822,0.5256172839506172,0.8622222222222221,0.6702415872741815,0.6212698412698413,0.9333333333333333,0.0,0.0,0.0,0.003703703703703704,0.044444444444444446,0.034841641415784386,0.4464805417590671,0.7907407407407407
scifact,2,difficulty__uncertainty,Difficulty-adaptive budget + Current-model uncertainty,uncertainty,Current-model uncertainty,difficulty,Difficulty-adaptive budget,Label candidates nearest the current model's decision boundary.,Allocate more labels to low-confidence/high-entropy queries.,1620,12.0,0.07806267806267807,0.4,0.5640692185874379,0.5370899470899471,0.8548148148148148,0.6876865086299381,0.6460317460317461,0.8666666666666667,0.017444921355756593,0.024761904761904763,-0.06666666666666665,0.0012345679012345679,0.014814814814814815,0.03388795977757301,0.6390679191659998,0.817283950617284
scifact,2,difficulty__committee,Difficulty-adaptive budget + Bootstrap committee disagreement,committee,Bootstrap committee disagreement,difficulty,Difficulty-adaptive budget,Use epistemic disagreement across cheap student replicas.,Allocate more labels to low-confidence/high-entropy queries.,1620,12.0,0.07863247863247863,0.4,0.5630391037897247,0.5357671957671958,0.9066666666666666,0.6739900202419894,0.6262698412698413,0.9333333333333333,0.003748432967807913,0.0050000000000000044,0.0,0.001851851851851852,0.022222222222222223,0.04361846156326341,0.6173846403757731,0.7438271604938271
scifact,2,difficulty__false_positive,Difficulty-adaptive budget + Likely false-positive hunting,false_positive,Likely false-positive hunting,difficulty,Difficulty-adaptive budget,Inspect high-ranked candidates the current model distrusts.,Allocate more labels to low-confidence/high-entropy queries.,1620,12.0,0.07749287749287749,0.0,0.5531349030710822,0.5256172839506172,0.8622222222222221,0.6702415872741815,0.6212698412698413,0.9333333333333333,0.0,0.0,0.0,0.0006172839506172839,0.007407407407407408,0.01031717069355058,0.5957709476903633,0.8030864197530864
scifact,2,difficulty__false_negative,Difficulty-adaptive budget + Likely false-negative hunting,false_negative,Likely false-negative hunting,difficulty,Difficulty-adaptive budget,Inspect low-ranked candidates the current model considers promising.,Allocate more labels to low-confidence/high-entropy queries.,1620,12.0,0.08319088319088319,0.0,0.5531349030710822,0.5256172839506172,0.8622222222222221,0.6702415872741815,0.6212698412698413,0.9333333333333333,0.0,0.0,0.0,0.006790123456790123,0.044444444444444446,0.0920796595973733,0.6522371311982472,0.8148148148148148
scifact,2,difficulty__coverage,Difficulty-adaptive budget + Query-term coverage,coverage,Query-term coverage,difficulty,Difficulty-adaptive budget,Prefer documents covering more of the query's content.,Allocate more labels to low-confidence/high-entropy queries.,1620,12.0,0.08376068376068375,0.4,0.5679037761490525,0.5401146384479718,0.7362962962962963,0.6565035534336406,0.6099206349206351,0.8333333333333334,-0.013738033840540842,-0.01134920634920622,-0.09999999999999998,0.007407407407407408,0.05925925925925926,0.0037106148254724197,0.5706716653373506,0.8049382716049382
scifact,2,difficulty__rank_strata,Difficulty-adaptive budget + Rank-stratified sampling,rank_strata,Rank-stratified sampling,difficulty,Difficulty-adaptive budget,Guarantee supervision from each rank band.,Allocate more labels to low-confidence/high-entropy queries.,1620,12.0,0.07806267806267807,0.4,0.5611596685080722,0.5333862433862434,0.7525925925925926,0.6858007220838471,0.6438095238095239,0.8833333333333333,0.015559134809665642,0.022539682539682637,-0.050000000000000044,0.0012345679012345679,0.014814814814814815,0.010908725048288886,0.6448530201558713,0.8265432098765432
scifact,2,difficulty__mmr_relevance,Difficulty-adaptive budget + Relevance–diversity MMR,mmr_relevance,Relevance–diversity MMR,difficulty,Difficulty-adaptive budget,Balance likely relevance with non-redundant documents.,Allocate more labels to low-confidence/high-entropy queries.,1620,12.0,0.08376068376068375,0.2,0.5639506956860489,0.5380246913580247,0.8622222222222221,0.685604508219036,0.6429365079365079,0.9,0.015362920944854475,0.021666666666666612,-0.033333333333333326,0.007407407407407408,0.05925925925925926,0.006322337558240066,0.7451082832283444,0.8123456790123457
scifact,2,difficulty__mmr_uncertainty,Difficulty-adaptive budget + Uncertainty–diversity MMR,mmr_uncertainty,Uncertainty–diversity MMR,difficulty,Difficulty-adaptive budget,Cover multiple uncertain semantic regions.,Allocate more labels to low-confidence/high-entropy queries.,1620,12.0,0.07749287749287749,1.0,0.5655620689461774,0.5478395061728395,0.7185185185185186,0.6477187089483472,0.6091666666666667,0.8,-0.022522878325834328,-0.01210317460317456,-0.1333333333333333,0.0006172839506172839,0.007407407407407408,0.04560932616392772,0.7723330722914802,0.8364197530864198
scifact,2,difficulty__farthest_first,Difficulty-adaptive budget + Semantic k-center coverage,farthest_first,Semantic k-center coverage,difficulty,Difficulty-adaptive budget,Cover the candidate manifold with farthest-first traversal.,Allocate more labels to low-confidence/high-entropy queries.,1620,12.0,0.07692307692307693,0.8,0.5676604005755812,0.5593827160493827,0.84,0.6653132065844307,0.6126984126984126,0.8833333333333333,-0.0049283806897507665,-0.008571428571428674,-0.050000000000000044,0.0,0.0,0.046914771272812364,0.8816604084438748,0.7919753086419753
scifact,2,difficulty__cluster_representatives,Difficulty-adaptive budget + Candidate-cluster representatives,cluster_representatives,Candidate-cluster representatives,difficulty,Difficulty-adaptive budget,Take representative documents from multiple semantic clusters.,Allocate more labels to low-confidence/high-entropy queries.,1620,12.0,0.07749287749287749,0.2,0.5644565369247118,0.5380511463844797,0.9066666666666666,0.6770373884113253,0.630436507936508,0.9166666666666666,0.006795801137143842,0.009166666666666656,-0.01666666666666672,0.0006172839506172839,0.007407407407407408,0.025710794145678298,0.6949568379808355,0.7592592592592593
scifact,2,difficulty__center_outlier_mix,Difficulty-adaptive budget + Typical–outlier mixture,center_outlier_mix,Typical–outlier mixture,difficulty,Difficulty-adaptive budget,Label both dense-region representatives and unusual candidates.,Allocate more labels to low-confidence/high-entropy queries.,1620,12.0,0.07977207977207977,0.2,0.5654580379076227,0.5389770723104056,0.9066666666666666,0.6708862176375162,0.6221031746031748,0.9333333333333333,0.0006446303633347306,0.0008333333333334636,0.0,0.0030864197530864196,0.037037037037037035,0.04053216090908757,0.7342052097673769,0.7512345679012346
scifact,2,difficulty__hard_negative,Difficulty-adaptive budget + Hard-negative proxy,hard_negative,Hard-negative proxy,difficulty,Difficulty-adaptive budget,Prioritize high retrieval score but low relevance probability.,Allocate more labels to low-confidence/high-entropy queries.,1620,12.0,0.07806267806267807,0.2,0.5584474110808867,0.5273721340388007,0.8622222222222221,0.6697308269387394,0.6207142857142858,0.9166666666666666,-0.000510760335442062,-0.0005555555555555314,-0.01666666666666672,0.0012345679012345679,0.014814814814814815,0.006709479181854813,0.5809022826177103,0.8179012345679012
scifact,2,difficulty__leverage,Difficulty-adaptive budget + Feature-space leverage,leverage,Feature-space leverage,difficulty,Difficulty-adaptive budget,Select statistically influential examples in the student feature space.,Allocate more labels to low-confidence/high-entropy queries.,1620,12.0,0.07977207977207977,0.2,0.5666181028104829,0.5385802469135802,0.8844444444444444,0.6812669329013131,0.6355555555555557,0.9333333333333333,0.011025345627131644,0.014285714285714346,0.0,0.0030864197530864196,0.02962962962962963,0.07455520423842066,0.7346728523572286,0.7796296296296297
scifact,2,difficulty__d_optimal,Difficulty-adaptive budget + D-optimal experimental design,d_optimal,D-optimal experimental design,difficulty,Difficulty-adaptive budget,Choose a set that maximizes feature-space information volume.,Allocate more labels to low-confidence/high-entropy queries.,1620,12.0,0.07977207977207977,0.2,0.5664373236596149,0.5421516754850089,0.8844444444444444,0.6808857020050685,0.6351587301587301,0.9333333333333333,0.010644114730887,0.01388888888888884,0.0,0.0030864197530864196,0.02962962962962963,0.05327284464865555,0.7279649209093164,0.7598765432098765
scifact,2,difficulty__portfolio,Difficulty-adaptive budget + Diversified policy portfolio,portfolio,Diversified policy portfolio,difficulty,Difficulty-adaptive budget,"Hedge across exploitation, uncertainty, disagreement, coverage and diversity.",Allocate more labels to low-confidence/high-entropy queries.,1620,12.0,0.08262108262108261,0.2,0.5663943085147204,0.5408289241622575,0.8844444444444444,0.6803749416696264,0.6346031746031746,0.9333333333333333,0.010133354395444938,0.013333333333333308,0.0,0.006172839506172839,0.05925925925925926,0.02686043010081774,0.6575723632618233,0.8271604938271605
scifact,2,disagreement__random,Disagreement-adaptive budget + Random exploration,random,Random exploration,disagreement,Disagreement-adaptive budget,A random but reproducible sample is a strong unbiased control.,Allocate more labels where retrievers and model replicas disagree.,1620,12.0,0.07806267806267807,0.4,0.5661801150152365,0.5369400352733686,0.8844444444444444,0.6790740909159809,0.6332804232804233,0.9,0.008832503641799438,0.012010582010582027,-0.033333333333333326,0.0012345679012345679,0.014814814814814815,0.03520698389153422,0.6860967960622576,0.8574074074074074
scifact,2,disagreement__top_base,Disagreement-adaptive budget + Top current-retriever candidates,top_base,Top current-retriever candidates,disagreement,Disagreement-adaptive budget,Exploit the current retriever's highest-scoring documents.,Allocate more labels where retrievers and model replicas disagree.,1620,12.0,0.08603988603988603,0.2,0.5708389976617121,0.539320987654321,0.8177777777777777,0.6794339352928582,0.6387698412698413,0.9,0.009192348018676744,0.01749999999999996,-0.033333333333333326,0.009876543209876543,0.06666666666666667,0.001268162918679508,0.5293227925896644,0.8462962962962963
scifact,2,disagreement__uniform_rank,Disagreement-adaptive budget + Uniform rank coverage,uniform_rank,Uniform rank coverage,disagreement,Disagreement-adaptive budget,Spread labels across the whole candidate ranking instead of only its head.,Allocate more labels where retrievers and model replicas disagree.,1620,12.0,0.07806267806267807,0.4,0.5679307043717791,0.539320987654321,0.757037037037037,0.6946925992025327,0.6592063492063491,0.8666666666666667,0.024451011928351196,0.037936507936507824,-0.06666666666666665,0.0012345679012345679,0.014814814814814815,0.013627656999929452,0.6467627194192674,0.8561728395061728
scifact,2,disagreement__head_tail,Disagreement-adaptive budget + Head–tail mixture,head_tail,Head–tail mixture,disagreement,Disagreement-adaptive budget,Label both likely positives/hard negatives and clear negatives.,Allocate more labels where retrievers and model replicas disagree.,1620,12.0,0.08148148148148149,0.2,0.5642609146371617,0.537336860670194,0.8844444444444444,0.6870368727788774,0.6434920634920636,0.9333333333333333,0.01679528550469589,0.022222222222222254,0.0,0.0049382716049382715,0.05185185185185185,0.09758566135977521,0.6749331838554806,0.837037037037037
scifact,2,disagreement__top_bm25,Disagreement-adaptive budget + Lexical-first selection,top_bm25,Lexical-first selection,disagreement,Disagreement-adaptive budget,Spend feedback on BM25's strongest candidates.,Allocate more labels where retrievers and model replicas disagree.,1620,12.0,0.0849002849002849,0.2,0.5666789162227143,0.5404320987654321,0.8844444444444444,0.6738507511115888,0.6268915343915343,0.9,0.003609163837407281,0.005621693121693028,-0.033333333333333326,0.008641975308641974,0.06666666666666667,0.002316067542558835,0.58462428279497,0.8339506172839506
scifact,2,disagreement__top_lsa,Disagreement-adaptive budget + Semantic-first selection,top_lsa,Semantic-first selection,disagreement,Disagreement-adaptive budget,Spend feedback on latent-semantic candidates.,Allocate more labels where retrievers and model replicas disagree.,1620,12.0,0.08262108262108261,0.0,0.5531349030710822,0.5256172839506172,0.8622222222222221,0.6702415872741815,0.6212698412698413,0.9333333333333333,0.0,0.0,0.0,0.006172839506172839,0.06666666666666667,0.014429936622395927,0.3478163527393783,0.7777777777777778
scifact,2,disagreement__top_char,Disagreement-adaptive budget + Character-robust selection,top_char,Character-robust selection,disagreement,Disagreement-adaptive budget,Favor candidates supported by character-level similarity.,Allocate more labels where retrievers and model replicas disagree.,1620,12.0,0.08547008547008547,0.2,0.5660850457109288,0.5409876543209876,0.8281481481481481,0.6889226593249683,0.6512698412698412,0.9,0.01868107205078684,0.029999999999999916,-0.033333333333333326,0.009259259259259259,0.05925925925925926,0.010606398148301208,0.5688748420664558,0.8364197530864198
scifact,2,disagreement__top_title,Disagreement-adaptive budget + Title-focused selection,top_title,Title-focused selection,disagreement,Disagreement-adaptive budget,Favor concise title evidence before full-document evidence.,Allocate more labels where retrievers and model replicas disagree.,1620,12.0,0.08319088319088319,0.2,0.5589866278695681,0.5280246913580248,0.8622222222222221,0.6952571500789245,0.6609920634920635,0.9166666666666666,0.02501556280474304,0.039722222222222214,-0.01666666666666672,0.006790123456790123,0.06666666666666667,0.005994278781207991,0.6509074707825978,0.817283950617284
scifact,2,disagreement__rrf_consensus,Disagreement-adaptive budget + Multi-retriever consensus,rrf_consensus,Multi-retriever consensus,disagreement,Disagreement-adaptive budget,Reward candidates jointly supported by several retrievers.,Allocate more labels where retrievers and model replicas disagree.,1620,12.0,0.08433048433048433,0.2,0.5660113110773353,0.5352733686067019,0.8622222222222221,0.6948118622273808,0.6547420634920635,0.9166666666666666,0.0245702749531993,0.03347222222222224,-0.01666666666666672,0.008024691358024692,0.05925925925925926,0.002225893846264592,0.5191814840115883,0.8425925925925926
scifact,2,disagreement__retriever_disagreement,Disagreement-adaptive budget + Retriever disagreement,retriever_disagreement,Retriever disagreement,disagreement,Disagreement-adaptive budget,"Label pairs on which lexical, character and semantic retrievers disagree.",Allocate more labels where retrievers and model replicas disagree.,1620,12.0,0.07920227920227921,0.0,0.5531349030710822,0.5256172839506172,0.8622222222222221,0.6702415872741815,0.6212698412698413,0.9333333333333333,0.0,0.0,0.0,0.0024691358024691358,0.02962962962962963,0.03579984918052768,0.445951345121419,0.8018518518518518
scifact,2,disagreement__uncertainty,Disagreement-adaptive budget + Current-model uncertainty,uncertainty,Current-model uncertainty,disagreement,Disagreement-adaptive budget,Label candidates nearest the current model's decision boundary.,Allocate more labels where retrievers and model replicas disagree.,1620,12.0,0.07806267806267807,0.4,0.5612265867927431,0.5336331569664904,0.8548148148148148,0.6755835865714216,0.6295502645502645,0.8666666666666667,0.005341999297240108,0.008280423280423221,-0.06666666666666665,0.0012345679012345679,0.014814814814814815,0.03724144829644097,0.6418426950772603,0.8240740740740741
scifact,2,disagreement__committee,Disagreement-adaptive budget + Bootstrap committee disagreement,committee,Bootstrap committee disagreement,disagreement,Disagreement-adaptive budget,Use epistemic disagreement across cheap student replicas.,Allocate more labels where retrievers and model replicas disagree.,1620,12.0,0.07806267806267807,0.4,0.5630391037897247,0.5357671957671958,0.9066666666666666,0.6745007805774315,0.626825396825397,0.9333333333333333,0.004259193303249975,0.005555555555555647,0.0,0.0012345679012345679,0.014814814814814815,0.04758613694597174,0.6164239210111123,0.7481481481481481
scifact,2,disagreement__false_positive,Disagreement-adaptive budget + Likely false-positive hunting,false_positive,Likely false-positive hunting,disagreement,Disagreement-adaptive budget,Inspect high-ranked candidates the current model distrusts.,Allocate more labels where retrievers and model replicas disagree.,1620,12.0,0.07749287749287749,0.0,0.5531349030710822,0.5256172839506172,0.8622222222222221,0.6702415872741815,0.6212698412698413,0.9333333333333333,0.0,0.0,0.0,0.0006172839506172839,0.007407407407407408,0.01027023685567173,0.5971455495666574,0.817283950617284
scifact,2,disagreement__false_negative,Disagreement-adaptive budget + Likely false-negative hunting,false_negative,Likely false-negative hunting,disagreement,Disagreement-adaptive budget,Inspect low-ranked candidates the current model considers promising.,Allocate more labels where retrievers and model replicas disagree.,1620,12.0,0.08319088319088319,0.2,0.5533245059580407,0.5331746031746031,0.84,0.6676340308765709,0.6186507936507937,0.9166666666666666,-0.0026075563976105665,-0.002619047619047632,-0.01666666666666672,0.006790123456790123,0.044444444444444446,0.0996946946706301,0.650650175191738,0.8141975308641975
scifact,2,disagreement__coverage,Disagreement-adaptive budget + Query-term coverage,coverage,Query-term coverage,disagreement,Disagreement-adaptive budget,Prefer documents covering more of the query's content.,Allocate more labels where retrievers and model replicas disagree.,1620,12.0,0.08376068376068375,0.4,0.56061806893602,0.5370987654320988,0.7362962962962963,0.6559927930981986,0.6093650793650794,0.8333333333333334,-0.014248794175982904,-0.011904761904761862,-0.09999999999999998,0.007407407407407408,0.05925925925925926,0.0033771957512255067,0.5736072055167623,0.8154320987654321
scifact,2,disagreement__rank_strata,Disagreement-adaptive budget + Rank-stratified sampling,rank_strata,Rank-stratified sampling,disagreement,Disagreement-adaptive budget,Guarantee supervision from each rank band.,Allocate more labels where retrievers and model replicas disagree.,1620,12.0,0.07806267806267807,0.4,0.5611596685080722,0.5333862433862434,0.757037037037037,0.686912348827406,0.6450396825396826,0.8666666666666667,0.016670761553224556,0.023769841269841274,-0.06666666666666665,0.0012345679012345679,0.014814814814814815,0.013175117491204062,0.6380641054224085,0.832716049382716
scifact,2,disagreement__mmr_relevance,Disagreement-adaptive budget + Relevance–diversity MMR,mmr_relevance,Relevance–diversity MMR,disagreement,Disagreement-adaptive budget,Balance likely relevance with non-redundant documents.,Allocate more labels where retrievers and model replicas disagree.,1620,12.0,0.08205128205128205,0.2,0.5662368739135187,0.5398765432098765,0.84,0.698233637281873,0.6547883597883597,0.9,0.02799205000769156,0.03351851851851839,-0.033333333333333326,0.005555555555555556,0.05185185185185185,0.006990247707308075,0.7421228583212252,0.8314814814814815
scifact,2,disagreement__mmr_uncertainty,Disagreement-adaptive budget + Uncertainty–diversity MMR,mmr_uncertainty,Uncertainty–diversity MMR,disagreement,Disagreement-adaptive budget,Cover multiple uncertain semantic regions.,Allocate more labels where retrievers and model replicas disagree.,1620,12.0,0.07749287749287749,0.8,0.5601531628792413,0.533395061728395,0.7185185185185186,0.666252962498472,0.6336309523809525,0.8166666666666667,-0.003988624775709493,0.012361111111111156,-0.1166666666666667,0.0006172839506172839,0.007407407407407408,0.047543609473440385,0.7736239932201526,0.8395061728395061
scifact,2,disagreement__farthest_first,Disagreement-adaptive budget + Semantic k-center coverage,farthest_first,Semantic k-center coverage,disagreement,Disagreement-adaptive budget,Cover the candidate manifold with farthest-first traversal.,Allocate more labels where retrievers and model replicas disagree.,1620,12.0,0.07692307692307693,0.8,0.5755403913697614,0.5637037037037037,0.8844444444444444,0.6626053188565574,0.6095502645502645,0.8833333333333333,-0.007636268417624104,-0.011719576719576796,-0.050000000000000044,0.0,0.0,0.04876876730977753,0.8828507154076187,0.7858024691358024
scifact,2,disagreement__cluster_representatives,Disagreement-adaptive budget + Candidate-cluster representatives,cluster_representatives,Candidate-cluster representatives,disagreement,Disagreement-adaptive budget,Take representative documents from multiple semantic clusters.,Allocate more labels where retrievers and model replicas disagree.,1620,12.0,0.07692307692307693,0.4,0.5585457256093024,0.5306790123456789,0.8548148148148148,0.6726051576093712,0.629484126984127,0.8666666666666667,0.0023635703351897464,0.00821428571428573,-0.06666666666666665,0.0,0.0,0.02679979635609521,0.6977441244655185,0.7679012345679013
scifact,2,disagreement__center_outlier_mix,Disagreement-adaptive budget + Typical–outlier mixture,center_outlier_mix,Typical–outlier mixture,disagreement,Disagreement-adaptive budget,Label both dense-region representatives and unusual candidates.,Allocate more labels where retrievers and model replicas disagree.,1620,12.0,0.07863247863247863,0.4,0.5608067294867222,0.5328924162257495,0.9066666666666666,0.6794339352928581,0.6332142857142858,0.9166666666666666,0.009192348018676633,0.011944444444444535,-0.01666666666666672,0.001851851851851852,0.022222222222222223,0.04297878304381429,0.7333158749121207,0.7561728395061729
scifact,2,disagreement__hard_negative,Disagreement-adaptive budget + Hard-negative proxy,hard_negative,Hard-negative proxy,disagreement,Disagreement-adaptive budget,Prioritize high retrieval score but low relevance probability.,Allocate more labels where retrievers and model replicas disagree.,1620,12.0,0.07806267806267807,0.2,0.5581815184287513,0.5271252204585538,0.8622222222222221,0.6697308269387394,0.6207142857142858,0.9166666666666666,-0.000510760335442062,-0.0005555555555555314,-0.01666666666666672,0.0012345679012345679,0.014814814814814815,0.006176771315527551,0.5767590207082254,0.8308641975308642
scifact,2,disagreement__leverage,Disagreement-adaptive budget + Feature-space leverage,leverage,Feature-space leverage,disagreement,Disagreement-adaptive budget,Select statistically influential examples in the student feature space.,Allocate more labels where retrievers and model replicas disagree.,1620,12.0,0.07863247863247863,0.2,0.5689230449076946,0.5421516754850089,0.8844444444444444,0.6819973287486274,0.636388888888889,0.9333333333333333,0.011755741474445913,0.015119047619047699,0.0,0.001851851851851852,0.022222222222222223,0.08047467363469395,0.7394494785202874,0.7858024691358024
scifact,2,disagreement__d_optimal,Disagreement-adaptive budget + D-optimal experimental design,d_optimal,D-optimal experimental design,disagreement,Disagreement-adaptive budget,Choose a set that maximizes feature-space information volume.,Allocate more labels where retrievers and model replicas disagree.,1620,12.0,0.07863247863247863,0.2,0.5669456315212746,0.5426807760141094,0.8844444444444444,0.6816160978523824,0.6359920634920635,0.9333333333333333,0.011374510578200936,0.014722222222222192,0.0,0.001851851851851852,0.022222222222222223,0.05390037309240412,0.7294866544229013,0.7703703703703704
scifact,2,disagreement__portfolio,Disagreement-adaptive budget + Diversified policy portfolio,portfolio,Diversified policy portfolio,disagreement,Disagreement-adaptive budget,"Hedge across exploitation, uncertainty, disagreement, coverage and diversity.",Allocate more labels where retrievers and model replicas disagree.,1620,12.0,0.08034188034188035,0.2,0.5665723214357055,0.5402469135802469,0.8844444444444444,0.6781927791101021,0.6318253968253968,0.9333333333333333,0.007951191835920635,0.01055555555555554,0.0,0.003703703703703704,0.037037037037037035,0.029019256506437136,0.6624076944810373,0.832716049382716
scifact,2,topic_balanced__random,Topic-balanced budget + Random exploration,random,Random exploration,topic_balanced,Topic-balanced budget,A random but reproducible sample is a strong unbiased control.,"Equalize total feedback across query clusters, not raw query counts.",1620,12.0,0.07806267806267807,0.4,0.5640014642189841,0.5369400352733686,0.8844444444444444,0.678840340262153,0.6332804232804233,0.9,0.008598752987971525,0.012010582010582027,-0.033333333333333326,0.0012345679012345679,0.014814814814814815,0.03191531907629084,0.6889421107592406,0.8518518518518519
scifact,2,topic_balanced__top_base,Topic-balanced budget + Top current-retriever candidates,top_base,Top current-retriever candidates,topic_balanced,Topic-balanced budget,Exploit the current retriever's highest-scoring documents.,"Equalize total feedback across query clusters, not raw query counts.",1620,12.0,0.08660968660968661,0.2,0.5710699704353309,0.539320987654321,0.8177777777777777,0.6781005116243474,0.6321031746031746,0.9,0.007858924350165886,0.01083333333333325,-0.033333333333333326,0.010493827160493827,0.07407407407407407,0.0013553591054162862,0.5343692809343338,0.8074074074074075
scifact,2,topic_balanced__uniform_rank,Topic-balanced budget + Uniform rank coverage,uniform_rank,Uniform rank coverage,topic_balanced,Topic-balanced budget,Spread labels across the whole candidate ranking instead of only its head.,"Equalize total feedback across query clusters, not raw query counts.",1620,12.0,0.07806267806267807,0.4,0.5658422337820058,0.539320987654321,0.7525925925925926,0.6946925992025327,0.6592063492063491,0.8666666666666667,0.024451011928351196,0.037936507936507824,-0.06666666666666665,0.0012345679012345679,0.014814814814814815,0.011786287875823033,0.6554698074305499,0.8425925925925926
scifact,2,topic_balanced__head_tail,Topic-balanced budget + Head–tail mixture,head_tail,Head–tail mixture,topic_balanced,Topic-balanced budget,Label both likely positives/hard negatives and clear negatives.,"Equalize total feedback across query clusters, not raw query counts.",1620,12.0,0.08547008547008547,0.2,0.5668661604945829,0.5380511463844797,0.8844444444444444,0.6936988038881284,0.6523809523809524,0.9333333333333333,0.023457216613946952,0.03111111111111109,0.0,0.009259259259259259,0.05925925925925926,0.08888329146084963,0.6756100074008659,0.8320987654320988
scifact,2,topic_balanced__top_bm25,Topic-balanced budget + Lexical-first selection,top_bm25,Lexical-first selection,topic_balanced,Topic-balanced budget,Spend feedback on BM25's strongest candidates.,"Equalize total feedback across query clusters, not raw query counts.",1620,12.0,0.08547008547008547,0.2,0.5668844333983362,0.5404320987654321,0.8622222222222221,0.6738507511115888,0.6268915343915343,0.9,0.003609163837407281,0.005621693121693028,-0.033333333333333326,0.009259259259259259,0.06666666666666667,0.002507732532642506,0.5896738492780261,0.817283950617284
scifact,2,topic_balanced__top_lsa,Topic-balanced budget + Semantic-first selection,top_lsa,Semantic-first selection,topic_balanced,Topic-balanced budget,Spend feedback on latent-semantic candidates.,"Equalize total feedback across query clusters, not raw query counts.",1620,12.0,0.0849002849002849,0.0,0.5531349030710822,0.5256172839506172,0.8622222222222221,0.6702415872741815,0.6212698412698413,0.9333333333333333,0.0,0.0,0.0,0.008641975308641974,0.05925925925925926,0.011395215730608246,0.3488410047358937,0.7555555555555555
scifact,2,topic_balanced__top_char,Topic-balanced budget + Character-robust selection,top_char,Character-robust selection,topic_balanced,Topic-balanced budget,Favor candidates supported by character-level similarity.,"Equalize total feedback across query clusters, not raw query counts.",1620,12.0,0.0849002849002849,0.2,0.5738617289763792,0.5520987654320987,0.8059259259259259,0.6896530551722826,0.6521031746031747,0.9,0.01941146789810111,0.03083333333333338,-0.033333333333333326,0.008641975308641974,0.05925925925925926,0.009506555729442173,0.5716016432753316,0.817283950617284
scifact,2,topic_balanced__top_title,Topic-balanced budget + Title-focused selection,top_title,Title-focused selection,topic_balanced,Topic-balanced budget,Favor concise title evidence before full-document evidence.,"Equalize total feedback across query clusters, not raw query counts.",1620,12.0,0.08376068376068375,0.2,0.5605790665911785,0.5303350970017636,0.8622222222222221,0.7000748971842226,0.6626587301587301,0.9166666666666666,0.029833309910041073,0.04138888888888881,-0.01666666666666672,0.007407407407407408,0.05925925925925926,0.005946034671347818,0.6556773583094279,0.782716049382716
scifact,2,topic_balanced__rrf_consensus,Topic-balanced budget + Multi-retriever consensus,rrf_consensus,Multi-retriever consensus,topic_balanced,Topic-balanced budget,Reward candidates jointly supported by several retrievers.,"Equalize total feedback across query clusters, not raw query counts.",1620,12.0,0.08547008547008547,0.2,0.5686948216200266,0.5397178130511464,0.8355555555555556,0.6885772681664537,0.6463095238095239,0.9,0.01833568089227222,0.025039682539682584,-0.033333333333333326,0.009259259259259259,0.05925925925925926,0.0016204027114091095,0.5236399270870068,0.8111111111111111
scifact,2,topic_balanced__retriever_disagreement,Topic-balanced budget + Retriever disagreement,retriever_disagreement,Retriever disagreement,topic_balanced,Topic-balanced budget,"Label pairs on which lexical, character and semantic retrievers disagree.","Equalize total feedback across query clusters, not raw query counts.",1620,12.0,0.08205128205128205,0.0,0.5531349030710822,0.5256172839506172,0.8622222222222221,0.6702415872741815,0.6212698412698413,0.9333333333333333,0.0,0.0,0.0,0.005555555555555556,0.044444444444444446,0.03183360309512527,0.4509392621340575,0.7703703703703704
scifact,2,topic_balanced__uncertainty,Topic-balanced budget + Current-model uncertainty,uncertainty,Current-model uncertainty,topic_balanced,Topic-balanced budget,Label candidates nearest the current model's decision boundary.,"Equalize total feedback across query clusters, not raw query counts.",1620,12.0,0.07806267806267807,0.4,0.5640692185874379,0.5370899470899471,0.8770370370370371,0.6878859281190396,0.6462169312169312,0.8666666666666667,0.01764434084485811,0.02494708994708994,-0.06666666666666665,0.0012345679012345679,0.014814814814814815,0.03559591387525017,0.6411187286730166,0.8160493827160494
scifact,2,topic_balanced__committee,Topic-balanced budget + Bootstrap committee disagreement,committee,Bootstrap committee disagreement,topic_balanced,Topic-balanced budget,Use epistemic disagreement across cheap student replicas.,"Equalize total feedback across query clusters, not raw query counts.",1620,12.0,0.07920227920227921,0.4,0.5630391037897247,0.5357671957671958,0.9066666666666666,0.6739900202419894,0.6262698412698413,0.9166666666666666,0.003748432967807913,0.0050000000000000044,-0.01666666666666672,0.0024691358024691358,0.022222222222222223,0.04281844643898952,0.6162732927887528,0.7327160493827161
scifact,2,topic_balanced__false_positive,Topic-balanced budget + Likely false-positive hunting,false_positive,Likely false-positive hunting,topic_balanced,Topic-balanced budget,Inspect high-ranked candidates the current model distrusts.,"Equalize total feedback across query clusters, not raw query counts.",1620,12.0,0.07806267806267807,0.0,0.5531349030710822,0.5256172839506172,0.8622222222222221,0.6702415872741815,0.6212698412698413,0.9333333333333333,0.0,0.0,0.0,0.0012345679012345679,0.014814814814814815,0.009852599361796438,0.6000663912958569,0.7913580246913581
scifact,2,topic_balanced__false_negative,Topic-balanced budget + Likely false-negative hunting,false_negative,Likely false-negative hunting,topic_balanced,Topic-balanced budget,Inspect low-ranked candidates the current model considers promising.,"Equalize total feedback across query clusters, not raw query counts.",1620,12.0,0.08376068376068375,0.2,0.5534146861645197,0.5331746031746031,0.84,0.667026439876355,0.6194841269841269,0.9166666666666666,-0.0032151473978264677,-0.0017857142857143904,-0.01666666666666672,0.007407407407407408,0.044444444444444446,0.0907810048924552,0.6509474136211254,0.808641975308642
scifact,2,topic_balanced__coverage,Topic-balanced budget + Query-term coverage,coverage,Query-term coverage,topic_balanced,Topic-balanced budget,Prefer documents covering more of the query's content.,"Equalize total feedback across query clusters, not raw query counts.",1620,12.0,0.08547008547008547,0.2,0.5627304431108722,0.5304585537918871,0.8622222222222221,0.663253309328922,0.6079828042328043,0.9,-0.006988277945259469,-0.013287037037037042,-0.033333333333333326,0.009259259259259259,0.06666666666666667,0.0035532561349280087,0.5760884943935606,0.8030864197530864
scifact,2,topic_balanced__rank_strata,Topic-balanced budget + Rank-stratified sampling,rank_strata,Rank-stratified sampling,topic_balanced,Topic-balanced budget,Guarantee supervision from each rank band.,"Equalize total feedback across query clusters, not raw query counts.",1620,12.0,0.07806267806267807,0.4,0.5581451802095733,0.5333862433862434,0.7525925925925926,0.6858007220838471,0.6438095238095239,0.9,0.015559134809665642,0.022539682539682637,-0.033333333333333326,0.0012345679012345679,0.014814814814814815,0.011456561861214814,0.6476469130427749,0.8265432098765432
scifact,2,topic_balanced__mmr_relevance,Topic-balanced budget + Relevance–diversity MMR,mmr_relevance,Relevance–diversity MMR,topic_balanced,Topic-balanced budget,Balance likely relevance with non-redundant documents.,"Equalize total feedback across query clusters, not raw query counts.",1620,12.0,0.0849002849002849,0.2,0.5639506956860489,0.5380246913580247,0.84,0.6870652999136644,0.6446031746031745,0.9,0.016823712639482902,0.023333333333333206,-0.033333333333333326,0.008641975308641974,0.05185185185185185,0.007182032458576155,0.7443131625652313,0.804320987654321
scifact,2,topic_balanced__mmr_uncertainty,Topic-balanced budget + Uncertainty–diversity MMR,mmr_uncertainty,Uncertainty–diversity MMR,topic_balanced,Topic-balanced budget,Cover multiple uncertain semantic regions.,"Equalize total feedback across query clusters, not raw query counts.",1620,12.0,0.07749287749287749,0.6,0.5637807387529523,0.5378042328042328,0.7837037037037037,0.6935035423554462,0.6493452380952381,0.8666666666666667,0.023261955081264718,0.028075396825396837,-0.06666666666666665,0.0006172839506172839,0.007407407407407408,0.045614329569133714,0.7749915635144269,0.8339506172839506
scifact,2,topic_balanced__farthest_first,Topic-balanced budget + Semantic k-center coverage,farthest_first,Semantic k-center coverage,topic_balanced,Topic-balanced budget,Cover the candidate manifold with farthest-first traversal.,"Equalize total feedback across query clusters, not raw query counts.",1620,12.0,0.07692307692307693,0.8,0.5747385561271423,0.5611111111111111,0.8133333333333334,0.6619832387649821,0.6123809523809525,0.8833333333333333,-0.008258348509199376,-0.008888888888888835,-0.050000000000000044,0.0,0.0,0.0447051997905896,0.8813857877696002,0.7932098765432098
scifact,2,topic_balanced__cluster_representatives,Topic-balanced budget + Candidate-cluster representatives,cluster_representatives,Candidate-cluster representatives,topic_balanced,Topic-balanced budget,Take representative documents from multiple semantic clusters.,"Equalize total feedback across query clusters, not raw query counts.",1620,12.0,0.08262108262108261,0.2,0.5657805312200854,0.5397178130511463,0.9066666666666666,0.6794339352928581,0.6332142857142858,0.9166666666666666,0.009192348018676633,0.011944444444444535,-0.01666666666666672,0.006172839506172839,0.02962962962962963,0.024401418735951554,0.681126801835166,0.7611111111111111
scifact,2,topic_balanced__center_outlier_mix,Topic-balanced budget + Typical–outlier mixture,center_outlier_mix,Typical–outlier mixture,topic_balanced,Topic-balanced budget,Label both dense-region representatives and unusual candidates.,"Equalize total feedback across query clusters, not raw query counts.",1620,12.0,0.07977207977207977,0.4,0.561315037348382,0.5334215167548501,0.9066666666666666,0.672552368671735,0.6240476190476192,0.9166666666666666,0.002310781397553474,0.002777777777777879,-0.01666666666666672,0.0030864197530864196,0.037037037037037035,0.039205750823020934,0.7324438589590567,0.7574074074074074
scifact,2,topic_balanced__hard_negative,Topic-balanced budget + Hard-negative proxy,hard_negative,Hard-negative proxy,topic_balanced,Topic-balanced budget,Prioritize high retrieval score but low relevance probability.,"Equalize total feedback across query clusters, not raw query counts.",1620,12.0,0.07806267806267807,0.2,0.5611960067272501,0.5271252204585538,0.8622222222222221,0.6693495960424946,0.6203174603174604,0.9166666666666666,-0.0008919912316869283,-0.0009523809523809268,-0.01666666666666672,0.0012345679012345679,0.014814814814814815,0.006235020911252057,0.5790911890842296,0.8104938271604938
scifact,2,topic_balanced__leverage,Topic-balanced budget + Feature-space leverage,leverage,Feature-space leverage,topic_balanced,Topic-balanced budget,Select statistically influential examples in the student feature space.,"Equalize total feedback across query clusters, not raw query counts.",1620,12.0,0.08091168091168091,0.2,0.5670803041743993,0.5426807760141094,0.8844444444444444,0.6812669329013131,0.6355555555555557,0.9333333333333333,0.011025345627131644,0.014285714285714346,0.0,0.004320987654320987,0.02962962962962963,0.07115204212842165,0.7320734589188187,0.7759259259259259
scifact,2,topic_balanced__d_optimal,Topic-balanced budget + D-optimal experimental design,d_optimal,D-optimal experimental design,topic_balanced,Topic-balanced budget,Choose a set that maximizes feature-space information volume.,"Equalize total feedback across query clusters, not raw query counts.",1620,12.0,0.07977207977207977,0.2,0.5669456315212746,0.5426807760141094,0.8844444444444444,0.6799937107733817,0.6342063492063493,0.9333333333333333,0.009752123499200183,0.012936507936508024,0.0,0.0030864197530864196,0.02962962962962963,0.05153153707951675,0.7257505231433444,0.75
scifact,2,topic_balanced__portfolio,Topic-balanced budget + Diversified policy portfolio,portfolio,Diversified policy portfolio,topic_balanced,Topic-balanced budget,"Hedge across exploitation, uncertainty, disagreement, coverage and diversity.","Equalize total feedback across query clusters, not raw query counts.",1620,12.0,0.08262108262108261,0.2,0.567252701973102,0.5432098765432098,0.8844444444444444,0.6807241066206957,0.6350396825396826,0.9166666666666666,0.01048251934651423,0.013769841269841265,-0.01666666666666672,0.006172839506172839,0.05185185185185185,0.026568464953222393,0.661080288445508,0.812962962962963
